Symbol,Long/Short,Entry Date,Average Entry Price,Exit Price,Exit Date,Profit %
CLNT,Long,1/1/2012,$0.25 ,$0.45 ,2/10/2012,80.00%
SCEI,Long,1/1/2012,$1.10 ,$1.65 ,3/1/2012,86.00%
MA,Short,1/1/2012,$383.70 ,$345.70 ,1/6/2012,9.77%
SMSI,Long,1/3/2012,$1.17 ,$1.64 ,1/18/2012,75.00%
DHT,Long,1/4/2012,$0.75 ,$1.50 ,1/30/2012,100.00%
HIMX,Long,1/5/2012,$1.01 ,$1.51 ,2/3/2012,50.00%
QTWW,Long,1/13/2012,$0.78 ,$1.08 ,2/2/2012,39.00%
UNG,Long,1/17/2012,$5.49 ,$5.70 ,1/24/2012,3.80%
QID,Long,1/19/2012,$39.10 ,$35.90 ,2/8/2012,-8.00%
LEDS,Long,1/20/2012,$3.50 ,$4.25 ,2/28/2012,25.00%
BOM,Long,1/25/2012,$10.50 ,$11.25 ,1/31/2012,7.14%
SDS,Long,1/26/2012,$17.08 ,$17.55 ,5/18/2012,2.70%
AAPL(s),Long,2/15/2012,$514.26 ,$489.26 ,2/16/2012,5.00%
MSFT,Long,2/16/2012,$31.50 ,$31.50 ,4/17/2012,undefined
CAT(s),Short,2/17/2012,$116.05 ,$109.55 ,3/5/2012,6.50%
MA,Long,2/29/2012,$427.75 ,$427.75 ,3/19/2012,undefined
AAPL,Short,3/13/2012,$563.75 ,$636.23 ,4/9/2012,-12.80%
LCC,Long,3/14/2012,$7.00 ,$7.63 ,3/15/2012,-9.00%
HOG(s),Short,3/14/2012,$50.00 ,$48.50 ,3/29/2012,3.00%
IBM,Long,3/15/2012,$205.90 ,$205.90 ,4/16/2012,undefined
VXX,Long,3/20/2012,$20.05 ,$15.70 ,3/26/2012,-21.00%
BAC(s),Long,4/8/2012,$10.05 ,$8.55 ,4/9/2012,15.00%
PCLN(s),Short,4/10/2012,$753.25 ,$719.75 ,4/11/2012,4.45%
SBUX(s),Short,4/12/2012,$60.35 ,$55.50 ,5/4/2012,8.35%
SHLD,Long,4/23/2012,$52.06 ,$58.06 ,5/1/2012,11.50%
COP,Long,4/25/2012,$70.90 ,$72.19 ,4/26/2012,1.80%
SPG,Short,5/1/2012,$157.65 ,$149.65 ,5/18/2012,8.50%
FSLR,Long,5/8/2012,$17.25 ,$15.25 ,5/15/2012,11.60%
ZNGA,Long,5/10/2012,$7.95 ,$8.50 ,5/15/2012,7.00%
JPM,Long,5/18/2012,$33.25 ,$35.40 ,6/22/2012,6.50%
GG,Long,5/18/2012,$32.95 ,$36.75 ,5/23/2012,11.50%
LVS,Long,5/21/2012,$45.95 ,$48.45 ,5/22/2012,5.40%
FB,Long,5/30/2012,$27.90 ,$33.20 ,6/15/2012,18.90%
USO,Long,5/30/2012,$33.10 ,$31.43 ,6/1/2012,-5.00%
SPY (S),Short,6/19/2012,$136.15 ,$134.75 ,6/20/2012,1.00%
AAPL,Short,6/25/2012,$571.25 ,$599.41 ,7/3/2012,-4.90%
NFLX,Long,6/27/2012,$66.65 ,$77.05 ,7/5/2012,15.60%
WMT,Short,7/9/2012,$71.50 ,$75.14 ,9/13/2012,-5.00%
CORN (S),Short,7/17/2012,$50.20 ,$47.85 ,7/24/2012,4.60%
USO (S),Short,7/19/2012,$34.75 ,$32.95 ,7/23/2012,5.18%
ROSG,Long,8/2/2012,$5.90 ,$4.52 ,8/6/2012,-23.00%
SDS,Long,8/7/2012,$14.58 ,$13.20 ,9/14/2012,-9.40%
QCOM (S),Long,8/14/2012,$62.33 ,$62.33 ,9/14/2012,-2.00%
GLD (S),Long,8/23/2012,$162.25 ,$168.25 ,9/7/2012,-3.70%
SHZ,Long,9/2/2012,$0.40 ,$0.03 ,10/11/2012,-25.00%
UUP,Long,9/13/2012,$21.74 ,$22.25 ,11/16/2012,2.30%
INTC,Long,9/17/2012,$23.25 ,$21.60 ,10/11/2012,-7.00%
GOOG(s),Short,9/24/2012,$755.00 ,$735.00 ,10/18/2012,2.65%
HPQ,Long,9/28/2012,$17.22 ,$15.22 ,10/3/2012,-11.60%
QCOR,Long,10/1/2012,$18.95 ,$22.35 ,10/9/2012,18.00%
SDS,Long,10/4/2012,$53.32 ,$55.01 ,10/10/2012,3.10%
CLNE,Long,10/11/2012,$13.15 ,$12.00 ,10/31/2012,-8.00%
UGA,Long,10/17/2012,$57.72 ,$56.06 ,10/20/2012,-2.87%
QQQ(s),Short,10/18/2012,$68.00 ,$65.00 ,10/25/2012,4.40%
IBM,Long,10/23/2012,$191.25 ,$197.25 ,11/1/2012,3.40%
SRPT,Long,10/24/2012,$23.15 ,$26.65 ,11/12/2012,15.12%
DANG,Long,11/7/2012,$3.85 ,$5.20 ,5/14/2013,35.00%
AAPL,Long,11/7/2012,$562.10 ,$578.50 ,12/4/2012,2.92%
XLF,Long,11/8/2012,$15.57 ,$15.55 ,11/28/2012,undefined
VVUS,Long,11/8/2012,$10.30 ,$12.50 ,11/21/2012,21.40%
IBM,Long,11/12/2012,$187.95 ,$193.15 ,11/23/2012,2.80%
HPQ,Short,11/13/2012,$12.95 ,$11.80 ,11/20/2012,8.80%
OCZ,Long,11/13/2012,$1.30 ,$1.83 ,12/3/2012,41.00%
BIDU,Long,11/14/2012,$94.85 ,$98.85 ,12/29/2012,4.22%
MCP,Long,11/14/2012,$6.05 ,$7.70 ,11/23/2012,27.30%
CVX,Long,11/15/2012,$100.90 ,$105.80 ,1/29/2013,4.90%
QLD,Long,11/16/2012,$48.95 ,$55.20 ,11/28/2012,12.80%
RENN,Long,11/27/2012,$3.45 ,$4.02 ,1/7/2013,16.50%
AMZN,Short,11/29/2012,$250.35 ,$268.50 ,1/7/2013,-7.30%
GNK,Long,12/13/2012,$2.76 ,$3.27 ,12/18/2012,18.50%
PEIX,Long,1/1/2013,$0.35 ,$0.45 ,2/4/2013,29.50%
ROSG,Long,1/3/2013,$4.25 ,$5.50 ,1/9/2013,30.00%
MPEL,Short,1/7/2013,$19.10 ,$20.19 ,1/22/2013,-5.65%
BBY,Long,1/8/2013,$11.90 ,$13.25 ,1/11/2013,11.30%
DISH,Short,1/15/2013,$37.05 ,$36.10 ,2/19/2013,2.56%
ROSG,Long,1/24/2013,$4.45 ,$5.45 ,2/11/2013,22.50%
DIA,Short,1/28/2013,$138.85 ,$142.20 ,3/5/2013,-2.40%
MMM,Short,1/29/2013,$101.35 ,$104.15 ,2/19/2013,-2.76%
FXY,Long,2/5/2013,$104.75 ,$107.45 ,2/25/2013,2.60%
JPM,Short,2/5/2013,$48.35 ,$50.65 ,3/7/2013,-4.75%
SDS,Long,2/19/2013,$46.60 ,$48.33 ,2/21/2013,3.71%
SMH,Short,2/19/2013,$35.75 ,$34.60 ,2/21/2013,3.20%
SDS,Long,2/22/2013,$47.48 ,$47.48 ,2/27/2013,undefined
RAX,Long,2/22/2013,$52.98 ,$55.00 ,2/27/2013,3.80%
SDS,Long,2/27/2013,$47.00 ,$48.15 ,3/4/2013,2.45%
AAPL,Long,3/4/2013,$422.25 ,$465.00 ,3/25/2013,10.20%
BAC,Short,3/5/2013,$11.60 ,$12.57 ,3/25/2013,-8.30%
SDS,Long,3/11/2013,$44.83 ,$45.75 ,3/20/2013,0.92%
OXY,Short,3/11/2013,$83.10 ,$79.60 ,3/19/2013,4.20%
SLV,Short,3/12/2013,$28.30 ,$25.95 ,4/3/2013,8.30%
IBM,Short,3/13/2013,$212.10 ,$210.05 ,4/17/2013,2.00%
EMC,Short,3/13/2013,$25.15 ,$22.83 ,4/5/2013,9.22%
KR,Short,3/21/2013,$32.05 ,$34.65 ,4/22/2013,-6.67%
AMZN,Short,3/27/2013,$265.50 ,$257.00 ,4/18/2013,3.20%
SDS,Long,3/28/2013,$43.94 ,$39.25 ,5/15/2013,-10.60%
VLO,Short,4/1/2013,$45.35 ,$39.95 ,4/3/2013,11.90%
IAU,Long,4/10/2013,$15.20 ,$14.46 ,4/12/2013,-4.86%
CVX,Short,4/10/2013,$119.30 ,$114.90 ,4/17/2013,3.70%
FXY,Long,4/10/2013,$98.25 ,$100.05 ,4/15/2013,1.83%
GLD,Long,4/15/2013,$135.11 ,$138.75 ,4/22/2013,2.70%
MHP,Long,4/17/2013,$51.90 ,$54.00 ,4/29/2013,4.04%
ABX,Long,4/17/2013,$17.98 ,$19.03 ,4/24/2013,5.84%
CAT,Long,4/18/2013,$80.60 ,$82.80 ,4/22/2013,2.72%
BIDU,Long,4/18/2013,$88.25 ,$89.25 ,4/29/2013,1.13%
ROSG,Long,4/22/2013,$3.20 ,$4.01 ,5/15/2013,25.00%
JPM,Short,4/24/2013,$48.85 ,$47.00 ,5/3/2013,3.80%
TGT,Short,4/25/2013,$70.80 ,$68.20 ,8/20/2013,3.70%
IBM,Short,4/29/2013,$198.85 ,$208.50 ,5/17/2013,-4.80%
CVX,Short,5/2/2013,$122.25 ,$120.75 ,6/6/2013,1.22%
DE,Short,5/8/2013,$92.45 ,$88.95 ,5/15/2013,3.80%
SWKS,Short,5/8/2013,$22.91 ,$21.91 ,6/7/2013,4.36%
PG,Short,5/9/2013,$78.65 ,$76.05 ,6/6/2013,3.31%
QQQ,Short,5/14/2013,$73.55 ,$72.05 ,6/5/2013,2.04%
FXY,Long,5/17/2013,$94.95 ,$98.95 ,6/3/2013,4.21%
JPM,Short,5/21/2013,$53.20 ,$55.62 ,5/30/2013,-4.50%
CEF,Long,5/21/2013,$15.54 ,$16.15 ,6/11/2013,1.85%
SPG,Short,5/28/2013,$77.65 ,$70.95 ,5/29/2013,3.77%
TSLA,Long,5/29/2013,$12.60 ,$17.65 ,5/29/2013,40.00%
IYR,Long,6/3/2013,$68.15 ,$65.95 ,6/12/2013,-3.22%
O,Long,6/4/2013,$43.80 ,$41.10 ,6/20/2013,-6.16%
HMC,Long,6/7/2013,$36.35 ,$36.35 ,6/12/2013,undefined
ADM,Short,6/17/2013,$33.45 ,$36.20 ,7/11/2013,-8.20%
SPY,Long,6/21/2013,$157.55 ,$161.55 ,6/27/2013,2.54%
RSOL,Long,6/21/2013,$2.15 ,$3.05 ,6/26/2013,35.00%
SCCO,Long,6/24/2013,$26.98 ,$27.90 ,7/11/2013,3.41%
RHT,Short,6/26/2013,$46.79 ,$48.48 ,6/27/2013,-3.80%
SPY,Short,7/8/2013,$164.04 ,$170.85 ,8/2/2013,-4.15%
CVX,Short,7/9/2013,$123.30 ,$118.80 ,8/19/2013,3.65%
USO,Short,7/10/2013,$37.26 ,$33.75 ,11/5/2013,6.29%
BBBY,Short,7/11/2013,$76.35 ,$71.75 ,9/4/2013,5.95%
TSLA,Short,7/15/2013,$132.95 ,$119.75 ,7/16/2013,13.60%
IWM,Short,7/18/2013,$104.15 ,$112.72 ,11/26/2013,-8.22%
RENN,Long,7/25/2013,$3.33 ,$3.78 ,8/1/2013,13.50%
TSLA,Short,7/30/2013,$137.20 ,$176.80 ,9/19/2013,-28.80%
DD,Short,7/31/2013,$58.55 ,$56.50 ,8/28/2013,3.45%
PEIX,Long,8/5/2013,$4.05 ,$4.20 ,12/4/2013,3.70%
ORCL,Short,8/6/2013,$33.12 ,$32.50 ,10/8/2013,1.88%
FCX,Short,8/8/2013,$30.29 ,$32.83 ,9/11/2013,-9.18%
XOM,Long,8/19/2013,$87.35 ,$87.50 ,9/10/2013,0.02%
RSOL,Long,8/20/2013,$1.79 ,$2.02 ,9/5/2013,14.44%
BBY,Short,9/4/2013,$37.55 ,$38.95 ,9/17/2013,-3.73%
SCTY,Long,9/4/2013,$28.65 ,$31.40 ,9/5/2013,6.11%
ARO,Long,9/4/2013,$7.80 ,$8.31 ,9/5/2013,6.41%
CMI,Short,9/9/2013,$129.85 ,$138.15 ,10/22/2013,-6.40%
MA,Short,9/9/2013,$686.25 ,$665.25 ,10/3/2013,3.00%
VZ,Long,9/10/2013,$45.80 ,$48.40 ,9/17/2013,4.14%
AMZN,Short,9/10/2013,$300.75 ,$296.75 ,10/9/2013,1.33%
GDX,Long,9/12/2013,$25.60 ,$27.15 ,9/19/2013,5.02%
FB,Short,9/12/2013,$45.45 ,$45.10 ,10/8/2013,2.73%
GS,Short,9/16/2013,$167.40 ,$159.60 ,9/27/2013,4.66%
KORS,Short,9/18/2013,$75.25 ,$72.40 ,10/8/2013,3.79%
NDAQ,Short,9/24/2013,$32.23 ,$31.80 ,10/9/2013,1.33%
FB,Short,9/24/2013,$49.30 ,$47.30 ,10/8/2013,4.06%
XONE,Long,9/30/2013,$43.10 ,$45.50 ,10/2/2013,5.57%
XONE,Long,10/3/2013,$42.35 ,$46.35 ,10/7/2013,9.45%
ROSG,Long,10/7/2013,$3.19 ,$4.14 ,1/13/2014,29.78%
KO,Long,10/7/2013,$37.07 ,$37.75 ,10/14/2013,1.88%
AMGN,Long,10/9/2013,$106.00 ,$111.80 ,10/15/2013,3.68%
AMZN,Short,10/11/2013,$310.35 ,$332.35 ,10/22/2013,-7.00%
BBY,Short,10/15/2013,$41.12 ,$44.10 ,11/5/2013,-7.24%
FB,Short,10/15/2013,$50.60 ,$49.45 ,10/29/2013,2.27%
WYNN,Long,10/15/2013,$170.10 ,$159.70 ,11/7/2013,6.12%
JCP,Long,10/21/2013,$6.70 ,$8.10 ,11/1/2013,21.00%
MA,Short,10/22/2013,$720.35 ,$754.15 ,11/18/2013,-4.62%
UNG,Long,10/24/2013,$18.36 ,$754.15 ,11/4/2013,-6.90%
FDX,Short,10/24/2013,$131.60 ,$131.60 ,1/27/2014,undefined
BA,Short,10/30/2013,$130.55 ,$128.55 ,1/29/2014,1.55%
NUAN,Long,10/31/2013,$15.54 ,$16.00 ,11/21/2013,3.00%
TWGP,Long,11/5/2013,$3.60 ,$3.45 ,12/18/2013,4.17%
SINA,Short,11/6/2013,$81.05 ,$74.85 ,11/8/2013,7.65%
MMM,Short,11/7/2013,$127.51 ,$125.31 ,12/3/2013,1.73%
FXA,Long,11/12/2013,$93.02 ,$93.90 ,11/21/2013,0.88%
PCLN,Short,11/14/2013,"$1,136.00 ","$1,111.00 ",2/3/2014,2.20%
CELG,Long,11/15/2013,$150.59 ,$166.25 ,12/6/2013,-10.39%
FB,Long,11/26/2013,$45.15 ,$52.05 ,12/12/2013,9.10%
ADBE,Short,11/29/2013,$56.90 ,$54.60 ,12/5/2013,4.04%
HAL,Long,12/5/2013,$50.50 ,$50.75 ,1/16/2014,0.50%
ECTE,Long,12/5/2013,$2.70 ,$3.60 ,12/11/2013,21.50%
NEWL,Long,12/5/2013,$1.95 ,$2.30 ,12/27/2013,17.95%
WPRT,Long,12/9/2013,$18.90 ,$17.75 ,12/18/2013,-6.08%
IBB,Short,12/10/2013,$121.75 ,$239.25 ,3/24/2014,-7.89%
CCXI,Long,12/12/2013,$5.19 ,$6.19 ,1/2/2014,19.27%
ABIO,Long,12/17/2013,$1.53 ,$2.20 ,1/8/2014,43.40%
TWGP,Long,12/20/2013,$2.53 ,$3.25 ,12/30/2013,28.50%
TWTR,Short,12/24/2013,$67.30 ,$64.80 ,12/27/2013,3.72%
YHOO,Short,12/27/2013,$40.47 ,$38.30 ,1/24/2014,5.36%
SINA,Short,1/3/2014,$82.72 ,$88.96 ,1/8/2014,-7.54%
TWTR,Short,1/3/2014,$70.35 ,$58.35 ,1/8/2014,17.04%
CORN,Long,1/6/2014,$31.00 ,$32.75 ,2/28/2014,5.65%
WYNN,Short,1/7/2014,$202.80 ,$199.80 ,1/24/2014,1.50%
FXC,Long,1/9/2014,$91.67 ,$92.27 ,7/29/2014,0.66%
AUY,Long,1/9/2014,$9.00 ,$9.60 ,1/14/2014,6.67%
VXX,Long,1/13/2014,$40.75 ,$43.75 ,1/24/2014,7.36%
AMZN,Short,1/13/2014,$398.35 ,$383.35 ,1/27/2014,3.77%
F,Short,1/17/2014,$16.64 ,$15.75 ,1/27/2014,4.39%
JCP,Long,1/21/2014,$6.45 ,$5.10 ,2/4/2014,-20.90%
ANF,Long,1/27/2014,$34.35 ,$36.65 ,1/28/2014,6.70%
BBBY,Long,1/27/2014,$64.44 ,$67.92 ,2/26/2014,3.92%
FCX,Long,1/27/2014,$32.35 ,$33.01 ,2/11/2014,2.05%
MCP,Long,1/29/2014,$4.85 ,$5.17 ,2/10/2014,6.60%
RIG,Long,1/29/2014,$43.70 ,$44.10 ,2/12/2014,0.95%
TGT,Long,1/31/2014,$56.27 ,$56.27 ,2/21/2014,undefined
SINA,Long,2/3/2014,$64.15 ,$67.15 ,2/7/2014,4.68%
PBR,Long,2/4/2014,$10.87 ,$11.43 ,2/7/2014,5.15%
BA,Long,2/5/2014,$119.50 ,$124.50 ,2/7/2014,4.18%
VXX,Long,2/11/2014,$43.85 ,$46.25 ,3/3/2014,5.47%
ADBE,Short,2/11/2014,$64.27 ,$61.65 ,4/4/2014,4.08%
YHOO,Short,2/12/2014,$38.45 ,$34.65 ,4/4/2014,9.36%
MOS,Short,2/12/2014,$48.27 ,$47.50 ,4/11/2014,1.59%
IWM,Short,2/14/2014,$114.20 ,$108.85 ,4/15/2014,4.69%
V,Short,2/14/2014,$225.85 ,$203.50 ,4/7/2014,9.90%
PRGO,Short,2/18/2014,$154.10 ,$167.40 ,3/4/2014,-8.63%
AUY,Long,2/24/2014,$10.41 ,$9.07 ,3/24/2014,-12.87%
FB,Short,2/24/2014,$70.15 ,$64.50 ,3/24/2014,8.05%
PCLN,Short,2/24/2014,"$1,315.00 ","$1,273.00 ",3/14/2014,3.20%
GILD,Short,2/27/2014,$83.80 ,$76.30 ,3/14/2014,8.95%
CGA,Long,3/4/2014,$3.00 ,$3.60 ,9/12/2014,20.00%
DD,Short,3/5/2014,$67.35 ,$64.95 ,6/27/2014,3.56%
SPY,Short,3/5/2014,$187.80 ,$186.20 ,3/18/2014,0.85%
PLUG,Long,3/11/2014,$5.76 ,$6.36 ,3/12/2014,10.42%
JJC,Long,3/11/2014,$35.79 ,$36.35 ,3/19/2014,1.56%
USO,Long,3/12/2014,$35.20 ,$35.57 ,3/18/2014,1.05%
JO,Short,3/12/2014,$40.65 ,$37.65 ,3/17/2014,7.65%
COG,Long,3/18/2014,$33.38 ,$34.45 ,4/10/2014,1.60%
WDC,Short,3/18/2014,$85.60 ,$93.35 ,4/1/2014,-9.05%
FDX,Short,3/21/2014,$136.38 ,$133.92 ,4/4/2014,1.80%
SH,Long,3/21/2014,$24.77 ,$25.04 ,4/17/2014,1.23%
GLD,Long,3/26/2014,$125.35 ,$127.10 ,4/10/2014,1.40%
PCLN,Long,3/27/2014,"$1,159.00 ","$1,210.00 ",3/28/2014,4.40%
DDD,Short,4/1/2014,$59.32 ,$54.65 ,4/7/2014,7.87%
VXX,Long,4/2/2014,$40.85 ,$43.05 ,4/7/2014,5.39%
QCOM,Short,4/3/2014,$81.25 ,$76.90 ,4/24/2014,5.35%
NFLX,Long,4/4/2014,$337.75 ,$354.15 ,4/10/2014,4.86%
LNKD,Long,4/7/2014,$158.35 ,$175.35 ,4/9/2014,10.75%
P,Long,4/7/2014,$25.95 ,$28.30 ,4/8/2014,9.09%
VXX,Long,4/9/2014,$41.15 ,$43.45 ,4/10/2014,5.56%
RIG,Short,4/9/2014,$40.89 ,$40.26 ,4/14/2014,1.52%
WFM,Long,4/14/2014,$49.29 ,$49.80 ,4/29/2014,1.01%
IBB,Long,4/14/2014,$211.40 ,$233.40 ,4/22/2014,10.41%
NFLX,Long,4/15/2014,$318.75 ,$340.75 ,4/21/2014,6.90%
VXX,Long,4/21/2014,$41.20 ,$37.15 ,5/12/2014,-9.83%
CVX,Short,4/21/2014,$124.20 ,$122.00 ,6/3/2014,1.77%
KO,Short,4/22/2014,$40.66 ,$42.40 ,7/21/2014,-4.28%
IYT,Short,4/22/2014,$138.30 ,$147.20 ,6/6/2014,-6.43%
IWM,Short,4/22/2014,$115.00 ,$108.70 ,5/16/2014,5.48%
FEYE,Long,4/25/2014,$35.95 ,$26.60 ,5/9/2014,-26.00%
CRM,Long,4/28/2014,$48.58 ,$51.22 ,5/7/2014,5.43%
DANG,Long,4/30/2014,$10.50 ,$11.55 ,5/1/2014,10.00%
UNH,Long,5/1/2014,$74.91 ,$78.15 ,5/27/2014,4.16%
TBT,Long,5/2/2014,$62.69 ,$57.77 ,7/29/2014,-7.85%
WHR,Short,5/2/2014,$152.54 ,$144.54 ,5/14/2014,5.25%
GE,Short,5/5/2014,$26.29 ,$26.77 ,5/30/2014,-1.80%
QCOM,Short,5/9/2014,$79.50 ,$75.95 ,7/24/2014,4.47%
BRK.B,Short,5/14/2014,$127.85 ,$132.95 ,8/11/2014,-3.99%
FB,Short,5/16/2014,$58.04 ,$64.45 ,6/13/2014,-10.90%
TSN,Short,5/16/2014,$40.90 ,$38.70 ,5/22/2014,5.25%
TWTR,Long,5/21/2014,$31.35 ,$33.35 ,5/28/2014,6.37%
VXX,Long,5/23/2014,$34.93 ,$29.43 ,6/18/2014,-15.74%
MA,Long,5/23/2014,$73.53 ,$76.95 ,7/15/2014,4.65%
HDGE,Long,5/27/2014,$12.41 ,$11.84 ,6/27/2014,-4.59%
MMM,Short,5/28/2014,$141.70 ,$139.50 ,8/1/2014,1.55%
IYT,Short,5/29/2014,$1.50 ,$1.90 ,6/12/2014,26.00%
RDY,Long,5/29/2014,$38.84 ,$42.20 ,6/30/2014,8.64%
NFLX,Short,5/30/2014,$420.00 ,$433.45 ,10/13/2014,-3.20%
DAL,Short,6/4/2014,$1.45 ,$2.90 ,6/12/2014,100.00%
TJX,Long,6/4/2014,$54.45 ,$55.23 ,6/13/2014,1.43%
BA,Short,6/5/2014,$137.05 ,$132.15 ,6/12/2014,3.57%
INTC,Short,6/6/2014,$28.20 ,$30.19 ,6/20/2014,-7.06%
CSCO,Short,6/11/2014,$25.04 ,$24.82 ,7/1/2014,0.88%
CLF,Long,6/16/2014,$14.00 ,$14.34 ,6/17/2014,-2.22%
CVX,Short,6/16/2014,$127.90 ,$126.35 ,8/4/2014,1.21%
MU,Short,6/17/2014,$32.10 ,$31.30 ,6/23/2014,2.50%
CVX,Long,6/18/2014,$1.41 ,$1.59 ,6/26/2014,12.77%
ORLY,Short,6/20/2014,$150.58 ,$146.68 ,7/23/2014,2.59%
DIS,Short,6/24/2014,$83.05 ,$89.25 ,8/15/2014,-7.47%
CMG,Short,6/27/2014,$596.25 ,$674.00 ,7/28/2014,-13.04%
IBB,Short,7/2/2014,$264.90 ,$253.40 ,7/8/2014,4.34%
SNDK,Short,7/7/2014,$106.80 ,$95.95 ,7/17/2014,9.97%
AXP,Long,7/7/2014,$95.37 ,$92.00 ,7/28/2014,-3.53%
USO,Long,7/11/2014,$37.38 ,$38.00 ,7/29/2014,0.83%
SMH,Short,7/15/2014,$50.77 ,$48.95 ,10/2/2014,3.59%
HPQ,Long,7/16/2014,$0.88 ,$1.18 ,8/1/2014,34.10%
EWC,Short,7/17/2014,$32.45 ,$31.45 ,8/8/2014,3.08%
UNG,Long,7/22/2014,$20.85 ,$20.93 ,8/1/2014,0.33%
IYT,Short,7/23/2014,$151.90 ,$147.60 ,7/29/2014,2.83%
FXE,Long,7/25/2014,$132.50 ,$129.55 ,8/29/2014,-2.22%
SINA,Long,7/29/2014,$49.25 ,$51.45 ,8/15/2014,4.47%
CORN,Long,7/30/2014,$26.14 ,$23.12 ,9/23/2014,-11.55%
SPY,Short,7/31/2014,$194.42 ,$193.86 ,8/11/2014,0.55%
PHO,Long,8/5/2014,$24.73 ,$25.98 ,9/3/2014,5.06%
HIMX,Long,8/6/2014,$6.47 ,$7.04 ,8/7/2014,8.81%
SWN,Long,8/6/2014,$40.29 ,$36.53 ,9/19/2014,-9.33%
SYMC,Short,8/7/2014,$24.62 ,$23.49 ,10/1/2014,4.59%
YHOO,Long,8/7/2014,$35.70 ,$37.75 ,8/18/2014,5.74%
WFM,Long,8/7/2014,$2.50 ,$2.91 ,8/11/2014,16.40%
EWG,Long,8/8/2014,$28.07 ,$29.01 ,8/15/2014,3.35%
S,Long,8/12/2014,$5.84 ,$6.36 ,9/10/2014,8.90%
DNDN,Long,8/13/2014,$1.35 ,$1.57 ,9/15/2014,16.30%
VXX,Long,8/15/2014,$28.30 ,$30.40 ,8/15/2014,7.42%
VXX,Long,8/18/2014,$27.85 ,$28.42 ,8/28/2014,2.05%
LUV,Short,8/18/2014,$30.57 ,$33.87 ,9/12/2014,-10.79%
TMUS,Long,8/18/2014,$28.75 ,$29.98 ,9/23/2014,4.28%
IYT,Short,8/19/2014,$151.00 ,$144.60 ,10/9/2014,4.24%
FB,Long,8/21/2014,$74.62 ,$72.50 ,10/14/2014,2.84%
URBN,Short,8/26/2014,$40.00 ,$37.72 ,10/1/2014,5.70%
IBB,Short,8/26/2014,$274.50 ,$262.50 ,10/10/2014,4.37%
SPY,Short,8/28/2014,$200.45 ,$191.45 ,10/10/2014,4.49%
NTAP,Short,9/3/2014,$42.13 ,$39.62 ,10/10/2014,5.96%
GS,Short,9/4/2014,$181.05 ,$180.85 ,10/10/2014,0.01%
X,Short,9/4/2014,$40.75 ,$38.30 ,9/9/2014,6.01%
CLF,Long,9/9/2014,$13.94 ,$15.25 ,9/16/2014,9.40%
QQQ,Short,9/9/2014,$100.25 ,$94.75 ,10/10/2014,5.49%
GLD,Long,9/11/2014,$119.42 ,$119.83 ,10/15/2014,0.34%
C,Short,9/11/2014,$52.13 ,$51.88 ,10/9/2014,0.48%
SDRL,Long,9/15/2014,$30.41 ,$27.02 ,9/25/2014,-11.15%
SGG,Long,9/15/2014,$41.67 ,$44.00 ,10/7/2014,5.59%
NUS,Long,9/17/2014,$41.56 ,$44.56 ,9/18/2014,7.22%
SINA,Long,9/18/2014,$45.25 ,$45.50 ,9/19/2014,0.55%
SLW,Long,9/22/2014,$20.95 ,$21.30 ,11/19/2014,1.67%
MCP,Long,9/24/2014,$0.40 ,$0.62 ,10/7/2014,56.96%
SWN,Long,9/25/2014,$1.00 ,$1.22 ,9/29/2014,22.00%
FXE,Long,9/25/2014,$125.50 ,$125.50 ,10/21/2014,undefined
CVX,Long,9/26/2014,$114.00 ,$114.40 ,10/21/2014,0.35%
AUY,Long,9/29/2014,$6.15 ,$4.60 ,10/30/2014,-25.20%
PSX,Long,9/30/2014,$81.54 ,$77.63 ,10/3/2014,-4.80%
BIDU,Short,9/30/2014,$219.48 ,$209.48 ,10/2/2014,4.56%
X,Long,10/1/2014,$37.95 ,$37.75 ,10/28/2014,-0.53%
SDRL,Long,10/2/2014,$24.50 ,$25.15 ,10/22/2014,2.65%
BIDU,Short,10/6/2014,$219.21 ,$206.67 ,10/10/2014,5.72%
USO,Long,10/8/2014,$32.80 ,$28.20 ,11/13/2014,-14.02%
DVN,Long,10/8/2014,$62.67 ,$58.17 ,10/17/2014,-7.18%
DRYS,Long,10/9/2014,$1.85 ,$1.87 ,10/17/2014,1.08%
S,Long,10/10/2014,$6.00 ,$4.70 ,11/6/2014,-21.67%
ADBE,Long,10/10/2014,$61.41 ,$64.54 ,10/21/2014,5.10%
FEYE,Long,10/13/2014,$24.95 ,$29.15 ,10/16/2014,16.83%
Z,Long,10/13/2014,$100.50 ,$110.26 ,10/21/2014,9.71%
SCTY,Long,10/13/2014,$49.80 ,$55.05 ,10/21/2014,10.54%
TAN,Long,10/14/2014,$33.35 ,$37.15 ,10/17/2014,12.07%
DD,Long,10/14/2014,$65.60 ,$68.25 ,10/21/2014,4.04%
PEIX,Long,10/15/2014,$9.55 ,$11.75 ,10/16/2014,23.04%
DAL,Long,10/15/2014,$32.66 ,$32.38 ,10/15/2014,-0.86%
SPY,Long,10/15/2014,$186.40 ,$192.21 ,10/23/2014,3.12%
WFC,Long,10/15/2014,$47.91 ,$50.03 ,10/24/2014,4.43%
FB,Short,10/21/2014,$77.50 ,$73.50 ,10/28/2014,5.16%
BAX,Long,10/21/2014,$68.55 ,$69.37 ,11/4/2014,1.16%
LUV,Short,10/22/2014,$34.78 ,$32.68 ,10/23/2014,6.04%
DIS,Long,10/22/2014,$88.40 ,$100.78 ,2/4/2015,-14.00%
QQQ,Short,10/23/2014,$104.30 ,$104.35 ,8/21/2015,undefined
IBB,Short,10/24/2014,$327.00 ,$342.50 ,3/25/2015,-4.74%
UNG,Long,10/28/2014,$19.13 ,$20.62 ,11/4/2014,7.70%
JPM,Short,10/28/2014,$59.30 ,$58.80 ,12/15/2014,0.84%
IWM,Short,10/28/2014,$114.05 ,$113.95 ,12/15/2014,0.01%
INTC,Short,10/28/2014,$33.55 ,$36.85 ,11/26/2014,-9.84%
SLV,Long,10/31/2014,$15.21 ,$16.36 ,12/9/2014,7.56%
SDRL,Long,11/4/2014,$20.45 ,$22.12 ,11/7/2014,8.17%
TRV,Short,11/5/2014,$101.55 ,$100.95 ,4/22/2015,0.59%
YHOO,Short,11/7/2014,$48.15 ,$47.75 ,1/13/2015,0.83%
VXX,Long,11/10/2014,$28.00 ,$33.25 ,12/11/2014,18.75%
WHR,Long,11/12/2014,$175.00 ,$179.50 ,4/28/2015,-2.57%
MMM,Short,11/13/2014,$158.45 ,$156.10 ,12/15/2014,1.48%
CRR,Long,11/14/2014,$42.67 ,$43.12 ,12/22/2014,1.06%
LAKE,Long,11/18/2014,$10.70 ,$12.20 ,11/25/2014,14.02%
CREE,Long,11/20/2014,$34.96 ,$35.71 ,12/1/2014,2.13%
FXY,Long,11/20/2014,$82.39 ,$83.86 ,12/16/2014,1.79%
CELG,Short,11/25/2014,$111.00 ,$106.75 ,12/23/2014,3.83%
ICLD,Long,11/26/2014,$2.72 ,$3.25 ,5/4/2015,19.49%
USO,Long,11/28/2014,$25.60 ,$23.31 ,12/10/2014,-8.95%
DXD,Long,12/2/2014,$21.78 ,$22.78 ,12/12/2014,4.59%
VZ,Long,12/3/2014,$48.92 ,$45.65 ,12/12/2014,-6.70%
SDRL,Long,12/3/2014,$13.50 ,$11.65 ,12/8/2014,-13.70%
SWHC,Long,12/8/2014,$9.80 ,$11.55 ,1/20/2015,17.86%
CRM,Long,12/9/2014,$54.85 ,$55.50 ,12/16/2014,1.18%
S,Long,12/10/2014,$4.36 ,$3.82 ,12/16/2014,-12.30%
X,Long,12/12/2014,$26.12 ,$27.42 ,4/15/2015,4.98%
AAPL,Long,12/15/2014,$107.95 ,$114.20 ,1/26/2015,5.79%
BABA,Long,12/15/2014,$97.22 ,$81.35 ,3/3/2015,-16.32%
SLB,Long,12/16/2014,$78.65 ,$85.35 ,12/18/2014,8.52%
MSFT,Long,12/16/2014,$45.81 ,$46.35 ,1/6/2015,1.18%
WYNN,Long,12/17/2014,$137.15 ,$149.15 ,12/19/2014,8.75%
BA,Long,12/18/2014,$123.89 ,$129.04 ,12/24/2014,4.16%
HD,Short,12/24/2014,$104.15 ,$100.95 ,1/5/2015,3.07%
HD,Short,12/24/2014,$104.15 ,$100.95 ,1/5/2015,3.07%
LAKE,Long,12/26/2014,$8.85 ,$10.20 ,12/30/2014,15.25%
CLF,Long,12/26/2014,$6.12 ,$6.80 ,12/29/2014,11.11%
RIG,Long,12/30/2014,$18.82 ,$18.42 ,2/3/2015,-2.13%
SCTY,Long,12/31/2014,$53.25 ,$55.65 ,2/5/2015,4.41%
SWN,Long,1/5/2015,$25.95 ,$26.70 ,2/3/2015,2.89%
BAX,Long,1/6/2015,$71.05 ,$72.13 ,1/14/2015,1.51%
XONE,Long,1/7/2015,$15.23 ,$16.25 ,2/11/2015,6.70%
HD,Short,1/8/2015,$106.90 ,$104.30 ,2/12/2015,2.43%
CUBA,Long,1/8/2015,$8.47 ,$9.64 ,1/23/2015,13.81%
CRR,Long,1/8/2015,$36.33 ,$39.23 ,2/10/2015,7.98%
USO,Long,1/9/2015,$18.40 ,$19.05 ,2/3/2015,3.53%
SDRL,Long,1/9/2015,$10.82 ,$12.37 ,2/3/2015,14.33%
GM,Short,1/9/2015,$36.19 ,$33.55 ,1/29/2015,7.27%
ADBE,Long,1/14/2015,$70.25 ,$71.28 ,1/28/2015,1.45%
BBRY,Long,1/20/2015,$9.89 ,$10.85 ,1/22/2015,9.71%
JRJC,Long,1/21/2015,$5.00 ,$5.80 ,2/17/2015,16.00%
IBIO,Long,1/21/2015,$0.47 ,$0.68 ,2/5/2015,44.68%
BAC,Long,1/22/2015,$15.52 ,$15.86 ,1/27/2015,2.15%
S,Long,1/27/2015,$4.35 ,$4.62 ,2/4/2015,6.21%
BBRY,Long,1/29/2015,$9.95 ,$10.85 ,2/26/2015,9.05%
PBR,Long,1/30/2015,$5.95 ,$6.97 ,2/3/2015,17.14%
BAX,Long,2/3/2015,$70.23 ,$70.03 ,4/9/2015,-0.29%
SNY,Long,2/4/2015,$46.35 ,$48.05 ,2/5/2015,3.67%
USO,Long,2/4/2015,$18.15 ,$19.75 ,2/6/2015,8.82%
ARNA,Long,2/5/2015,$4.38 ,$4.89 ,2/19/2015,11.64%
SINA,Long,2/9/2015,$36.97 ,$37.07 ,4/8/2015,0.27%
DDD,Long,2/10/2015,$28.80 ,$31.60 ,2/11/2015,9.72%
YOKU,Long,2/11/2015,$17.40 ,$16.10 ,4/8/2015,-7.47%
AVAV,Long,2/11/2015,$26.25 ,$27.80 ,2/18/2015,5.91%
SPY,Short,2/12/2015,$208.05 ,$211.74 ,2/24/2015,-1.77%
GS,Short,2/13/2015,$190.85 ,$187.50 ,3/6/2015,1.75%
HD,Long,2/13/2015,$112.10 ,$108.40 ,4/29/2015,3.30%
PLUG,Long,2/19/2015,$2.76 ,$2.88 ,11/3/2015,4.35%
TMUS,Long,2/20/2015,$31.80 ,$31.66 ,2/20/2015,-0.44%
SLW,Long,2/23/2015,$20.96 ,$21.10 ,5/14/2015,0.67%
MOBI,Long,2/24/2015,$3.74 ,$4.21 ,2/26/2015,12.57%
XONE,Long,2/24/2015,$14.65 ,$16.05 ,2/26/2015,9.56%
RIG,Long,2/24/2015,$14.65 ,$15.35 ,3/18/2015,4.78%
HST,Long,2/26/2015,$21.13 ,$20.46 ,4/29/2015,-3.17%
KNDI,Long,2/26/2015,$13.40 ,$14.77 ,3/16/2015,10.22%
ADBE,Short,3/2/2015,$79.45 ,$77.20 ,3/4/2015,2.83%
MBLY,Long,3/3/2015,$33.45 ,$37.75 ,3/5/2015,12.85%
NQ,Long,3/3/2015,$3.97 ,$4.37 ,4/16/2015,10.08%
SDRL,Long,3/4/2015,$10.04 ,$10.68 ,4/7/2015,6.38%
CHK,Long,3/5/2015,$14.55 ,$15.42 ,4/7/2015,5.98%
FXE,Long,3/6/2015,$106.95 ,$108.35 ,4/6/2015,1.31%
EXC,Long,3/9/2015,$32.11 ,$33.64 ,4/21/2015,4.74%
SWN,Long,3/9/2015,$23.20 ,$24.70 ,4/7/2015,6.47%
GENE,Long,3/11/2015,$4.59 ,$5.20 ,3/13/2015,13.29%
MU,Long,3/12/2015,$28.06 ,$27.13 ,4/1/2015,-3.31%
MOS,Long,3/16/2015,$45.95 ,$47.95 ,3/18/2015,4.35%
UCO,Long,3/18/2015,$5.95 ,$6.70 ,3/18/2015,11.77%
GENE,Long,3/19/2015,$3.66 ,$4.53 ,3/30/2015,23.77%
LULU,Short,3/20/2015,$64.65 ,$61.30 ,3/25/2015,5.18%
JRJC,Long,3/23/2015,$5.15 ,$5.02 ,4/8/2015,-2.52%
WFM,Long,3/25/2015,$52.64 ,$48.79 ,4/17/2015,-7.31%
BAC,Long,3/26/2015,$15.35 ,$15.89 ,4/14/2015,3.52%
LL,Long,3/26/2015,$29.85 ,$34.00 ,4/1/2015,13.90%
QCOM,Long,3/26/2015,$66.00 ,$68.95 ,3/30/2015,4.47%
SSYS,Long,3/31/2015,$51.75 ,$55.45 ,4/7/2015,7.15%
Z,Long,4/1/2015,$96.50 ,$97.04 ,4/16/2015,0.56%
VXX,Long,4/7/2015,$22.95 ,$24.35 ,8/24/2015,6.10%
FXP,Long,4/9/2015,$26.50 ,$28.00 ,4/17/2015,5.66%
DIS,Short,4/10/2015,$113.54 ,$113.50 ,8/4/2015,0.01%
DD,Long,4/10/2015,$71.96 ,$72.40 ,4/20/2015,0.61%
SWKS,Short,4/10/2015,$99.15 ,$93.50 ,4/24/2015,5.70%
IBB,Short,4/13/2015,$359.70 ,$340.70 ,4/28/2015,5.28%
IWM,Short,4/13/2015,$126.00 ,$120.90 ,4/30/2015,5.10%
CNET,Long,4/14/2015,$1.72 ,$1.00 ,12/28/2016,-41.86%
LL,Long,4/15/2015,$33.30 ,$33.46 ,4/28/2015,0.48%
JPM,Short,4/15/2015,$63.90 ,$61.80 ,4/28/2015,3.29%
ASML,Long,4/17/2015,$94.56 ,$103.97 ,4/22/2015,9.95%
SLB,Short,4/17/2015,$94.15 ,$90.65 ,4/21/2015,3.72%
SLV,Long,4/21/2015,$15.27 ,$15.97 ,4/29/2015,4.58%
FXP,Long,4/22/2015,$25.20 ,$26.87 ,5/5/2015,6.63%
UNG,Long,4/23/2015,$12.80 ,$13.55 ,4/30/2015,5.86%
DE,Short,4/27/2015,$89.00 ,$92.50 ,7/24/2015,-3.93%
SRPT,Long,4/27/2015,$12.97 ,$14.40 ,5/6/2015,11.03%
EUO,Long,4/28/2015,$25.84 ,$24.06 ,5/6/2015,-6.88%
VLTC,Long,4/30/2015,$8.60 ,$9.55 ,4/30/2015,11.05%
SSYS,Long,4/30/2015,$35.52 ,$38.02 ,6/8/2015,7.04%
SDS,Long,5/4/2015,$20.25 ,$21.01 ,6/29/2015,2.96%
SAVE,Long,5/5/2015,$67.37 ,$62.56 ,5/22/2015,-7.13%
Z,Long,5/5/2015,$91.45 ,$98.25 ,5/11/2015,7.44%
VA,Long,5/6/2015,$27.65 ,$29.05 ,5/7/2015,5.06%
TWTR,Long,5/7/2015,$37.20 ,$38.70 ,7/14/2015,4.03%
AA,Long,5/11/2015,$13.02 ,$9.52 ,3/2/2016,-26.88%
JRJC,Long,5/12/2015,$5.35 ,$6.07 ,5/22/2015,13.46%
LL,Long,5/12/2015,$26.45 ,$21.80 ,5/21/2015,-17.58%
FLIR,Long,5/12/2015,$31.63 ,$30.79 ,5/28/2015,2.65%
BIS,Long,5/19/2015,$30.50 ,$26.80 ,6/22/2015,-12.13%
MSFT,Long,5/21/2015,$47.51 ,$46.97 ,7/21/2015,-1.13%
AAPL,Short,5/21/2015,$131.40 ,$125.65 ,6/9/2015,4.38%
SWKS,Short,5/21/2015,$105.90 ,$99.40 ,6/9/2015,6.14%
ICLD,Long,5/26/2015,$1.56 ,$0.03 ,12/28/2016,-98.09%
ADSK,Long,5/26/2015,$55.11 ,$52.20 ,6/26/2015,-5.28%
VLTC,Long,5/28/2015,$6.69 ,$7.69 ,6/3/2015,14.95%
WYNN,Long,6/1/2015,$98.45 ,$106.45 ,6/4/2015,8.13%
ICLD,Long,6/2/2015,$2.65 ,$3.35 ,6/3/2015,26.42%
TZA,Long,6/3/2015,$9.40 ,$9.72 ,6/29/2015,3.40%
SLV,Long,6/5/2015,$15.29 ,$15.28 ,10/6/2015,0.00%
CL,Long,6/8/2015,$65.14 ,$67.24 ,7/15/2015,3.22%
SHLD,Long,6/9/2015,$23.75 ,$24.10 ,8/7/2015,1.47%
DRYS,Long,6/10/2015,$0.69 ,$42.25 ,11/14/2016,-75.00%
IWM,Short,6/11/2015,$126.10 ,$124.90 ,6/29/2015,0.95%
SSYS,Long,6/12/2015,$35.44 ,$37.62 ,6/18/2015,6.15%
KMI,Long,6/15/2015,$38.76 ,$39.51 ,6/26/2015,1.92%
SHLD,Long,6/17/2015,$27.07 ,$29.05 ,6/19/2015,7.31%
AAL,Long,6/18/2015,$39.85 ,$40.63 ,6/29/2015,2.07%
LL,Long,6/18/2015,$20.85 ,$20.20 ,10/9/2015,-3.12%
DDD,Long,6/19/2015,$18.62 ,$12.50 ,3/3/2016,-32.87%
CHK,Long,6/19/2015,$11.60 ,$11.80 ,7/7/2015,1.72%
SWKS,Short,6/23/2015,$110.25 ,$103.15 ,6/29/2015,6.44%
UNG,Long,6/26/2015,$10.97 ,$9.71 ,12/28/2016,-11.49%
CRM,Long,6/29/2015,$71.66 ,$72.92 ,7/22/2015,3.25%
GREK,Long,6/29/2015,$9.91 ,$11.16 ,7/1/2015,12.61%
SSYS,Long,6/30/2015,$34.94 ,$36.54 ,7/27/2015,4.58%
GREK,Long,7/1/2015,$10.02 ,$11.27 ,7/10/2015,12.48%
FXI,Long,7/6/2015,$42.70 ,$37.60 ,8/20/2015,-11.94%
SINA,Long,7/7/2015,$44.15 ,$47.35 ,7/9/2015,7.25%
GDX,Long,7/13/2015,$1.34 ,$1.49 ,8/12/2015,11.19%
ABX,Long,7/14/2015,$8.54 ,$8.44 ,8/20/2015,-1.17%
JOY,Short,7/16/2015,$31.50 ,$28.77 ,7/24/2015,8.66%
TWTR,Long,7/16/2015,$35.80 ,$36.05 ,7/28/2015,0.70%
BIS,Long,7/20/2015,$24.17 ,$26.20 ,6/24/2015,8.40%
CHK,Long,7/22/2015,$8.79 ,$9.05 ,8/7/2015,2.96%
X,Long,7/24/2015,$16.50 ,$17.58 ,7/28/2015,6.55%
MU,Long,7/27/2015,$18.15 ,$19.55 ,7/28/2015,7.71%
NKE,Short,7/29/2015,$114.55 ,$110.90 ,8/12/2015,3.19%
NQ,Long,7/30/2015,$3.50 ,$4.20 ,8/26/2015,20.00%
JEC,Short,7/31/2015,$42.45 ,$41.51 ,8/21/2015,2.40%
XLE,Long,8/3/2015,$68.50 ,$68.60 ,10/7/2015,0.01%
USO,Long,8/7/2015,$14.65 ,$15.55 ,8/31/2015,6.14%
CHK,Long,8/7/2015,$7.99 ,$8.41 ,9/16/2015,5.26%
SUNE,Long,8/11/2015,$12.70 ,$15.50 ,8/13/2015,22.05%
SGG,Long,8/14/2015,$25.63 ,$27.47 ,9/3/2015,7.18%
SLB,Short,8/17/2015,$83.58 ,$80.46 ,8/21/2015,3.51%
MU,Long,8/18/2015,$15.24 ,$16.24 ,8/28/2015,6.56%
SUNE,Long,8/20/2015,$7.37 ,$6.82 ,12/17/2015,-7.46%
WYNN,Long,8/21/2015,$73.69 ,$70.69 ,10/7/2015,-4.07%
QQQ,Long,8/24/2015,$97.95 ,$102.15 ,8/25/2015,4.29%
QQQ,Long,8/24/2015,$97.35 ,$100.35 ,8/24/2015,3.08%
AAPL,Long,8/24/2015,$96.07 ,$103.27 ,8/24/2015,7.50%
QQQ,Long,8/25/2015,$99.15 ,$102.35 ,8/26/2015,3.23%
ABX,Long,8/26/2015,$6.58 ,$7.28 ,8/28/2015,10.64%
V,Long,8/31/2015,$71.67 ,$67.20 ,9/28/2015,-6.23%
QCOM,Long,9/2/2015,$55.25 ,$57.35 ,10/7/2015,3.80%
SINA,Long,9/3/2015,$38.25 ,$40.20 ,9/16/2015,5.10%
ED,Long,9/3/2015,$61.78 ,$64.54 ,10/7/2015,4.45%
WFM,Long,9/4/2015,$32.06 ,$33.11 ,10/23/2015,3.22%
NFLX,Long,9/8/2015,$93.70 ,$100.70 ,9/9/2015,7.47%
RSX,Short,9/10/2015,$15.62 ,$17.23 ,10/9/2015,-10.03%
TWTR,Long,9/11/2015,$27.35 ,$28.55 ,10/7/2015,4.39%
NFLX,Long,9/14/2015,$94.95 ,$102.15 ,9/16/2015,7.58%
YHOO,Long,9/21/2015,$31.05 ,$32.15 ,10/8/2015,3.54%
BABA,Long,9/24/2015,$59.00 ,$64.15 ,10/5/2015,8.73%
IBB,Long,9/28/2015,$293.50 ,$311.50 ,10/2/2015,6.13%
X,Long,10/1/2015,$9.85 ,$11.60 ,10/6/2015,17.77%
HD,Short,10/7/2015,$121.85 ,$120.25 ,10/13/2015,1.31%
XYL,Short,10/7/2015,$33.75 ,$36.28 ,10/28/2015,-7.49%
SDS,Long,10/8/2015,$20.96 ,$20.85 ,12/14/2015,-0.52%
TZA,Long,10/9/2015,$44.25 ,$47.05 ,10/14/2015,6.78%
VXX,Long,10/13/2015,$19.80 ,$21.35 ,11/13/2015,7.83%
AAPL,Short,10/13/2015,$116.75 ,$114.40 ,11/13/2015,2.01%
LL,Long,10/15/2015,$16.99 ,$18.20 ,12/15/2015,7.12%
TZA,Long,10/19/2015,$44.00 ,$45.40 ,11/13/2015,3.18%
QID,Long,10/22/2015,$29.98 ,$30.98 ,11/13/2015,3.34%
TRV,Long,10/26/2015,$112.85 ,$108.95 ,1/6/2016,3.46%
FB,Short,10/28/2015,$103.95 ,$101.35 ,11/16/2015,2.05%
BIS,Long,10/29/2015,$30.90 ,$32.50 ,12/11/2015,5.20%
GLD,Long,11/6/2015,$104.03 ,$105.82 ,1/7/2016,1.75%
SKX,Long,11/10/2015,$28.51 ,$25.45 ,11/13/2015,-10.73%
UCO,Long,11/13/2015,$15.60 ,$10.55 ,3/17/2016,-32.37%
CHK,Long,11/16/2015,$5.38 ,$4.20 ,3/2/2016,-21.93%
PFE,Long,11/19/2015,$32.00 ,$32.65 ,12/11/2015,2.03%
QID,Long,11/20/2015,$28.90 ,$30.15 ,12/11/2015,4.33%
TZA,Long,11/20/2015,$41.25 ,$43.75 ,12/8/2015,6.06%
VLTC,Long,11/24/2015,$3.45 ,$4.40 ,11/24/2015,27.54%
VXX,Long,11/25/2015,$18.64 ,$21.34 ,12/11/2015,14.50%
SSYS,Long,12/3/2015,$22.22 ,$20.55 ,3/1/2016,-7.52%
VLTC,Long,12/7/2015,$5.00 ,$5.55 ,12/17/2015,11.00%
X,Long,12/8/2015,$6.99 ,$8.24 ,12/10/2015,17.88%
ZFGN,Long,12/10/2015,$6.25 ,$9.05 ,1/20/2016,44.80%
QCOM,Long,12/11/2015,$47.80 ,$50.50 ,12/29/2015,5.64%
TNA,Long,12/14/2015,$59.30 ,$63.30 ,12/15/2015,6.75%
POT,Long,12/14/2015,$16.90 ,$18.05 ,12/23/2015,6.18%
DVN,Long,12/16/2015,$30.00 ,$33.20 ,12/23/2015,10.67%
X,Long,12/17/2015,$7.50 ,$8.60 ,12/21/2015,14.67%
SUNE,Long,12/22/2015,$4.55 ,$5.15 ,12/22/2015,13.19%
DGAZ,Long,12/29/2015,$12.45 ,$15.20 ,12/30/2015,22.09%
GILD,Long,1/5/2016,$99.23 ,$92.51 ,1/13/2016,-6.76%
POT,Long,1/6/2016,$15.77 ,$16.82 ,2/4/2016,6.66%
JOY,Long,1/6/2016,$10.23 ,$11.08 ,2/4/2016,8.31%
CMG,Long,1/6/2016,$431.00 ,$474.40 ,2/2/2016,10.06%
KMI,Long,1/6/2016,$13.82 ,$15.02 ,1/22/2016,8.68%
AXP,Long,1/7/2016,$63.80 ,$61.10 ,3/18/2016,-4.23%
QCOM,Long,1/7/2016,$46.93 ,$49.10 ,2/18/2016,4.62%
FEYE,Long,1/7/2016,$18.22 ,$17.68 ,3/1/2016,-2.96%
AMBA,Long,1/8/2016,$43.60 ,$46.60 ,2/29/2016,6.88%
TWTR,Long,1/8/2016,$19.94 ,$20.24 ,3/4/2016,1.51%
JPM,Long,1/11/2016,$58.75 ,$59.80 ,3/2/2016,1.79%
DVN,Long,1/12/2016,$25.15 ,$27.25 ,1/22/2016,8.35%
PANW,Long,1/14/2016,$151.47 ,$155.24 ,1/19/2016,2.50%
DIS,Long,1/15/2016,$93.50 ,$95.40 ,2/17/2016,2.03%
JWN,Long,1/19/2016,$45.27 ,$49.36 ,2/8/2016,9.02%
AMZN,Long,1/20/2016,$560.00 ,$592.00 ,1/22/2016,5.71%
PANW,Long,1/20/2016,$136.50 ,$150.05 ,1/21/2016,9.93%
LL,Long,1/26/2016,$12.55 ,$14.55 ,2/1/2016,15.94%
MU,Long,1/28/2016,$9.88 ,$10.68 ,1/29/2016,8.10%
KMI,Long,2/2/2016,$14.47 ,$17.47 ,2/17/2016,20.73%
LL,Short,2/2/2016,$12.73 ,$9.19 ,2/16/2016,9.19%
V,Long,2/3/2016,$72.96 ,$73.80 ,2/26/2016,1.15%
AMZN,Long,2/5/2016,$505.17 ,$531.50 ,2/17/2016,5.21%
TSLA,Long,2/5/2016,$156.00 ,$167.20 ,2/17/2016,7.18%
NFLX,Long,2/5/2016,$84.90 ,$91.90 ,2/10/2016,8.25%
GLD,Short,2/8/2016,$123.43 ,$120.90 ,10/4/2016,2.05%
GOOG,Long,2/8/2016,$667.00 ,$704.50 ,2/17/2016,5.62%
QLD,Long,2/8/2016,$57.35 ,$61.80 ,2/16/2016,7.76%
BIB,Long,2/9/2016,$36.89 ,$40.61 ,2/16/2016,10.33%
SPXU,Long,2/22/2016,$35.05 ,$36.35 ,2/23/2016,3.71%
SWN,Long,2/24/2016,$5.95 ,$6.60 ,3/3/2016,10.92%
X,Long,2/24/2016,$7.30 ,$8.30 ,2/26/2016,13.70%
CA,Short,2/24/2016,$28.98 ,$30.54 ,3/11/2016,-5.38%
SDS,Long,3/3/2016,$20.20 ,$19.50 ,6/27/2016,-3.47%
AMZN,Short,3/3/2016,$584.25 ,$548.25 ,3/10/2016,6.16%
VXX,Long,3/3/2016,$16.52 ,$16.79 ,6/14/2016,1.63%
TZA,Long,3/4/2016,$40.42 ,$38.90 ,6/16/2016,-3.76%
DUST,Long,3/7/2016,$3.35 ,$4.30 ,3/9/2016,28.46%
VLTC,Long,3/8/2016,$4.05 ,$4.60 ,6/7/2016,13.58%
VRX,Long,3/9/2016,$65.28 ,$69.58 ,3/11/2016,6.58%
TSLA,Short,3/10/2016,$217.15 ,$214.50 ,5/5/2016,1.22%
FB,Short,3/15/2016,$111.50 ,$109.50 ,6/27/2016,1.79%
EUO,Long,3/17/2016,$23.45 ,$23.91 ,5/19/2016,1.96%
DUST,Long,3/17/2016,$2.90 ,$3.55 ,3/23/2016,22.41%
DWTI,Long,3/18/2016,$119.75 ,$141.05 ,3/23/2016,17.79%
BA,Short,3/21/2016,$136.50 ,$125.75 ,3/31/2016,7.88%
VRX,Long,3/31/2016,$26.95 ,$32.35 ,4/6/2016,20.04%
AAPL,Short,4/4/2016,$111.75 ,$104.00 ,4/26/2016,6.94%
NFLX,Short,4/6/2016,$102.50 ,$94.00 ,4/18/2016,8.29%
KNDI,Long,4/8/2016,$7.10 ,$8.07 ,4/13/2016,13.66%
DUST,Long,4/11/2016,$2.15 ,$2.50 ,4/14/2016,16.28%
VRX,Long,4/12/2016,$31.20 ,$34.70 ,4/19/2016,11.22%
AMZN,Short,4/18/2016,$636.00 ,$614.50 ,4/22/2016,3.38%
SPXU,Long,4/19/2016,$27.20 ,$28.05 ,6/14/2016,3.13%
DUST,Long,4/19/2016,$1.64 ,$1.69 ,5/4/2016,3.10%
FAZ,Long,4/19/2016,$38.14 ,$39.45 ,6/14/2016,3.44%
DWTI,Long,4/21/2016,$84.60 ,$84.80 ,6/16/2016,0.24%
ERY,Long,4/22/2016,$17.10 ,$19.20 ,5/9/2016,12.28%
EGLE,Long,4/27/2016,$0.50 ,$0.62 ,4/27/2016,24.00%
PRGO,Long,4/28/2016,$93.10 ,$98.10 ,5/31/2016,5.37%
BIB,Long,5/4/2016,$39.90 ,$43.05 ,5/24/2016,7.90%
DUST,Long,5/6/2016,$1.32 ,$1.62 ,5/9/2016,24.24%
DUST,Long,5/13/2016,$13.60 ,$15.00 ,5/18/2016,10.29%
SCO,Long,5/17/2016,$82.94 ,$84.82 ,5/19/2016,2.20%
ERY,Long,5/17/2016,$15.95 ,$17.62 ,6/16/2016,10.47%
NKE,Long,5/19/2016,$56.84 ,$52.73 ,6/28/2016,-7.23%
HAL,Short,5/20/2016,$42.67 ,$42.00 ,6/27/2016,1.57%
EQIX,Short,5/23/2016,$355.18 ,$343.28 ,10/5/2016,3.35%
AMZN,Short,5/24/2016,$715.05 ,$698.25 ,6/24/2016,2.35%
ZFGN,Long,5/24/2016,$6.98 ,$7.71 ,6/2/2016,10.46%
NVDA,Short,5/31/2016,$54.18 ,$109.25 ,12/28/2016,-101.64%
SOXS,Long,5/31/2016,$28.25 ,$29.45 ,6/14/2016,4.25%
LABD,Long,6/2/2016,$29.82 ,$32.80 ,6/3/2016,10.06%
TWTR,Long,6/6/2016,$15.35 ,$16.35 ,6/15/2016,6.52%
KNDI,Long,6/7/2016,$6.97 ,$7.70 ,8/8/2016,10.47%
TWM,Long,6/7/2016,$33.75 ,$36.02 ,6/16/2016,6.70%
SCO,Long,6/8/2016,$75.66 ,$84.41 ,6/16/2016,11.81%
DUST,Long,6/10/2016,$9.30 ,$11.00 ,6/14/2016,18.28%
VRX,Long,6/14/2016,$21.27 ,$24.07 ,7/7/2016,13.16%
SPWR,Long,6/14/2016,$15.03 ,$15.53 ,6/30/2016,3.33%
WFM,Long,6/15/2016,$31.35 ,$32.05 ,6/30/2016,2.32%
DUST,Long,6/15/2016,$9.30 ,$11.00 ,6/20/2016,18.23%
VLTC,Long,6/16/2016,$3.50 ,$2.40 ,12/28/2016,-31.43%
FH,Long,6/21/2016,$2.15 ,$2.70 ,9/27/2016,25.58%
BIB,Long,6/21/2016,$36.82 ,$37.70 ,6/29/2016,2.39%
CMG,Long,6/22/2016,$394.27 ,$408.00 ,6/23/2016,3.48%
DWTI,Long,6/23/2016,$71.45 ,$78.95 ,6/24/2016,10.50%
SOXS,Long,6/23/2016,$26.85 ,$29.85 ,6/24/2016,11.17%
ALXN,Long,6/24/2016,$113.00 ,$118.90 ,7/1/2016,5.22%
AAL,Long,6/24/2016,$26.90 ,$27.90 ,6/29/2016,3.72%
DB,Long,6/27/2016,$13.36 ,$14.53 ,7/14/2016,8.76%
YY,Long,6/27/2016,$31.80 ,$33.85 ,6/28/2016,6.45%
CMG,Long,6/28/2016,$389.85 ,$405.85 ,6/29/2016,4.10%
QID,Long,6/30/2016,$27.76 ,$23.41 ,12/28/2016,-15.67%
VXX,Long,6/30/2016,$44.40 ,$24.65 ,12/28/2016,-44.48%
SPXU,Long,6/30/2016,$24.92 ,$25.82 ,11/3/2016,3.61%
SPXU,Long,6/30/2016,$24.92 ,$25.82 ,11/3/2016,3.61%
FAZ,Long,6/30/2016,$37.95 ,$40.55 ,7/6/2016,6.85%
HAL,Short,6/30/2016,$45.13 ,$42.78 ,8/31/2016,5.21%
SLW,Short,7/1/2016,$24.55 ,$23.65 ,10/4/2016,3.67%
DUST,Long,7/5/2016,$6.36 ,$6.84 ,7/20/2016,7.55%
JDST,Long,7/6/2016,$6.00 ,$6.65 ,7/20/2016,12.50%
AMZN,Short,7/7/2016,$758.28 ,$738.00 ,11/10/2016,2.64%
TZA,Long,7/11/2016,$30.70 ,$32.20 ,11/2/2016,4.89%
TZA,Long,7/11/2016,$30.70 ,$32.20 ,11/2/2016,4.89%
FAZ,Long,7/12/2016,$33.86 ,$21.75 ,12/28/2016,-35.76%
TWM,Long,7/12/2016,$31.87 ,$27.14 ,11/11/2016,-14.84%
SJB,Long,7/13/2016,$25.77 ,$25.81 ,11/11/2016,0.16%
SOXS,Long,7/18/2016,$22.66 ,$10.30 ,12/28/2016,-54.54%
FB,Short,7/20/2016,$126.55 ,$119.50 ,11/2/2016,5.57%
FB,Short,7/20/2016,$126.55 ,$119.50 ,11/2/2016,5.57%
TBT,Long,7/25/2016,$29.95 ,$33.75 ,9/15/2016,12.69%
HD,Short,7/25/2016,$136.50 ,$131.30 ,9/8/2016,3.81%
UCO,Long,8/2/2016,$7.78 ,$8.72 ,8/4/2016,12.08%
NUE,Short,8/9/2016,$52.93 ,$49.89 ,9/9/2016,5.73%
AAPL,Short,8/16/2016,$110.10 ,$105.00 ,9/9/2016,4.63%
SCO,Long,8/16/2016,$84.12 ,$92.50 ,8/31/2016,10.00%
WMT,Long,8/29/2016,$71.28 ,$72.30 ,9/22/2016,1.43%
MYL,Long,9/5/2016,$40.00 ,$42.00 ,9/19/2016,5.00%
BABA,Short,9/6/2016,$105.25 ,$100.25 ,10/13/2016,4.75%
SCO,Long,9/8/2016,$82.50 ,$92.50 ,9/12/2016,12.12%
BMY,Long,9/9/2016,$52.90 ,$56.50 ,11/9/2016,6.81%
SPWR,Long,9/14/2016,$7.85 ,$8.30 ,9/22/2016,5.73%
SAEX,Long,9/15/2016,$8.25 ,$9.55 ,9/22/2016,15.58%
AAPL,Short,9/15/2016,$114.10 ,$108.70 ,11/4/2016,4.73%
AAPL,Long,9/15/2016,$114.10 ,$108.70 ,11/4/2016,4.73%
TBT,Long,9/22/2016,$31.12 ,$33.20 ,10/6/2016,6.68%
FCEL,Long,9/28/2016,$5.35 ,$1.95 ,12/28/2016,-63.55%
JBLU,Long,9/30/2016,$17.25 ,$18.60 ,10/24/2016,7.83%
MYL,Long,10/3/2016,$36.67 ,$40.25 ,10/10/2016,9.76%
SCO,Long,10/5/2016,$72.67 ,$80.50 ,10/31/2016,10.85%
SCO,Long,10/5/2016,$72.62 ,$80.50 ,10/31/2016,10.85%
GDX,Long,10/6/2016,$22.85 ,$24.75 ,10/19/2016,8.32%
TWTR,Long,10/10/2016,$17.25 ,$19.05 ,11/9/2016,10.44%
CELG,Long,10/13/2016,$100.60 ,$104.60 ,10/27/2016,3.98%
CMG,Long,10/18/2016,$394.00 ,$414.00 ,10/21/2016,5.08%
RLGY,Long,10/21/2016,$23.32 ,$24.82 ,11/29/2016,6.43%
FIVE,Long,10/24/2016,$36.62 ,$37.49 ,10/27/2016,2.36%
LABU,Long,10/25/2016,$29.18 ,$30.05 ,11/7/2016,2.98%
TWLO,Long,10/27/2016,$36.32 ,$38.32 ,11/21/2016,5.51%
UCO,Long,11/3/2016,$8.75 ,$8.98 ,11/15/2016,2.63%
UGAZ,Long,11/8/2016,$21.10 ,$23.60 ,11/9/2016,11.85%
VRX,Long,11/9/2016,$25.47 ,$14.35 ,12/28/2016,-43.66%
SPXU,Long,11/9/2016,$22.72 ,$20.25 ,12/28/2016,-10.87%
JPM,Short,11/10/2016,$77.00 ,$86.43 ,12/28/2016,-12.25%
TZA,Long,11/10/2016,$26.55 ,$20.45 ,12/6/2016,-22.97%
NUGT,Long,11/11/2016,$7.85 ,$9.00 ,11/14/2016,14.65%
TMF,Long,11/14/2016,$18.70 ,$17.86 ,12/28/2016,-4.49%
AA,Short,11/16/2016,$31.50 ,$29.41 ,12/28/2016,6.67%
DRYS,Long,11/17/2016,$12.50 ,$18.00 ,11/18/2016,44.00%
NUGT,Long,11/21/2016,$7.28 ,$7.13 ,12/28/2016,-2.06%
DRYS,Long,11/23/2016,$5.50 ,$6.35 ,12/1/2016,15.45%
TEVA,Short,11/28/2016,$37.95 ,$33.95 ,1/13/2017,-10.54%
GS,Short,11/30/2016,$222.35 ,$240.68 ,12/28/2016,-8.24%
SRPT,Long,12/1/2016,$32.75 ,$28.43 ,12/28/2016,-13.19%
SCO,Long,12/5/2016,$65.50 ,$71.55 ,12/7/2016,9.24%
BAC,Short,12/6/2016,$22.11 ,$22.29 ,12/28/2016,-0.81%
X,Short,12/7/2016,$37.75 ,$34.90 ,12/12/2016,7.55%
MAR,Short,12/8/2016,$84.05 ,$83.36 ,12/28/2016,0.82%
TMUS,Short,12/8/2016,$59.05 ,$57.98 ,12/28/2016,1.81%
GILD,Long,12/9/2016,$72.20 ,$76.20 ,12/14/2016,5.54%
TZA,Long,12/9/2016,$18.70 ,$19.86 ,12/28/2016,6.15%
SAEX,Long,12/12/2016,$8.45 ,$7.52 ,12/28/2016,-11.00%
LABU,Long,12/15/2016,$35.00 ,$33.02 ,12/28/2016,-5.66%
IBB,Long,1/3/2017,$266.80 ,$280.60 ,1/6/2017,5.17%
EBIO,Long,1/3/2017,$1.93 ,$2.33 ,1/4/2017,20.07%
TWLO,Long,1/3/2017,$27.33 ,$32.40 ,2/6/2017,18.55%
CMG,Long,1/4/2017,$381.35 ,$416.70 ,1/10/2017,9.23%
LRCX,Short,1/9/2017,$117.68 ,$139.90 ,4/21/2017,-18.88%
AXP,Short,1/10/2017,$83.12 ,$87.84 ,2/9/2018,-5.67%
M,Long,1/10/2017,$30.30 ,$33.10 ,2/3/2017,9.24%
FIT,Long,1/12/2017,$7.71 ,$5.81 ,2/7/2017,-21.17%
AMZN,Short,1/13/2017,$844.02 ,$925.00 ,4/28/2017,-9.58%
FB,Short,1/13/2017,$130.81 ,$145.50 ,4/24/2017,-11.23%
ENDP,Long,1/13/2017,$12.50 ,$13.75 ,2/15/2017,10.00%
TVIX,Long,1/17/2017,$5.71 ,$4.47 ,2/13/2017,-21.58%
CSX,Short,1/19/2017,$45.41 ,$42.95 ,1/20/2017,5.42%
CSX,Short,1/23/2017,$46.85 ,$48.67 ,2/9/2018,-3.88%
IBM,Long,1/24/2017,$175.50 ,$169.39 ,4/11/2017,3.48%
SCON,Long,1/25/2017,$1.05 ,$1.70 ,2/16/2017,47.83%
SQQQ,Long,1/26/2017,$42.95 ,$37.53 ,3/15/2017,-12.62%
MU,Short,1/31/2017,$32.21 ,$37.54 ,2/9/2018,-16.50%
GE,Long,1/31/2017,$29.63 ,$30.50 ,4/20/2017,2.93%
SOXX,Long,2/3/2017,$8.25 ,$8.55 ,4/12/2017,3.64%
DUST,Long,2/6/2017,$26.30 ,$28.85 ,2/22/2017,9.70%
AMD,Short,2/7/2017,$14.25 ,$12.65 ,2/17/2017,12.65%
SPXU,Long,2/9/2017,$18.52 ,$11.31 ,12/28/2017,-38.93%
AA,Short,2/14/2017,$39.05 ,$36.45 ,2/16/2017,6.66%
TSLA,Short,2/14/2017,$284.50 ,$264.50 ,2/17/2017,7.03%
TZA,Long,2/21/2017,$17.55 ,$20.12 ,3/22/2017,14.64%
VVUS,Long,2/22/2017,$1.11 ,$1.22 ,6/2/2017,10.00%
AMD,Short,2/22/2017,$14.80 ,$13.35 ,3/3/2017,9.80%
MMM,Short,2/24/2017,$197.07 ,$218.83 ,2/9/2018,-11.04%
AAPL,Short,2/28/2017,$145.45 ,$152.86 ,2/9/2018,-5.09%
NUGT,Long,3/7/2017,$7.50 ,$8.30 ,3/13/2017,10.67%
USLV,Long,3/9/2017,$13.50 ,$14.11 ,3/15/2017,4.52%
SINO,Long,3/10/2017,$2.60 ,$3.15 ,3/16/2017,21.15%
HD,Short,3/15/2017,$147.10 ,$176.08 ,2/9/2018,-19.70%
FIT,Long,3/17/2017,$5.68 ,$6.65 ,5/4/2017,17.08%
EGLE,Long,3/20/2017,$5.29 ,$5.30 ,1/25/2018,0.19%
JCP,Long,3/22/2017,$5.57 ,$6.29 ,3/29/2017,12.93%
BAC,Long,3/28/2017,$23.40 ,$24.20 ,8/18/2017,3.22%
NTNX,Long,3/29/2017,$17.37 ,$18.17 ,5/22/2017,4.61%
ZEN,Long,3/31/2017,$27.43 ,$29.10 ,5/1/2017,6.08%
SCO,Long,4/4/2017,$35.79 ,$36.82 ,4/19/2017,2.88%
JRJC,Long,4/5/2017,$3.07 ,$3.50 ,4/12/2017,14.00%
KNDI,Long,4/5/2017,$3.80 ,$4.20 ,4/5/2017,10.53%
MNST,Long,4/5/2017,$46.18 ,$45.73 ,5/4/2017,-1.00%
CCIH,Long,4/10/2017,$1.50 ,$1.60 ,6/2/2017,6.67%
GILD,Long,4/11/2017,$65.90 ,$69.35 ,6/22/2017,5.24%
TWTR,Long,4/12/2017,$14.50 ,$16.40 ,4/25/2017,13.10%
TBT,Long,4/13/2017,$4.13 ,$38.25 ,5/17/2017,1.90%
GRPN,Long,4/20/2017,$3.81 ,$3.82 ,7/5/2017,0.26%
SOXX,Long,4/20/2017,$34.71 ,$30.20 ,6/12/2017,-12.99%
VXX,Long,4/24/2017,$15.28 ,$16.20 ,5/17/2017,6.23%
SQQQ,Long,4/25/2017,$34.77 ,$32.67 ,6/12/2017,-6.04%
FB,Short,4/28/2017,$161.40 ,$168.55 ,2/9/2018,-4.43%
USLV,Long,5/1/2017,$12.16 ,$12.60 ,5/16/2017,3.62%
T,Long,5/3/2017,$38.35 ,$36.34 ,7/25/2017,-5.24%
X,Long,5/3/2017,$20.96 ,$21.60 ,5/24/2017,3.05%
UCO,Long,5/4/2017,$15.23 ,$15.75 ,5/5/2017,3.41%
OIH,Long,5/4/2017,$26.46 ,$27.16 ,5/25/2017,2.65%
SWKS,Short,5/9/2017,$102.10 ,$94.90 ,6/29/2017,7.05%
JCP,Long,5/16/2017,$4.17 ,$4.76 ,5/30/2017,14.15%
FIT,Long,5/17/2017,$5.58 ,$6.39 ,9/11/2017,14.52%
EUO,Long,5/17/2017,$24.20 ,$22.15 ,7/21/2017,-8.47%
GM,Long,5/18/2017,$32.48 ,$35.02 ,7/13/2017,7.81%
TEVA,Long,5/18/2017,$29.85 ,$31.75 ,6/15/2017,6.37%
VXX,Long,5/19/2017,$45.51 ,$27.71 ,12/28/2017,-39.11%
SCO,Long,5/22/2017,$36.05 ,$39.20 ,5/25/2017,8.74%
AKAM,Long,5/25/2017,$50.24 ,$51.14 ,7/17/2017,6.45%
MCD,Short,5/26/2017,$150.05 ,$156.58 ,2/9/2018,-4.35%
TSLA,Short,5/31/2017,$345.78 ,$307.50 ,7/6/2017,11.07%
AMZN,Short,6/2/2017,"$1,006.00 ",$951.00 ,6/12/2017,5.47%
DSLV,Long,6/6/2017,$22.45 ,$24.49 ,6/9/2017,9.13%
EDZ,Long,6/8/2017,$14.15 ,$15.18 ,6/15/2017,7.28%
NVDA,Short,6/9/2017,$167.25 ,$149.75 ,6/9/2017,10.46%
KNDI,Long,6/15/2017,$4.05 ,$4.80 ,9/13/2017,18.52%
AMZN,Short,6/19/2017,$996.00 ,"$1,110.00 ",10/30/2017,-11.45%
FL,Long,6/20/2017,$50.32 ,$47.20 ,7/21/2017,-6.20%
UCO,Long,6/21/2017,$12.67 ,$13.08 ,6/22/2017,4.14%
WTW,Short,6/28/2017,$34.10 ,$31.80 ,6/29/2017,6.75%
SCO,Long,7/3/2017,$42.22 ,$44.45 ,7/5/2017,5.28%
JCP,Long,7/5/2017,$4.70 ,$5.33 ,7/25/2017,13.40%
ORLY,Long,7/5/2017,$176.70 ,$185.25 ,7/13/2017,4.84%
USLV,Long,7/7/2017,$9.50 ,$10.09 ,7/11/2017,6.21%
APRN,Long,7/7/2017,$3.84 ,$3.95 ,7/12/2018,3.00%
GE,Long,7/10/2017,$25.90 ,$24.61 ,8/18/2017,-1.08%
DF,Long,7/13/2017,$15.10 ,$14.99 ,8/7/2017,-0.73%
SQQQ,Long,7/14/2017,$28.68 ,$21.20 ,12/28/2017,-26.08%
WTW,Short,7/18/2017,$37.65 ,$33.85 ,8/2/2017,10.00%
NVDA,Long,7/19/2017,$176.90 ,$199.50 ,10/24/2018,-12.78%
SDS,Long,7/26/2017,$48.48 ,$40.90 ,12/28/2017,-15.63%
DSLV,Long,7/27/2017,$25.72 ,$28.29 ,8/4/2017,10.00%
EUO,Long,7/31/2017,$21.62 ,$21.42 ,5/1/2018,-0.90%
SDOW,Long,8/2/2017,$28.41 ,$19.38 ,12/28/2017,-31.78%
WTW,Short,8/8/2017,$45.50 ,$43.00 ,9/11/2017,5.50%
XRT,Long,8/15/2017,$38.64 ,$40.40 ,9/11/2017,4.56%
CCIH,Long,8/16/2017,$0.77 ,$1.12 ,10/6/2017,45.50%
RH,Long,8/21/2017,$46.86 ,$50.36 ,9/5/2017,7.47%
ALK,Long,8/22/2017,$77.35 ,$79.06 ,10/3/2017,2.21%
CMG,Long,8/23/2017,$299.88 ,$306.26 ,9/8/2017,2.10%
WEAT,Long,8/31/2017,$6.45 ,$6.66 ,9/26/2017,3.26%
SOXS,Long,9/12/2017,$22.64 ,$16.05 ,12/28/2017,-29.10%
EFX,Long,9/14/2017,$90.40 ,$96.17 ,9/21/2017,6.38%
TSLA,Short,9/15/2017,$377.41 ,$357.41 ,9/22/2017,5.30%
RACE,Short,9/20/2017,$112.87 ,$117.87 ,2/9/2018,-4.43%
UGLD,Long,9/21/2017,$10.65 ,$11.07 ,10/10/2017,3.94%
QCOM,Long,9/25/2017,$51.73 ,$54.33 ,10/11/2017,5.03%
JCP,Long,10/2/2017,$3.46 ,$3.69 ,11/29/2017,6.65%
TZA,Long,10/3/2017,$13.20 ,$12.48 ,2/5/2018,-5.45%
AA,Short,10/5/2017,$48.32 ,$44.00 ,11/9/2017,9.00%
GM,Short,10/9/2017,$45.26 ,$42.26 ,10/30/2017,6.63%
TTWO,Short,10/12/2017,$103.70 ,$101.60 ,12/4/2017,2.03%
PCG,Long,10/16/2017,$52.00 ,$55.13 ,10/17/2017,6.01%
QCOM,Long,10/17/2017,$52.22 ,$53.60 ,10/23/2017,2.34%
UGLD,Long,10/23/2017,$10.15 ,$10.25 ,12/20/2017,1.00%
PG,Long,10/24/2017,$86.50 ,$90.16 ,12/4/2017,4.23%
HMNY,Long,10/30/2017,$9.75 ,$10.75 ,10/31/2017,10.26%
NFLX,Short,10/31/2017,$196.30 ,$185.00 ,11/29/2017,5.76%
GE,Long,11/2/2017,$18.92 ,$15.10 ,2/5/2018,-20.10%
LRCX,Short,11/3/2017,$206.25 ,$194.00 ,11/29/2017,5.94%
HMNY,Long,11/3/2017,$9.60 ,$11.50 ,11/6/2017,20.00%
VZ,Long,11/6/2017,$45.30 ,$48.13 ,11/29/2017,6.16%
TOL,Short,11/10/2017,$48.26 ,$45.45 ,12/5/2017,5.82%
DCIX,Long,11/14/2017,$5.98 ,$7.50 ,11/15/2017,25.42%
BBBY,Long,11/16/2017,$20.35 ,$22.65 ,11/29/2017,11.30%
AAOI,Long,11/22/2017,$41.98 ,$44.50 ,11/30/2017,6.00%
AMZN,Short,11/27/2017,"$1,212.00 ","$1,152.00 ",11/29/2017,5.00%
IYT,Short,11/30/2017,$192.75 ,$187.75 ,2/5/2018,2.60%
FAZ,Long,11/30/2017,$12.12 ,$11.85 ,2/5/2018,-2.20%
JCI,Long,12/1/2017,$37.49 ,$39.48 ,1/4/2018,5.30%
INTU,Short,12/4/2017,$155.81 ,$150.95 ,2/9/2018,3.13%
COST,Short,12/5/2017,$189.45 ,$182.80 ,2/5/2018,3.51%
USLV,Long,12/7/2017,$9.32 ,$10.00 ,12/13/2017,7.30%
BX,Long,12/8/2017,$31.82 ,$35.46 ,12/17/2017,7.60%
WBA,Long,12/8/2017,$70.16 ,$74.51 ,1/2/2018,6.19%
BABA,Short,12/12/2017,$179.59 ,$169.75 ,12/14/2017,5.48%
BUD,Long,12/13/2017,$110.50 ,$112.98 ,2/2/2018,2.24%
ASML,Short,12/14/2017,$172.15 ,$176.78 ,2/9/2018,-2.69%
ICPT,Long,12/18/2017,$62.14 ,$54.15 ,1/8/2018,-12.85%
INTC,Long,12/20/2017,$47.50 ,$44.90 ,1/3/2018,5.50%
FCX,Short,12/26/2017,$18.75 ,$18.02 ,2/2/2018,3.90%
JBL,Long,12/26/2017,$27.28 ,$28.16 ,1/4/2018,5.47%
BAC,Short,12/27/2017,$30.02 ,$29.30 ,2/5/2018,2.40%
DGLD,Long,12/29/2017,$41.03 ,$42.85 ,2/9/2018,4.44%
USLV,Long,12/29/2017,$23.45 ,$24.60 ,1/23/2018,5.00%
DCIX,Long,1/2/2018,$2.73 ,$3.09 ,5/9/2018,13.19%
CMG,Long,1/2/2018,$290.75 ,$302.75 ,1/3/2018,4.13%
NFLX,Short,1/3/2018,$214.75 ,$258.12 ,1/24/2018,-20.00%
UVXY,Long,1/3/2018,$9.15 ,$10.22 ,1/24/2018,11.70%
AMZN,Short,1/4/2018,"$1,242.50 ","$1,355.00 ",1/23/2018,-9.05%
QID,Long,1/8/2018,$11.77 ,$11.97 ,2/2/2018,1.70%
SLB,Short,1/11/2018,$76.92 ,$73.30 ,1/31/2018,4.71%
DXD,Long,1/16/2018,$7.85 ,$8.08 ,2/2/2018,3.00%
TSLA,Short,1/22/2018,$357.00 ,$336.50 ,1/26/2018,5.75%
SPXS,Long,1/24/2018,$25.02 ,$26.37 ,2/2/2018,5.20%
UUP,Long,1/25/2018,$23.16 ,$24.00 ,5/1/2018,3.62%
BUD,Long,1/25/2018,$106.71 ,$107.43 ,2/28/2018,0.67%
MSFT,Short,1/25/2018,$93.00 ,$88.75 ,2/5/2018,4.57%
SDOW,Long,1/29/2018,$15.68 ,$16.50 ,1/30/2018,5.23%
JPM,Long,2/1/2018,$116.50 ,$112.20 ,2/5/2018,3.70%
PG,Long,2/2/2018,$83.55 ,$78.72 ,3/15/2018,-5.78%
RIOT,Long,2/2/2018,$11.68 ,$12.70 ,2/2/2018,8.70%
XHB,Long,2/2/2018,$43.22 ,$43.52 ,2/7/2018,0.70%
XOM,Long,2/5/2018,$78.05 ,$79.80 ,2/27/2018,2.27%
MJX,Long,2/5/2018,$28.95 ,$32.00 ,2/5/2018,10.54%
RIOT,Long,2/5/2018,$11.20 ,$12.50 ,2/6/2018,11.61%
GBTC,Long,2/5/2018,$10.30 ,$11.80 ,2/6/2018,14.56%
VERI,Long,2/6/2018,$14.35 ,$16.25 ,2/6/2018,13.24%
TXN,Long,2/8/2018,$99.25 ,$104.50 ,2/16/2018,5.30%
VERI,Long,2/8/2018,$14.35 ,$16.40 ,2/14/2018,15.00%
MMM,Long,2/9/2018,$218.75 ,$230.20 ,2/12/2018,5.23%
SVXY,Long,2/9/2018,$9.84 ,$11.10 ,2/9/2018,12.84%
SSO,Long,2/9/2018,$98.65 ,$105.10 ,2/9/2018,6.54%
PCG,Long,2/12/2018,$38.85 ,$41.05 ,2/23/2018,5.40%
CERN,Long,2/12/2018,$62.81 ,$65.77 ,3/23/2018,-9.61%
AAPL,Short,2/16/2018,$177.35 ,$167.60 ,3/23/2018,5.50%
QID,Long,2/16/2018,$11.57 ,$11.92 ,3/1/2018,3.03%
SPXU,Long,2/16/2018,$10.12 ,$10.90 ,3/1/2018,7.71%
SOXS,Long,2/20/2018,$11.49 ,$12.40 ,3/1/2018,7.92%
AMZN,Short,2/21/2018,"$1,554.00 ","$1,499.00 ",3/23/2018,3.54%
VERI,Long,2/22/2018,$14.50 ,$16.20 ,2/26/2018,11.72%
AXP,Short,2/26/2018,$100.35 ,$95.65 ,3/1/2018,4.70%
FAZ,Long,2/26/2018,$10.35 ,$11.17 ,3/1/2018,8.00%
MSFT,Short,2/26/2018,$94.60 ,$91.00 ,3/2/2018,3.81%
INTC,Short,2/27/2018,$51.15 ,$47.60 ,3/1/2018,5.00%
NFLX,Short,3/5/2018,$314.00 ,$299.00 ,3/27/2018,5.00%
XRAY,Long,3/6/2018,$56.16 ,$57.45 ,3/19/2018,2.25%
SQQQ,Long,3/6/2018,$15.66 ,$16.50 ,3/19/2018,5.36%
SOXS,Long,3/6/2018,$10.64 ,$12.00 ,3/23/2018,12.78%
LRCX,Short,3/9/2018,$225.37 ,$212.60 ,3/19/2018,5.67%
ASML,Short,3/12/2018,$211.75 ,$201.10 ,3/23/2018,5.03%
SPXU,Long,3/12/2018,$9.67 ,$10.55 ,3/19/2018,8.58%
CI,Long,3/13/2018,$164.00 ,$173.50 ,4/16/2018,5.79%
S,Long,3/16/2018,$5.09 ,$5.85 ,4/10/2018,15.00%
MU,Short,3/20/2018,$61.05 ,$59.10 ,3/22/2018,3.20%
KHC,Long,3/23/2018,$58.50 ,$61.50 ,6/15/2018,5.13%
GOOGL,Long,3/23/2018,"$1,028.50 ","$1,059.25 ",3/26/2018,3.00%
GOOGL,Long,3/26/2018,"$1,006.75 ","$1,067.75 ",4/17/2018,6.06%
AAOI,Long,3/26/2018,$24.50 ,$28.10 ,4/11/2018,14.69%
AMZN,Short,3/27/2018,"$1,572.00 ","$1,521.50 ",3/27/2018,3.21%
TSLA,Long,3/29/2018,$248.50 ,$268.00 ,3/29/2018,7.85%
TSLA,Long,4/3/2018,$247.50 ,$272.25 ,4/3/2018,10.00%
SNAP,Long,4/3/2018,$14.04 ,$15.45 ,4/23/2018,10.04%
TSLA,Short,4/5/2018,$305.00 ,$283.00 ,4/17/2018,7.21%
GE,Long,4/6/2018,$12.95 ,$13.90 ,4/19/2018,7.34%
AAL,Long,4/10/2018,$47.64 ,$45.75 ,4/25/2018,-3.97%
MNK,Long,4/13/2018,$12.96 ,$14.26 ,5/9/2018,10.03%
VLO,Short,4/17/2018,$108.48 ,$122.04 ,5/21/2018,-12.50%
AMZN,Short,4/17/2018,"$1,506.00 ","$1,455.50 ",4/24/2018,3.35%
NFLX,Short,4/17/2018,$330.00 ,$311.00 ,4/24/2018,5.76%
TZA,Long,4/18/2018,$10.14 ,$11.47 ,4/25/2018,10.18%
AA,Short,4/19/2018,$62.15 ,$57.75 ,4/20/2018,7.07%
QCOM,Long,4/23/2018,$50.25 ,$53.05 ,5/7/2018,5.57%
AA,Long,4/24/2018,$49.95 ,$54.95 ,4/26/2018,10.01%
SQ,Short,6/27/2017,$25.34 ,$44.40 ,4/24/2018,-75.22%
GE,Long,4/25/2018,$13.99 ,$15.09 ,5/16/2018,7.86%
OLED,Long,4/27/2018,$88.50 ,$95.60 ,5/4/2018,8.02%
MMM,Long,5/1/2018,$192.00 ,$202.05 ,5/8/2018,5.23%
UGLD,Long,5/1/2018,$10.59 ,$9.27 ,6/28/2018,-12.46%
UTX,Long,5/1/2018,$117.87 ,$123.55 ,5/14/2018,4.81%
FRED,Long,5/2/2018,$1.84 ,$2.05 ,6/15/2018,11.41%
KNDI,Long,5/4/2018,$5.00 ,$5.55 ,5/10/2018,11.00%
AAPL,Short,5/7/2018,$196.67 ,$219.25 ,8/28/2018,-11.48%
SCO,Long,5/7/2018,$16.38 ,$17.31 ,5/25/2018,5.67%
NFLX,Short,5/9/2018,$340.50 ,$392.50 ,6/14/2018,-15.27%
FB,Long,5/10/2018,$193.05 ,$214.30 ,7/24/2018,-10.62%
VXX,Long,5/10/2018,$35.05 ,$37.45 ,5/29/2018,6.85%
DCIX,Long,5/10/2018,$1.80 ,$2.16 ,6/22/2018,20.00%
SOXS,Long,5/14/2018,$9.71 ,$10.81 ,6/25/2018,11.33%
GDDY,Long,5/18/2018,$74.07 ,$82.57 ,9/11/2018,-11.47%
WLL,Short,5/21/2018,$53.45 ,$47.65 ,5/25/2018,10.85%
CSX,Short,5/22/2018,$66.25 ,$75.50 ,8/27/2018,-13.96%
MU,Short,5/29/2018,$63.60 ,$59.10 ,5/31/2018,7.08%
AMZN,Long,6/4/2018,"$1,684.88 ","$1,846.25 ",7/25/2018,-9.34%
MSFT,Long,6/4/2018,$104.03 ,$114.24 ,9/21/2018,-9.81%
SQQQ,Long,6/5/2018,$13.32 ,$14.49 ,6/25/2018,8.78%
TZA,Long,6/6/2018,$8.23 ,$9.07 ,10/2/2018,10.20%
AMD,Short,6/6/2018,$16.03 ,$14.95 ,6/25/2018,6.74%
VXX,Long,6/6/2018,$32.20 ,$35.95 ,6/25/2018,11.65%
CCL,Long,6/6/2018,$61.47 ,$61.63 ,6/25/2018,0.52%
TSRO,Long,6/11/2018,$42.96 ,$39.70 ,6/15/2018,-7.58%
INTU,Long,6/18/2018,$209.50 ,$198.90 ,6/27/2018,5.06%
NFLX,Short,6/20/2018,$416.50 ,$385.00 ,6/25/2018,7.56%
CELG,Long,6/21/2018,$79.15 ,$83.40 ,7/9/2018,5.37%
NFLX,Short,6/27/2018,$411.35 ,$390.35 ,6/27/2018,5.11%
SCO,Long,6/27/2018,$15.76 ,$16.90 ,7/16/2018,7.23%
SBUX,Long,6/28/2018,$47.48 ,$50.75 ,7/24/2018,6.08%
SQQQ,Long,7/6/2018,$13.20 ,$11.60 ,8/27/2018,-12.12%
SPXS,Long,7/6/2018,$24.85 ,$22.62 ,8/21/2018,-8.97%
NFLX,Short,7/9/2018,$416.00 ,$396.00 ,7/13/2018,4.81%
VXX,Long,7/9/2018,$32.72 ,$28.62 ,8/7/2018,-12.56%
INTU,Long,7/10/2018,$212.95 ,$202.85 ,7/30/2018,4.74%
SOXS,Long,7/18/2018,$9.99 ,$11.40 ,8/17/2018,14.11%
USLV,Long,7/19/2018,$70.00 ,$71.00 ,12/27/2018,1.43%
APRN,Long,7/23/2018,$2.85 ,$3.17 ,7/23/2018,11.23%
NTAP,Short,7/25/2018,$81.30 ,$76.82 ,10/10/2018,5.51%
SCO,Long,7/26/2018,$15.82 ,$17.56 ,8/13/2018,11.00%
VIRT,Long,8/1/2018,$21.40 ,$22.20 ,8/21/2018,7.92%
FAZ,Long,8/7/2018,$9.47 ,$9.70 ,9/28/2018,2.43%
NWL,Long,8/8/2018,$20.22 ,$22.22 ,8/27/2018,10.00%
INTU,Short,8/9/2018,$219.35 ,$208.55 ,10/11/2018,5.00%
TEVA,Long,8/9/2018,$22.70 ,$23.35 ,9/4/2018,2.86%
ROST,Short,8/10/2018,$92.35 ,$83.50 ,11/20/2018,9.58%
TVIX,Long,8/10/2018,$30.10 ,$35.00 ,8/10/2018,13.62%
UGLD,Long,8/13/2018,$7.96 ,$8.33 ,8/27/2018,4.65%
AMZN,Short,8/14/2018,"$1,983.50 ","$1,890.00 ",9/17/2018,4.71%
MU,Long,8/15/2018,$46.45 ,$49.50 ,8/21/2018,6.57%
JCP,Long,8/17/2018,$1.74 ,$1.97 ,9/19/2018,13.22%
TVIX,Long,8/20/2018,$31.07 ,$34.77 ,8/21/2018,11.92%
TVIX,Long,8/22/2018,$31.25 ,$35.25 ,9/6/2018,12.45%
SOXS,Long,8/23/2018,$9.66 ,$12.52 ,9/12/2018,8.90%
SCO,Long,8/24/2018,$15.15 ,$12.55 ,10/3/2018,-17.16%
AMD,Short,8/27/2018,$26.29 ,$31.28 ,9/12/2018,-18.98%
NFLX,Short,8/27/2018,$367.50 ,$332.00 ,10/10/2018,9.66%
JD,Long,9/5/2018,$26.95 ,$29.00 ,9/13/2018,7.61%
F,Long,9/10/2018,$8.81 ,$9.00 ,10/25/2018,2.16%
QCOM,Long,9/11/2018,$59.37 ,$60.37 ,12/3/2018,1.68%
WDC,Long,9/11/2018,$55.20 ,$58.30 ,9/18/2018,5.62%
HD,Short,9/11/2018,$213.05 ,$201.65 ,10/4/2018,5.35%
TVIX,Long,9/12/2018,$27.55 ,$31.15 ,10/5/2018,13.07%
INTC,Long,9/12/2018,$44.77 ,$47.41 ,10/2/2018,5.89%
QID,Long,9/14/2018,$36.05 ,$37.12 ,9/17/2018,3.00%
JD,Long,9/17/2018,$25.75 ,$27.05 ,9/19/2018,5.00%
TLRY,Short,9/18/2018,$190.00 ,$152.00 ,9/19/2018,20.00%
TLRY,Short,9/19/2018,$217.00 ,$160.00 ,9/20/2018,26.67%
SNAP,Long,9/24/2018,$8.40 ,$8.50 ,2/5/2019,1.20%
AMZN,Short,9/25/2018,"$1,991.50 ","$1,873.50 ",10/5/2018,5.93%
SQQQ,Long,9/25/2018,$11.15 ,$12.35 ,10/5/2018,10.76%
SPXS,Long,10/1/2018,$21.04 ,$22.52 ,10/8/2018,7.03%
BOX,Long,10/3/2018,$22.28 ,$19.19 ,10/18/2018,-13.80%
JD,Long,10/5/2018,$23.95 ,$25.75 ,2/5/2019,7.52%
SFIX,Long,10/8/2018,$25.07 ,$26.77 ,10/16/2018,6.78%
SOHU,Long,10/8/2018,$16.75 ,$18.33 ,10/12/2018,9.43%
BABA,Long,10/9/2018,$145.20 ,$150.00 ,11/1/2018,3.30%
TNA,Long,10/10/2018,$70.54 ,$73.60 ,10/16/2018,4.34%
TQQQ,Long,10/10/2018,$54.82 ,$61.65 ,10/16/2018,9.45%
HD,Long,10/11/2018,$184.75 ,$188.65 ,11/8/2018,2.11%
FAS,Long,10/11/2018,$58.50 ,$61.65 ,10/16/2018,5.39%
TOL,Long,10/17/2018,$30.15 ,$34.00 ,10/31/2018,12.77%
YINN,Long,10/18/2018,$17.82 ,$20.13 ,11/1/2018,12.96%
WYNN,Long,10/23/2018,$97.50 ,$106.30 ,11/1/2018,9.03%
GM,Long,10/23/2018,$32.07 ,$34.05 ,10/30/2018,6.17%
STT,Long,10/23/2018,$68.85 ,$73.97 ,12/3/2018,7.42%
BX,Long,10/24/2018,$32.22 ,$33.11 ,11/15/2018,2.75%
SOXL,Long,10/24/2018,$90.05 ,$101.25 ,10/31/2018,11.20%
NVDA,Long,10/24/2018,$199.50 ,$210.75 ,10/31/2018,5.64%
VLO,Long,10/24/2018,$87.50 ,$93.30 ,10/31/2018,6.63%
THO,Long,10/29/2018,$65.45 ,$69.05 ,10/31/2018,5.50%
GE,Long,10/30/2018,$9.35 ,$7.67 ,11/20/2018,-17.96%
UCO,Long,11/6/2018,$24.45 ,$18.92 ,11/20/2018,-22.57%
IQ,Long,11/12/2018,$19.80 ,$21.80 ,12/3/2018,10.00%
BBBY,Long,11/12/2018,$13.10 ,$14.65 ,1/9/2019,11.83%
AAPL,Long,11/14/2018,$184.12 ,$171.12 ,2/4/2019,-7.06%
GS,Long,11/14/2018,$192.10 ,$168.47 ,11/14/2018,-12.30%
OIH,Long,11/14/2018,$17.75 ,$16.42 ,1/9/2019,-7.49%
VLO,Long,11/14/2018,$80.47 ,$83.57 ,12/3/2018,3.85%
TNA,Long,11/15/2018,$60.50 ,$66.00 ,12/3/2018,9.10%
SSO,Long,11/15/2018,$107.68 ,$109.88 ,11/19/2018,2.20%
FB,Long,11/19/2018,$132.25 ,$140.25 ,11/30/2018,6.05%
OSTK,Long,11/26/2018,$17.46 ,$19.25 ,11/28/2018,10.25%
THO,Long,11/29/2018,$64.70 ,$71.42 ,12/3/2018,10.39%
THO,Long,12/4/2018,$60.08 ,$60.23 ,1/9/2019,0.25%
SLB,Long,12/4/2018,$42.67 ,$41.40 ,1/9/2019,-2.97%
TNA,Long,12/6/2018,$47.97 ,$48.07 ,1/7/2019,0.21%
JPM,Long,12/6/2018,$103.50 ,$101.08 ,1/14/2019,-2.33%
VLO,Long,12/6/2018,$75.55 ,$80.10 ,1/17/2019,6.02%
NVDA,Long,12/7/2018,$137.62 ,$151.40 ,1/14/2019,10.01%
FDX,Long,12/10/2018,$188.25 ,$172.25 ,1/14/2019,-8.49%
FAS,Long,12/10/2018,$50.15 ,$49.05 ,1/10/2019,-2.19%
SHAK,Long,12/12/2018,$46.36 ,$50.05 ,1/11/2019,7.95%
UCO,Long,12/18/2018,$14.15 ,$15.57 ,1/7/2019,10.00%
BABA,Long,12/19/2018,$136.35 ,$150.00 ,1/9/2019,10.01%
IQ,Long,12/19/2018,$16.05 ,$17.38 ,1/9/2019,8.29%
QLD,Long,12/20/2018,$62.36 ,$66.28 ,12/26/2018,6.29%
X,Long,12/20/2018,$18.82 ,$20.75 ,1/7/2019,10.26%
XRT,Long,12/20/2018,$39.44 ,$42.60 ,1/8/2019,8.01%
ITB,Long,12/24/2018,$29.60 ,$30.73 ,1/7/2019,7.44%
QLD,Long,12/27/2018,$61.73 ,$67.92 ,12/28/2018,10.03%
SFIX,Short,12/16/2020,$66.15 ,$59.55 ,12/31/2020,9.98%
RDFN,Short,12/17/2020,$79.00*,$70.95 ,12/30/2020,10.19%
BABA,Long,12/24/2020,$215.30 ,$238.35 ,12/29/2020,10.71%
Tax Selling,To Offset,Huge 2020,Profits,And Reduce,Tax Bill,
SDS,Long,4/9/2020,$22.61*,$12.57 ,12/28/2020,-44.40%
QID,Long,4/14/2020,$14.84*,$7.20 ,12/28/2020,-51.48%
Tax Selling,To Offset,Huge 2020,Profits,And Reduce,Tax Bill,
SQQQ,Long,5/5/2020,$44.25*,$15.55 ,12/28/2020,-64.85%
SOXS,Long,5/14/2020,$54.92*,$18.95 ,12/28/2020,-65.49%
TWM,Long,6/30/2020,$8.27*,$4.85 ,12/28/2020,-41.35%
SPXU,Long,7/6/2020,$8.24*,$6.04 ,12/28/2020,-26.69%
GM,Short,11/24/2020,$46.25 ,$41.65 ,12/11/2020,9.95%
NIO,Short,12/2/2020,$47.55 ,$43.45 ,12/4/2020,8.62%
BBY,Short,8/14/2020,$116.19*,$105.95 ,12/3/2020,8.81%
NIO,Short,11/3/2020,$43.64*,$38.64 ,12/2/2020,11.46%
XPEV,Short,11/23/2020,$69.85*,$60.25 ,11/30/2020,13.74%
TLRY,Long,11/16/2020,$7.15 ,$8.15 ,11/24/2020,13.99%
XTZ/USD,Long,9/5/2020,$2.15*,$2.61 ,11/23/2020,21.40%
TSCO,Short,5/28/2020,$136.55*,$128.35 ,11/10/2020,6.01%
PYPL,Short,11/5/2020,$203.00 ,$181.25 ,11/10/2020,10.74%
JPM,Long,9/2/2020,$100.00 ,$113.00 ,11/9/2020,13.00%
TLRY,Long,10/15/2020,$5.50 ,$7.24 ,11/5/2020,31.64%
MJ,Long,10/1/2020,$10.37 ,$12.25 ,11/5/2020,18.13%
ACB,Long,9/22/2020,4.87*,$5.99 ,11/5/2020,23.00%
DKNG,Long,10/27/2020,$35.40*,$39.75 ,11/4/2020,12.29%
PYPL,Short,5/6/2020,$177.88*,$174.88 ,11/3/2020,1.69%
FSLY,Long,10/30/2020,$63.50 ,$68.04 ,11/3/2020,7.15%
ZM,Short,9/28/2020,$532.00*,$476.50 ,10/30/2020,10.43%
PTON,Short,9/29/2020,$125.00*,$111.75 ,10/30/2020,10.60%
WHR,Short,10/13/2020,$202.27 ,$181.45 ,10/30/2020,10.29%
SCO,Long,10/6/2020,$16.00 ,$17.65 ,10/26/2020,10.31%
VXX,Long,9/15/2020,$23.72*,$24.55 ,10/26/2020,3.50%
WWR,Long,10/23/2020,$4.12 ,$5.12 ,10/26/2020,24.27%
Z,Short,9/25/2020,$106.55*,$95.45 ,10/22/2020,10.42%
LTC/USD,Long,9/5/2020,$46.00 ,$55.20 ,10/22/2020,20.00%
BTC/USD,Long,9/5/2020,"$9,900 ","$12,455 ",10/21/2020,25.81%
JKS,Short,10/7/2020,$73.93*,$69.43 ,10/21/2020,6.09%
MSFT,Short,10/13/2020,$223.90 ,$213.80 ,10/19/2020,4.51%
TLRY,Long,9/17/2020,$4.89 ,"$5,90",10/8/2020,20.65%
PENN,Short,9/28/2020,$72.75 ,$65.40 ,10/8/2020,10.10%
SCO,Long,9/17/2020,$16.03 ,$17.63 ,9/29/2020,10.00%
X,Long,9/25/2020,$6.88 ,$7.60 ,9/28/2020,10.47%
PENN,Short,9/17/2020,$72.65 ,$62.65 ,9/24/2020,13.77%
ZM,Short,9/23/2020,$509.25 ,$459.25 ,9/24/2020,9.82%
KBH,Short,9/22/2020,$40.50 ,$37.95 ,9/23/2020,6.30%
ACB,Long,9/11/2020,$6.72*,$7.22 ,9/22/2020,7.44%
ZSL,Long,8/13/2020,$7.46*,$8.46 ,9/21/2020,13.41%
EFX,Short,6/3/2020,$171.75 ,$156.80 ,9/17/2020,8.68%
TLRY,Long,9/14/2020,$5.17 ,$6.04 ,9/16/2020,17.16%
SCO,Long,7/2/2020,$15.88 ,$18.91 ,9/8/2020,19.08%
MSFT,Short,4/16/2020,$209.30*,$207.00 ,9/4/2020,1.10%
SPLK,Short,7/1/2020,$204.75 ,$191.50 ,9/4/2020,6.47%
W,Short,6/17/2020,$269.82*,$249.82 ,9/4/2020,7.42%
FB,Short,8/26/2020,$301.25 ,$281.25 ,9/4/2020,6.64%
GOOGL,Short,9/2/2020,"$1,726.00 ","$1,592.00 ",9/4/2020,7.76%
ZM,Short,8/26/2020,$403.33*,$375.00 ,9/3/2020,7.56%
OSTK,Short,7/28/2020,$94.28*,$84.45 ,9/2/2020,11.45%
VXX,Long,8/6/2020,$25.80*,$28.12 ,9/2/2020,8.99%
ZSL,Long,7/21/2020,$9.63*,$9.22 ,8/11/2020,-4.26%
X,Long,7/27/2020,$7.34 ,$8.20 ,8/11/2020,11.72%
DOCU,Short,7/30/2020,$214.30 ,$197.00 ,8/10/2020,8.07%
ILMN,Short,6/19/2020,$371.23 ,$343.69 ,8/7/2020,7.42%
SPOT,Short,6/29/2020,$274.75*,$247.27 ,8/5/2020,10.00%
LTC/USD,Long,2/26/2020,$42.55*,$53.25 ,7/27/2020,25.15%
BTC/USD,Long,7/22/2020,"$9,373.00 ","$11,405.00 ",7/27/2020,21.68%
ZM,Short,7/20/2020,$271.00 ,$249.25 ,7/23/2020,8.03%
XTZ/USD,Long,6/16/2020,$2.59 ,$3.26 ,7/15/2020,25.87%
SHOP,Short,7/1/2020,"$1,029.00*",$925.00 ,7/14/2020,10.11%
ZM,Short,6/22/2020,$263.00*,$240.50 ,7/14/2020,8.56%
FSLY,Short,6/30/2020,$93.25*,$83.90 ,7/13/2020,10.03%
DOCU,Short,7/10/2020,$211.00 ,$189.25 ,7/13/2020,10.31%
FB,Short,4/29/2020,$224.60*,$207.75 ,6/29/2020,7.50%
SCO,Long,6/23/2020,$16.90 ,$18.65 ,6/24/2020,10.36%
SCO,Buy,6/5/2020,$18.92 ,$21.00 ,6/11/2020,11.00%
ILMN,Short,5/28/2020,$375.00 ,$343.50 ,6/11/2020,8.40%
ADSK,Short,6/10/2020,$238.75 ,$224.48 ,6/11/2020,5.98%
SPXU,Long,5/26/2020,$12.70*,$13.20 ,6/11/2020,3.94%
TWM,Long,6/1/2020,$11.18*,$11.95 ,6/11/2020,6.89%
LULU,Short,6/1/2020,$308.75*,$283.00 ,6/11/2020,8.34%
BA,Short,6/5/2020,$219.85*,$198.25 ,6/10/2020,9.82%
RIG,Long,2/7/2020,$3.46*,$3.32 ,6/8/2020,-3.47%
OXY,Long,3/6/2020,$20.46*,$20.24 ,6/5/2020,-1.07%
DKNG,Short,6/1/2020,$43.25 ,$39.95 ,6/2/2020,7.63%
LABD,Long,5/28/2020,$4.55 ,$5.10 ,5/29/2020,12.09%
AMGN,Short,4/23/2020,$238.65*,$220.00 ,5/27/2020,7.82%
SHOP,Short,4/24/2020,$764.50*,$714.50 ,5/27/2020,6.54%
LABD,Long,5/18/2020,$4.37 ,$5.24 ,5/27/2020,19.91%
ZM,Short,5/20/2020,$173.50 ,$155.00 ,5/27/2020,11.94%
SE,Short,5/26/2020,$82.50 ,$75.50 ,5/27/2020,8.49%
HSY,Short,4/13/2020,$142.20 ,$128.24 ,5/26/2020,9.82%
BA,Long,4/30/2020,$130.62*,$140.05 ,5/21/2020,7.56%
UCO,Long,4/14/2020,$32.12*,$21.32 ,5/18/2020,-33.62%
W,Short,4/27/2020,$178.96*,$160.50 ,5/18/2020,10.32%
TTD,Short,4/29/2020,$305.00*,$280.00 ,5/14/2020,8.20%
SOXS,Long,5/5/2020,$9.27*,$10.40 ,5/14/2020,12.19%
LABD,Long,5/5/2020,$5.22*,$5.77 ,5/13/2020,10.54%
KLAC,Short,4/29/2020,$173.75 ,$156.50 ,5/1/2020,10.00%
LABD,Long,4/23/2020,$6.12*,$7.45 ,5/1/2020,21.73%
TSLA,Short,4/22/2020,$810.50*,$725.00 ,5/1/2020,10.55%
SOXS,Long,4/22/2020,$9.52*,$10.50 ,5/1/2020,10.29%
ETH/USD,Long,3/8/2020,$161.83*,$210.60 ,4/29/2020,30.14%
BTC/USD,Long,10/25/2019,"$7,581.25*","$8,573.00 ",4/29/2020,13.08%
SOXS,Long,4/17/2020,$10.19 ,$11.85 ,4/21/2020,16.29%
SHOP,Short,4/20/2020,$637.50*,$566.00 ,4/21/2020,11.22%
LABD,Long,4/20/2020,$6.66 ,$7.58 ,4/21/2020,13.81%
NFLX,Short,4/16/2020,$445.00 ,$421.50 ,4/17/2020,5.28%
SOHU,Long,2/10/2019,$8.13*,$8.60 ,4/17/2020,5.78%
BAC,Long,4/16/2020,$21.32 ,$22.82 ,4/16/2020,7.04%
BAC,Long,3/5/2020,$25.76*,$24.70 ,4/9/2020,-4.11%
JPM,Long,3/4/2020,$91.45*,$100.45 ,4/9/2020,9.94%
UWM,Long,3/11/2020,$38.06*,$38.15 ,4/9/2020,0.24%
TUP,Long,4/7/2020,$1.35 ,$1.82 ,4/9/2020,34.81%
USO,Long,4/7/2020,$4.98 ,$5.36 ,4/8/2020,7.63%
XOM,Long,2/25/2020,$40.41*,$43.08 ,4/7/2020,6.61%
KHC,Long,3/30/2020,$24.50 ,$27.00 ,4/7/2020,10.21%
SAVE,Long,4/3/2020,$10.25 ,$11.60 ,4/6/2020,13.17%
AXP,Long,4/1/2020,$79.20 ,$83.20 ,4/6/2020,5.05%
X,Long,4/2/2020,$5.85 ,$6.55 ,4/6/2020,11.97%
UCO,Long,2/25/2020,$4.25 ,$2.60 ,4/2/2020,-38.82%
USO,Long,3/30/2020,$4.08 ,$4.60 ,4/2/2020,12.75%
HAL,Long,3/11/2020,$7.25 ,$8.15 ,4/2/2020,12.41%
X,Long,3/5/2020,$6.24 ,$6.90 ,4/1/2020,10.58%
AAL,Long,2/28/2020,$18.77 ,$17.22 ,3/26/2020,-8.26%
TLRY,Long,2/24/2020,$6.89 ,$7.55 ,3/26/2020,9.58%
PSX,Long,3/16/2020,$49.25 ,$55.10 ,3/26/2020,11.88%
MSFT,Long,3/16/2020,$139.00 ,$153.95 ,3/26/2020,10.76%
DIS,Long,2/28/2020,$92.37 ,$102.00 ,3/25/2020,10.43%
AAPL,Long,3/20/2020,$221.12 ,$251.50 ,3/25/2020,13.74%
SSO,Long,3/9/2020,$84.27 ,$87.42 ,3/25/2020,3.74%
USLV,Long,3/13/2020,$29.88 ,$37.07 ,3/24/2020,24.06%
UTX,Long,3/23/2020,$73.64 ,$84.00 ,3/24/2020,14.07%
RCL,Long,3/6/2020,$37.09 ,$38.09 ,3/24/2020,2.70%
SAVE,Long,3/4/2020,$12.77 ,$13.67 ,3/24/2020,7.05%
AXP,Long,3/18/2020,$74.35 ,$83.55 ,3/24/2020,11.03%
BA,Long,3/16/2020,$118.96 ,$135.00 ,3/24/2020,13.48%
MCD,Long,3/17/2020,$140.50 ,$156.25 ,3/20/2020,11.21%
SPCE,Long,3/16/2020,$11.00 ,$13.50 ,3/20/2020,22.73%
UBER,Long,3/17/2020,$17.77 ,$19.15 ,3/19/2020,7.77%
TSLA,Long,3/18/2020,$354.00 ,$425.80 ,3/19/2020,20.28%
UTX,Long,3/18/2020,$75.25 ,$84.65 ,3/19/2020,12.49%
TRV,Long,3/17/2020,$80.70 ,$88.80 ,3/17/2020,10.04%
HSY,Short,5/22/2019,$134.79 ,$132.00 ,3/16/2020,2.06%
PSX,Long,3/11/2020,$50.33 ,$57.50 ,3/16/2020,14.25%
AAPL,Long,3/12/2020,$237.75 ,$263.75 ,3/13/2020,10.94%
AXP,Long,3/12/2020,$82.85 ,$90.50 ,3/13/2020,9.23%
QLD,Long,3/12/2020,$83.50 ,$91.75 ,3/13/2020,9.88%
QLD,Long,3/13/2020,$83.11 ,$88.20 ,3/13/2020,6.14%
TSLA,Short,12/19/2019,$613.26 ,$569.00 ,3/12/2020,7.22%
GRMN,Short,1/17/2020,$68.52 ,$73.50 ,3/12/2020,-7.26%
MSFT,Short,1/18/2020,$139.00 ,$142.00 ,3/12/2020,-2.16%
QLD,Long,3/12/2020,$83.00 ,$93.25 ,3/12/2020,12.35%
BA,Short,2/16/2017,$213.35 ,$206.00 ,3/11/2020,3.45%
HAL,Long,3/9/2020,$8.45 ,$9.77 ,3/10/2020,15.62%
TBT,Long,3/6/2020,$16.00 ,$17.30 ,3/10/2020,8.13%
USO,Long,3/9/2020,$6.65 ,$7.33 ,3/10/2020,10.22%
HAL,Long,3/10/2020,$7.99 ,$8.80 ,3/10/2020,10.13%
FISV,Short,9/19/2019,$105.25 ,$99.00 ,3/9/2020,5.94%
ETH/USD,Long,3/1/2020,$214.85 ,$238.15 ,3/6/2020,10.85%
USLV,Long,2/28/2020,$70.25 ,$75.50 ,3/3/2020,7.47%
OXY,Long,2/27/2020,$31.75 ,$34.25 ,3/3/2020,7.87%
GOOGL,Long,2/28/2020,"$1,275.00 ","$1,403.00 ",3/3/2020,10.04%
SSO,Long,2/28/2020,$121.50*,$130.75 ,3/2/2020,7.57%
JPM,Long,2/28/2020,$115.48 ,$121.48 ,3/2/2020,5.20%
SQQQ,Long,10/4/2019,$26.40 ,$26.30 ,2/28/2020,-0.38%
ROST,Short,10/17/2019,$112.78 ,$108.00 ,2/28/2020,4.24%
QLD,Long,2/28/2020,$105.30 ,$116.00 ,2/28/2020,10.16%
SOXS,Long,10/11/2019,$27.79 ,$25.35 ,2/27/2020,-8.78%
FAZ,Long,1/16/2019,$35.28 ,$33.85 ,2/27/2020,-4.05%
SPXU,Long,1/15/2019,$22.90 ,$23.20 ,2/27/2020,1.31%
ASML,Short,12/5/2019,$288.65 ,$277.65 ,2/27/2020,3.81%
ETH/USD,Long,2/25/2020,$217.00 ,$237.75 ,2/27/2020,9.56%
AAL,Long,2/27/2020,$19.95 ,$22.45 ,2/27/2020,12.53%
AAPL,Short,8/13/2019,$257.50 ,$269.80 ,2/27/2020,-4.77%
BAC,Short,10/22/2019,$32.15 ,$31.95 ,2/25/2020,0.60%
KLAC,Short,9/3/2019,$160.75 ,$150.35 ,2/25/2020,6.47%
SDS,Long,9/5/2019,$26.43 ,$26.15 ,2/25/2020,-1.06%
BMY,Short,12/13/2019,$64.22 ,$61.72 ,2/25/2020,3.89%
MA,Short,1/29/2020,$323.05 ,$303.05 ,2/25/2020,6.19%
AMD,Short,2/11/2020,$55.25 ,$48.95 ,2/24/2020,11.40%
VXX,Long,10/11/2019,$17.20 ,$17.73 ,2/24/2020,3.08%
NVDA,Short,2/19/2020,$310.00 ,$290.75 ,2/21/2020,6.21%
TVIX,Long,2/5/2020,$43.52 ,$48.85 ,2/21/2020,12.25%
UCO,Long,1/24/2020,$14.69 ,$15.82 ,2/20/2020,7.69%
UGAZ,Long,1/17/2020,$53.90 ,$52.08 ,2/20/2020,-3.37%
TLRY,Long,1/31/2020,$16.72 ,$18.40 ,2/19/2020,10.05%
VERI,Long,12/5/2019,$2.66 ,$3.25 ,2/18/2020,22.18%
SOHU,Long,1/27/2020,$10.68 ,$11.85 ,2/7/2020,10.96%
RIG,Long,1/27/2020,$4.70 ,$5.07 ,2/5/2020,7.87%
SLB,Long,1/27/2020,$33.96 ,$35.60 ,2/5/2020,4.83%
FB,Short,1/9/2020,$217.55 ,$204.85 ,1/30/2020,5.84%
AMD,Short,1/22/2020,$51.48 ,$46.98 ,1/29/2020,8.74%
LTC/USD,Long,1/23/2020,$52.00 ,$59.25 ,1/27/2020,13.94%
SOHU,Long,1/23/2020,$11.13 ,$12.20 ,1/24/2020,9.61%
TVIX,Long,1/16/2020,$39.95 ,$44.50 ,1/24/2020,11.39%
BABA,Short,1/8/2020,$220.10 ,$212.90 ,1/24/2020,3.27%
LABD,Long,1/15/2020,$11.67 ,$13.33 ,1/23/2020,14.22%
LTC/USD,Long,9/24/2019,$53.50 ,$63.15 ,1/17/2020,18.04%
ACB,Long,1/6/2020,$1.70 ,$1.89 ,1/15/2020,11.18%
TUP,Long,1/2/2020,$8.45 ,$9.15 ,1/15/2020,8.28%
TLRY,Long,11/25/2019,$17.92 ,$18.77 ,1/14/2020,4.74%
ETH/USD,Long,11/22/2019,$140.00 ,$165.50 ,1/14/2020,18.21%
MJ,Long,12/4/2019,$16.92 ,$17.84 ,1/14/2020,5.44%
SOHU,Long,5/20/2019,$14.13 ,$13.82 ,1/9/2020,-2.19%
SCO,Long,12/6/2019,$12.34 ,$12.65 ,1/8/2020,2.51%
WMT,Short,10/17/2019,$120.00 ,$116.40 ,1/7/2020,3.00%
LABD,Long,12/16/2019,$11.82 ,$12.82 ,1/2/2020,8.46%
Tax Selling,To Offset,Huge 2021,Profits,And Reduce,Tax Bill,undefined
VXX,Long,2/2/2021,$42.30 ,$18.46 ,12/30/2021,-56.35%
SDS,Long,2/2/2021,$10.04 ,$6.96 ,12/30/2021,-30.67%
SOXS,Long,10/26/2021,$4.49 ,$3.32 ,12/30/2021,-26.05%
SPXU,Long,10/15/2021,$14.19 ,$12.15 ,12/30/2021,-14.37%
Tax Selling,To Offset,Huge 2021,Profits,And Reduce,Tax Bill,undefined
TMV,Long,11/30/2021,$50.35 ,$56.00 ,12/30/2021,11.22%
T,Long,9/8/2021,$24.56*,$24.90 ,12/23/2021,1.38%
BHP,Long,9/17/2021,$55.20*,$60.15 ,12/23/2021,8.97%
CHGG,Long,11/15/2021,$27.91*,$31.35 ,12/22/2021,12.33%
TNA,Long,12/13/0201,$74.40 ,$81.50 ,12/22/2021,9.54%
SE,Long,12/17/2021,$201.54 ,$226.64 ,12/21/2021,12.45%
SE,Short,6/15/2021,$178.04*,$201.54 ,12/17/2021,-13.20%
QID,Long,12/7/2021,$15.91 ,$17.06 ,12/17/2021,7.23%
BOIL,Long,12/2/2021,$28.36*,$30.86 ,12/13/2021,8.82%
STNE,Long,11/22/2021,$16.56*,$19.06 ,12/9/2021,15.10%
TNA,Long,11/23/2021,$81.75*,$87.05 ,12/7/2021,6.48%
VALE,Long,11/3/2021,$12.04 ,$13.27 ,12/6/2021,10.22%
QID,Long,10/18/2021,$16.89*,$17.25 ,12/3/2021,2.13%
ORCL,Short,10/11/2021,$95.60 ,$88.10 ,12/3/2021,7.85%
AMD,Long,11/16/2021,$156.00 ,$142.00 ,12/3/2021,8.97%
UCO,Long,12/2/2021,$62.75 ,$70.05 ,12/2/2021,11.63%
IWM,Short,1/6/2021,$207.65*,$214.25 ,12/1/2021,-3.18%
DRV,Long,11/10/2021,$39.45 ,$43.85 ,12/1/2021,11.15%
GRMN,Short,7/17/2020,$137.27 ,$135.00 ,11/30/2021,1.65%
SCO,Long,11/26/2020,$18.22*,$15.08 ,11/26/2021,-17.23%
TTM,Short,10/13/2021,$33.55 ,$30.20 ,11/26/2021,9.99%
AXP,Short,7/21/2021,$172.20 ,$155.80 ,11/26/2021,9.52%
NET,Short,10/15/2021,$194.63*,$179.63 ,11/23/2021,7.71%
CGC,Long,9/10/2021,$14.33*,$15.88 ,11/15/2021,10.82%
DIDI,Long,10/29/2021,$8.08 ,$9.50 ,11/12/2021,17.57%
AFRM,Short,10/12/2021,$150.35*,$139.35 ,11/10/2021,7.32%
GDX,Long,6/17/2021,$31.24*,$34.44 ,11/10/2021,10.24%
AMD,Long,11/8/2021,$152.05 ,$138.90 ,11/10/2021,8.65%
HUYA,Long,10/29/2021,$8.25 ,$9.80 ,11/9/2021,18.79%
MRNA,Long,11/5/2021,$218.25 ,$243.25 ,11/8/2021,11.46%
BTC/USD,Short,10/20/2021,"$66,100 ","$64,040 ",11/2/2021,3.12%
KOLD,Long,10/27/2021,$5.88 ,$6.58 ,10/28/2021,11.91%
KOLD,Long,10/25/2021,$5.93 ,$6.55 ,10/26/2021,10.46%
TIGR,Long,10/14/2021,$6.15 ,$10.00 ,10/21/2021,15.77%
KWEB,Long,7/19/2021,$48.62 ,$53.78 ,10/20/2021,10.61%
BIDU,Long,7/6/2021,$159.25 ,$160.25 ,10/20/2021,13.19%
ICPT,Long,7/13/2021,$15.33*,$17.21 ,10/12/2021,12.26%
BABA,Long,7/6/2021,$156.34*,$163.44 ,10/11/2021,4.54%
MOMO,Long,10/4/2021,$10.19 ,$11.59 ,10/11/2021,13.74%
DIDI,Long,10/4/2021,$7.30 ,$8.46 ,10/11/2021,15.89%
KOLD,Long,10/4/2021,$6.20*,$7.70 ,10/7/2021,24.19%
BEKE,Long,10/4/2021,$17.59 ,$19.39 ,10/7/2021,10.23%
PDD,Long,10/4/2021,$84.26 ,$95.26 ,10/7/2021,13.06%
TIGR,Long,10/4/2021,$9.70 ,$11.15 ,10/7/2021,14.95%
DOYU,Long,10/4/2021,$2.98 ,$3.42 ,10/7/2021,15.10%
QID,Long,5/20/2021,$19.77*,$20.47 ,10/4/2021,3.54%
DXD,Long,3/15/2021,$9.45*,$9.53 ,10/4/2021,0.85%
BX,Short,7/29/2021,$123.45*,$112.55 ,10/4/2021,8.83%
SQQQ,Long,8/10/2021,$7.75*,$8.85 ,10/1/2021,14.19%
DKS,Short,8/25/2021,$133.25*,$117.65 ,10/1/2021,11.71%
BEKE,Long,9/24/2021,$16.42 ,$18.42 ,9/29/2021,12.18%
KOLD,Long,9/27/2021,$7.16*,$8.06 ,9/29/2021,12.57%
SOXS,Long,8/23/2021,$6.40 ,$7.05 ,9/29/2021,10.16%
TMV,Long,6/17/2021,$58.68*,$62.58 ,9/28/2021,6.82%
DRV,Long,5/25/2021,$4.88*,$5.04 ,9/28/2021,3.28%
SPXU,Long,9/23/2021,$16.16*,$17.09 ,9/28/2021,5.76%
BEKE,Long,9/14/2021,$16.26*,$18.10 ,9/22/2021,11.32%
SPXU,Long,7/22/2021,$16.29*,$17.54 ,9/20/2021,7.67%
GOOGL,Short,8/30/2021,"$2,898.50 ","$2,738.50 ",9/20/2021,5.52%
KOLD,Long,9/14/2021,$8.78 ,$9.68 ,9/17/2021,10.25%
TUR,Long,3/22/2021,$22.75 ,$24.05 ,9/1/2021,5.71%
BEKE,Long,8/30/2021,$17.35 ,$19.85 ,9/1/2021,14.41%
YY,Long,6/21/2021,$54.65 ,$64.20 ,8/26/2021,17.48%
LVS,Long,8/19/2021,$37.50 ,$41.40 ,8/24/2021,10.40%
PDD,Long,7/23/2021,$90.25*,$97.20 ,8/24/2021,7.70%
BEKE,Long,8/3/2021,$18.03*,$19.43 ,8/24/2021,7.77%
XOM,Short,2/24/2021,$57.87 ,$53.12 ,8/19/2021,8.21%
SOXS,Long,8/3/2021,$6.60 ,$7.32 ,8/17/2021,10.91%
GILD,Long,8/11/2021,$65.11 ,$71.35 ,8/16/2021,9.58%
MRNA,Short,7/23/2021,$389.60 ,$350.64 ,8/16/2021,10.00%
MU,Short,12/4/2020,$78.59*,$71.30 ,8/12/2021,9.28%
AMD,Short,8/4/2021,$118.25 ,$111.90 ,8/5/2021,5.37%
FDX,Short,5/3/2021,$303.09 ,276.0-,8/2/2021,8.64%
JETS,Long,7/19/2021,$21.58 ,$23.02 ,7/21/2021,6.67%
MRNA,Short,7/20/2021,$333.75 ,$289.75 ,7/20/2021,10.49%
TWM,Buy,6/1/2021,$13.63 ,$15.00 ,7/15/2021,10.05%
AMC,Short,7/6/2021,$55.00 ,$44.50 ,7/7/2021,19.10%
AMC,Short,6/23/2021,$58.35 ,$48.95 ,7/2/2021,16.11%
SWBI,Short,7/1/2021,$37.10 ,$32.95 ,7/2/2021,11.19%
BIDU,Long,4/25/2021,$208.20 ,$208.40 ,6/28/2021,0.01%
TDOC,Long,3/4/2021,$169.82 ,$170.82 ,6/28/2021,0.59%
VIAC,Long,3/26/2021,$42.75 ,$47.10 ,6/28/2021,10.18%
BABA,Long,6/9/2021,$214.28 ,$230.58 ,6/28/2021,7.61%
VIPS,Long,6/21/2021,$17.58 ,$19.13 ,6/24/2021,8.82%
F,Short,5/28/2021,$15.71 ,$14.50 ,6/18/2021,7.70%
XHB,Short,5/3/2021,$76.76 ,$69.46 ,6/17/2021,9.51%
CAT,Short,11/10/2020,$215.10*,$208.40 ,6/17/2021,1.99%
JPM,Short,2/22/2021,$156.32*,$155.40 ,6/15/2021,0.59%
ICPT,Long,02/25/0201,$20.92*,$22.21 ,6/14/2021,6.64%
MOMO,Long,5/28/2021,$14.05 ,$15.35 ,6/10/2021,9.25%
GOTU,Long,5/19/2021,$23.50 ,$25.85 ,5/20/2021,10.00%
BTC/USD,Long,5/19/2021,"$31,000 ","$41,000 ",5/19/2021,32.26%
ARRY,Long,5/17/2021,$13.60 ,$14.70 ,5/19/2021,8.09%
GOTU,Long,5/14/2021,$23.72*,$26.16 ,5/18/2021,10.29%
GLD,Long,11/25/2021,$166.02*,$174.30 ,5/17/2021,4.99%
ARRY,Long,5/12/2021,$14.82 ,$15.33 ,5/13/2021,3.44%
QID,Long,4/5/2021,$23.50*,$25.83 ,5/11/2021,9.92%
AMAT,Short,4/1/2021,$141.15 ,$126.85 ,5/4/2021,10.20%
SOXS,Long,4/5/2021,$8.25 ,$10.30 ,5/4/2021,24.85%
BNTX,Short,5/3/2021,$202.25 ,$180.75 ,5/4/2021,10.63%
GSX,Long,3/29/2021,$29.42*,$32.42 ,4/26/2021,10.20%
VIPS,Long,3/24/2021,$28.28*,$31.55 ,4/23/2021,11.56%
TME,Long,4/20/2021,$17.15 ,$18.88 ,4/22/2021,10.09%
SQ,Short,4/14/2021,$278.00 ,$248.00 ,4/19/2021,10.79%
AI,Long,4/12/2021,$59.65 ,$66.50 ,4/14/2021,11.48%
PFE,Long,2/1/2021,$35.79 ,$37.61 ,4/13/2021,5.09%
BABA,Long,3/25/2021,$224.95 ,$241.55 ,4/12/2021,7.38%
AI,Long,3/24/2021,$64.60 ,$71.10 ,4/1/2021,10.06%
TME,Long,3/26/2021,$16.95 ,$19.50 ,3/26/2021,15.04%
VIAC,Short,3/17/2021,$94.55 ,$84.10 ,3/24/2021,11.05%
RLX,Long,3/24/2021,$7.95 ,$8.85 ,3/24/2021,11.32%
FAZ,Long,3/18/2021,$31.70 ,$35.05 ,3/18/2021,10.57%
VIAC,Short,3/10/2021,$93.53*,$87.93 ,3/17/2021,5.99%
GDX,Long,2/26/2021,$30.95 ,$33.60 ,3/16/2021,8.56%
PYPL,Long,3/5/2021,$224.85 ,$251.25 ,3/11/2021,11.74%
SQ,Long,3/5/2021,$200.00 ,$222.05 ,3/9/2021,11.03%
INSG,Long,3/2/2021,$9.92*,$10.46 ,3/9/2021,5.44%
AMZN,Short,6/10/2020,"$2,938.17*","$2,892.17 ",3/5/2021,1.57%
SMH,Short,11/30/2020,$221.09*,$217.35 ,3/5/2021,1.70%
RH,Short,12/2/2020,$458.00*,$426.00 ,3/5/2021,6.99%
KLAC,Short,11/12/2020,$286.74*,$282.74 ,3/4/2021,1.40%
ROKU,Short,12/21/2020,$377.50*,$347.50 ,3/4/2021,7.95%
PYPL,Short,11/30/2020,$247.55*,$242.80 ,3/4/2021,1.92%
TWM,Long,2/5/2021,$14.98*,$16.45 ,3/4/2021,9.81%
TWTR,Short,2/16/2021,$74.25 ,$68.35 ,3/4/2021,7.95%
TSM,Short,1/20/2021,$136.00 ,$119.50 ,3/4/2021,12.13%
TLT,Long,2/25/2021,$137.60 ,$143.45 ,2/26/2021,4.25%
Z,Short,12/10/2020,$161.62*,$151.42 ,2/25/2021,6.31%
QID,Long,2/2/2021,$25.38*,$28.03 ,2/25/2021,10.44%
QCOM,Short,11/18/2020,$150.50 ,$134.60 ,2/23/2021,10.57%
PINS,Short,2/11/2021,$85.50 ,$71.25 ,2/23/2021,16.66%
SOXS,Long,2/12/2021,$10.96 ,$13.25 ,2/23/2021,20.09%
FRO,Long,2/3/2021,$6.12 ,$6.74 ,2/8/2021,10.13%
MAC,Long,2/2/2021,$12.21 ,$13.45 ,2/4/2021,10.16%
XRT,Short,12/9/2020,$79.25*,$75.95 ,2/2/2021,4.16%
LIT,Short,1/7/2021,$72.65 ,$65.20 ,1/29/2021,10.25%
SFIX,Short,1/25/2021,$103.75 ,$92.75 ,1/28/2021,10.60%
ETSY,Short,1/20/2021,$225.70 ,$192.70 ,1/27/2021,14.62%
PLUG,Short,1/26/2021,$75.25 ,$63.85 ,1/27/2021,15.15%
VXX,Long,11/5/2020,$18.05*,$20.15 ,1/27/2021,11.70%
JPM,Short,1/7/2021,$138.15 ,$131.20 ,1/25/2021,5.03%
ICPT,Long,1/15/2021,$27.05 ,$31.10 ,1/25/2021,14.97%
PLUG,Short,1/13/2021,$70.50 ,$62.25 ,1/15/2021,11.70%
FUBO,Long,12/30/2020,$28.16*,$32.20 ,1/12/2021,14.35%
BABA,Long,1/7/2021,$221.15 ,$238.15 ,1/8/2021,7.69%
FDX,Short,8/12/2020,$239.87 ,$245.87 ,1/7/2021,-2.50%
QS,Long,1/4/2021,$48.65 ,$55.25 ,1/5/2021,13.57%
ICPT,Long,12/7/2020,$28.67*,$31.12 ,1/5/2021,8.55%
PTON,Short,12/22/2020,$160.50 ,$143.75 ,1/4/2021,10.44%
TGT,Long,12/22/2022,$140.04 ,$149.04 ,12/29/2022,6.43%
GILD,Short,12/5/2022,$89.00 ,$82.40 ,12/20/2022,7.42%
SDS,Long,11/23/2022,$42.10 ,$46.65 ,12/20/2022,10.81%
SOXS,Long,11/11/2022,$32.50 ,$37.50 ,12/19/2022,15.38%
IBN,Short,11/30/2022,$23.48 ,$21.68 ,12/15/2022,7.67%
TLT,Long,3/25/2022,$110.31 ,$108.45 ,12/7/2022,-1.69%
MJ,Long,6/22/2022,$6.05 ,$6.62 ,12/5/2022,9.42%
MSFT,Long,9/16/2022,$236.22 ,$255.70 ,12/1/2022,8.25%
NEM,Long,7/21/2022,$45.26 ,$49.36 ,12/1/2022,9.06%
SLV,Long,4/28/2022,$18.90 ,$20.88 ,12/1/2022,10.48%
TME,Long,4/29/2022,$6.75 ,$6.88 ,11/30/2022,1.93%
BABA,Long,10/19/2022,$68.70 ,$78.70 ,11/15/2022,14.56%
SE,Long,8/24/2022,$51.71 ,$55.20 ,11/15/2022,6.75%
META,Long,5/9/2022,$116.47 ,$116.99 ,11/15/2022,0.45%
BIDU,Long,10/19/2022,$88.92 ,$98.92 ,11/15/2022,11.25%
TDOC,Long,8/31/2022,$29.40 ,$32.05 ,11/11/2022,9.01%
KWEB,Long,9/21/2022,$21.29 ,$24.05 ,11/11/2022,12.96%
WBD,Long,11/9/2022,$9.64 ,$10.98 ,11/11/2022,13.69%
OKTA,Long,11/3/2022,$47.78 ,$52.26 ,11/11/2022,9.38%
ZM,Long,8/31/2022,$77.50 ,$89.64 ,11/11/2022,15.66%
AMD,Long,9/20/2022,$62.65 ,$67.30 ,11/10/2022,7.42%
IBB,Long,1/27/2022,$125.00 ,$133.56 ,11/10/2022,6.85%
INTC,Long,9/16/2022,$26.45 ,$29.44 ,11/10/2022,11.30%
NVDA,Long,8/31/2022,$127.24 ,$148.24 ,11/8/2022,16.50%
GSK,Long,8/25/2022,$31.30 ,$33.42 ,10/28/2022,6.77%
JPM,Long,3/1/2022,$128.70 ,$126.10 ,10/27/2022,-2.02%
BOIL,Long,10/21/2022,$33.22 ,$36.30 ,10/24/2022,9.27%
TXN,Short,8/21/2022,$151.65 ,$148.65 ,10/13/2022,2.02%
SCO,Long,10/6/2022,$22.85 ,$25.54 ,10/12/2022,11.77%
CSX,Short,9/15/2020,$28.33 ,$27.42 ,10/6/2022,3.21%
OKTA,Long,9/22/2022,$53.50 ,$60.05 ,10/4/2022,12.24%
FSLY,Long,9/22/2022,$8.15 ,$9.52 ,10/4/2022,16.81%
BIIB,Long,1/27/2022,$215.65 ,$303.50 ,9/28/2022,40.47%
UCO,Long,9/26/2022,$25.22 ,$27.90 ,9/28/2022,10.63%
SDS,Long,9/12/2022,$41.90 ,$45.22 ,9/13/2022,7.92%
QID,Long,9/12/2022,$20.64 ,$22.72 ,9/13/2022,10.08%
ROKU,Long,9/1/2022,$64.75 ,$70.50 ,9/9/2022,8.88%
NET,Long,9/6/2022,$58.25 ,$64.10 ,9/9/2022,10.00%
SHOP,Long,9/1/2022,$30.05 ,$34.25 ,9/9/2022,13.98%
MSFT,Short,8/10/2022,$288.40 ,$261.70 ,8/30/2022,9.26%
AAPL,Short,8/4/2022,$170.16 ,$158.50 ,8/30/2022,6.85%
TSLA,Short,8/10/2022,$297.08 ,$275.90 ,8/30/2022,7.13%
QID,Long,7/9/2022,$19.93 ,$21.55 ,8/29/2022,8.13%
SDS,Long,8/3/2022,$39.15 ,$43.83 ,8/29/2022,11.95%
BMY,Short,4/1/2022,$75.75 ,$66.75 ,8/29/2022,11.88%
KWEB,Long,8/12/2022,$28.60 ,$31.95 ,8/26/2022,11.71%
SQ,Long,4/22/2022,$72.17 ,$87.00 ,8/3/2022,20.55%
AEM,Long,7/21/2022,$41.30 ,$44.55 ,8/2/2022,7.87%
WBD,Long,6/16/2022,$13.83 ,$15.97 ,8/2/2022,15.47%
PYPL,Long,4/20/2022,$84.42 ,$98.12 ,8/2/2022,16.23%
UNG,Short,7/25/2022,$30.03 ,$26.93 ,8/1/2022,10.32%
FCX,Long,7/6/2022,$25.62 ,$29.15 ,7/20/2022,13.78%
CVNA,Long,7/11/2022,$21.75 ,$25.25 ,7/20/2022,16.09%
ZM,Long,7/14/2022,$97.40 ,$107.40 ,7/20/2022,10.27%
NET,Long,7/14/2022,$44.30 ,$52.80 ,7/20/2022,19.19%
UUP Puts,Long,7/6/2022,$0.93 ,$1.05 ,7/19/2022,12.90%
NFLX,Long,4/20/2022,$189.06 ,$200.20 ,7/19/2022,5.89%
NVDA,Long,7/1/2022,$146.25 ,$169.05 ,7/19/2022,15.59%
SE,Long,7/14/2022,$68.15 ,$75.45 ,7/19/2022,10.67%
MARA,Long,6/6/2022,$7.61 ,$9.31 ,7/18/2022,22.34%
TDOC,Long,4/14/2022,$40.41 ,$42.21 ,7/7/2022,4.45%
XOM,Short,2/1/2022,$91.15 ,$81.05 ,7/6/2022,11.03%
SE,Long,6/29/2022,$68.85 ,$76.20 ,7/5/2022,10.68%
CVNA,Long,6/29/2022,$22.30 ,$26.30 ,7/5/2022,17.94%
ASML,Short,5/20/2020,$455.38 ,$446.25 ,7/1/2022,2.00%
SCO,Long,6/29/2022,$20.20 ,$23.05 ,6/30/2022,14.11%
QCOM,Long,6/16/2022,$122.25 ,$136.25 ,6/28/2022,11.45%
ZM,Long,4/11/2022,$104.70 ,$121.70 ,6/24/2022,16.24%
SNOW,Long,5/10/2022,$134.97 ,$148.67 ,6/24/2022,10.15%
STNE,Long,6/14/2022,$8.05 ,$9.15 ,6/24/2022,13.67%
UWM,Long,6/16/2022,$29.25 ,$32.15 ,6/24/2022,9.92%
SHOP,Long,6/14/2022,$305.00 ,$362.50 ,6/23/2022,18.69%
CVNA,Long,6/7/2022,$22.27 ,$27.07 ,6/21/2022,21.55%
CVX,Short,3/2/2022,$162.15 ,$145.95 ,6/17/2022,9.99%
SCO,Long,6/2/2022,$19.22 ,$21.72 ,6/17/2022,13.01%
UNG,Short,5/16/2022,$29.66 ,$24.95 ,6/14/2022,15.88%
MPC,Short,6/9/2022,$113.15 ,$102.45 ,6/13/2022,9.46%
SE,Long,4/22/2022,$75.15 ,$87.15 ,6/7/2022,15.97%
MARA,Long,5/20/2022,$9.28 ,$11.16 ,5/31/2022,20.26%
MSFT,Long,5/12/2022,$257.70 ,$273.60 ,5/31/2022,6.17%
WMT,Long,5/18/2022,$119.49 ,$129.30 ,5/31/2022,8.21%
AMZN,Long,5/9/2022,"$2,218 ","$2,433 ",5/31/2022,9.69%
QLD,Long,5/12/2022,$43.81 ,$49.81 ,5/27/2022,13.70%
SMH,Long,5/12/2022,$216.00 ,$242.10 ,5/27/2022,12.08%
STNE,Long,4/25/2022,$8.87 ,$10.31 ,5/27/2022,16.24%
BIDU,Long,4/20/2022,$120.10 ,$135.10 ,5/26/2022,12.49%
IWM,Long,5/12/2022,$169.75 ,$183.41 ,5/26/2022,8.05%
TGT,Long,5/24/2022,$145.75 ,$162.33 ,5/26/2022,11.38%
ROKU,Long,5/24/2022,$75.55 ,$87.75 ,5/26/2022,16.15%
NET,Long,5/24/2022,$50.10 ,$56.05 ,5/26/2022,11.88%
CVNA,Long,5/24/2022,$25.80 ,$31.20 ,5/25/2022,20.93%
VZ,Long,4/29/2022,$46.85 ,$50.02 ,5/24/2022,6.77%
SOFI,Long,4/13/2022,$6.94 ,$7.64 ,5/19/2022,10.09%
AFRM,Long,5/9/2022,$19.22 ,$25.12 ,5/13/2022,30.70%
MSTR,Long,5/12/2022,$158.00 ,$206.00 ,5/13/2022,30.38%
SHOP,Long,5/9/2022,$350.25 ,$401.25 ,5/13/2022,14.56%
DKNG,Long,5/9/2022,$11.40 ,$12.65 ,5/13/2022,10.97%
ARKK,Long,5/6/2022,$39.25 ,$43.25 ,5/13/2022,10.19%
NVDA,Long,5/12/2022,$156.80 ,$175.10 ,5/13/2022,11.67%
RBLX,Long,4/20/2022,$29.00 ,$31.05 ,5/12/2022,7.07%
CVNA,Long,5/10/2022,$34.55 ,$43.05 ,5/12/2022,24.60%
ROKU,Long,5/10/2022,$78.65 ,$90.15 ,5/12/2022,14.62%
MSTR,Long,5/12/2022,$154.01 ,$202.51 ,5/12/2022,31.49%
AAPL,Short,4/14/2020,$133.42 ,$139.42 ,5/12/2022,-4.49%
UNG,Short,4/5/2022,$26.16 ,$24.04 ,5/9/2022,8.10%
ROKU,Long,4/26/2022,$93.75 ,$101.75 ,5/2/2022,8.53%
BABA,Long,4/20/2022,$87.85 ,$101.85 ,4/29/2022,15.94%
CRM,Long,4/26/2022,$170.00 ,$184.25 ,4/28/2022,8.38%
FB,Long,4/20/2022,$186.07 ,$201.25 ,4/27/2022,8.16%
SDS,Long,3/20/2022,$37.05 ,$40.65 ,4/22/2022,9.72%
COST,Short,3/29/2022,$584.75 ,$555.25 ,4/22/2022,5.03%
MOS,Short,4/12/2022,$75.05 ,$69.10 ,4/21/2022,7.93%
QID,Long,3/18/2022,$17.87 ,$19.21 ,4/11/2022,7.50%
AA,Short,3/21/2022,$92.78 ,$81.25 ,4/11/2022,12.43%
TSLA,Short,3/21/2022,"$1,094.15 ","$1,033.15 ",4/6/2022,5.88%
UVXY,Long,3/29/2022,$12.56 ,$14.50 ,4/6/2022,15.45%
SOFI,Long,3/7/2022,$9.80 ,$10.18 ,3/29/2022,3.88%
FSLY,Long,2/17/2022,$17.78 ,$18.55 ,3/29/2022,4.33%
ZM,Long,1/18/2022,$113.75 ,$125.50 ,3/29/2022,10.33%
SCO,Long,3/21/2022,$5.36 ,$5.90 ,3/28/2022,10.08%
KWEB,Long,1/27/2022,$30.25 ,$32.65 ,3/23/2022,7.94%
BABA,Long,11/18/2021,$107.90 ,$121.05 ,3/23/2022,12.19%
AFRM,Long,2/11/2022,$40.25 ,$47.15 ,3/23/2022,17.14%
NKE,Long,3/15/2022,$117.95 ,$137.25 ,3/22/2022,16.36%
PYPL,Long,2/3/2022,$105.20 ,$114.40 ,3/18/2022,8.75%
FB,Long,2/3/2022,$203.50 ,$211.90 ,3/18/2022,4.13%
TDOC,Long,3/4/2022,$63.75 ,$67.25 ,3/18/2022,5.49%
RBLX,Long,2/18/2022,$46.05 ,$49.55 ,3/18/2022,7.60%
FUBO,Long,3/7/2022,$7.25 ,$8.20 ,3/18/2022,13.10%
TIGR,Long,1/29/2022,$4.83 ,$5.83 ,3/18/2022,20.70%
BIDU,Long,1/29/2022,$137.75 ,$158.25 ,3/18/2022,14.88%
PDD,Long,2/22/2022,$41.64 ,$45.24 ,3/18/2022,8.65%
AI,Long,3/8/2022,$19.92 ,$21.82 ,3/18/2022,9.54%
SE,Long,3/4/2022,$96.35 ,$110.35 ,3/17/2022,14.54%
BILI,Long,2/22/2022,$24.96 ,$27.50 ,3/17/2022,10.18%
PLTR,Long,3/8/2022,$10.85 ,$12.33 ,3/17/2022,13.64%
SCO,Long,12/30/2021,$6.83 ,$7.22 ,3/15/2022,5.71%
SQ,Long,3/7/2022,$95.75 ,$107.00 ,3/9/2022,11.75%
DB,Long,3/7/2022,$9.84 ,$10.96 ,3/9/2022,11.38%
ING,Long,3/7/2022,$9.40 ,$10.52 ,3/9/2022,11.92%
AA,Short,3/4/2022,$88.10 ,$78.10 ,3/8/2022,11.35%
AI,Long,2/18/2022,$19.75 ,$24.60 ,3/3/2022,24.56%
TDOC,Long,1/13/2022,$63.30 ,$81.30 ,2/28/2022,28.44%
PLTR,Long,2/18/2022,$10.21 ,$12.05 ,2/25/2022,18.02%
SE,Long,2/18/2022,$120.62 ,$138.12 ,2/25/2022,14.51%
PAYX,Short,11/17/2020,$107.65 ,$111.28 ,2/24/2022,-3.37%
HD,Short,5/5/2020,$284.21 ,$296.32 ,2/24/2022,-4.26%
TSLA,Short,5/5/2020,$732.42 ,$699.00 ,2/24/2022,4.56%
GLD,Long,6/16/2021,$169.35 ,$183.48 ,2/24/2022,8.34%
SOFI,Long,2/23/2022,$9.35 ,$10.29 ,2/24/2022,10.05%
SQ,Long,2/18/2022,$90.27 ,$116.00 ,2/24/2022,28.50%
WDAY,Short,5/28/2021,$237.50 ,$218.50 ,2/23/2022,8.00%
TGT,Short,8/14/2021,$213.20 ,$195.20 ,2/23/2022,8.44%
NKE,Short,9/9/2021,$147.84 ,$138.54 ,2/23/2022,6.29%
CLOV,Long,2/23/2022,$1.98 ,$2.58 ,2/23/2022,30.30%
GDX,Long,12/2/2021,$30.20 ,$34.75 ,2/22/2022,15.07%
ROKU,Long,2/18/2022,$104.85 ,$120.25 ,2/22/2022,14.68%
SQ,Long,2/3/2022,$101.65 ,$116.05 ,2/10/2022,14.17%
TWTR,Long,1/21/2022,$35.12 ,$38.75 ,2/10/2022,10.34%
SE,Long,1/13/2022,$147.96 ,$166.50 ,2/9/2022,12.53%
VIAC,Long,1/21/2022,$31.60 ,$34.80 ,2/9/2022,10.13%
MARA,Long,2/3/2022,$21.33 ,$25.10 ,2/7/2022,17.68%
PTON,Long,1/13/2022,$29.12 ,$33.35 ,2/4/2022,14.35%
TNA,Long,1/21/2022,$57.27 ,$65.20 ,2/2/2022,13.85%
PLTR,Long,1/21/2022,$12.86 ,$14.43 ,2/1/2022,12.21%
NVDA,Long,1/24/2022,$221.30 ,$253.07 ,2/1/2022,14.34%
AFRM,Long,1/14/2022,$58.07 ,$67.22 ,2/1/2022,15.76%
SQ,Long,1/14/2022,$113.36 ,$127.45 ,2/1/2022,12.43%
MARA,Long,1/18/2022,$21.77 ,$24.87 ,2/1/2022,14.24%
AI,Long,1/21/2022,$24.30 ,$26.65 ,2/1/2022,9.67%
FUBO,Long,1/21/2022,$9.57 ,$11.47 ,2/1/2022,19.85%
FSLY,Long,1/21/2022,$26.97 ,$29.60 ,2/1/2022,9.75%
PDD,Long,1/27/2022,$51.20 ,$57.80 ,1/31/2022,12.89%
BILI,Long,1/27/2022,$30.25 ,$34.25 ,1/31/2022,13.22%
CPNG,Long,1/21/2022,$17.80 ,$20.75 ,1/31/2022,16.57%
BITO,Long,1/24/2022,$21.10 ,$24.15 ,1/26/2022,14.46%
DKNG,Long,1/21/2022,$18.92 ,$22.22 ,1/26/2022,17.44%
NVDA,Short,4/16/2020,$201.04 ,$221.30 ,1/24/2022,-9.58%
ARKK,Long,1/24/2022,$65.95 ,$72.75 ,1/24/2022,10.31%
NFLX,Long,1/24/2022,$352.65 ,$384.65 ,1/24/2022,9.07%
COST,Short,9/7/2021,$477.84 ,$483.35 ,1/21/2022,-1.15%
EBAY,Short,3/27/2020,$61.35 ,$59.45 ,1/21/2022,3.10%
MSFT,Short,7/2/2021,$303.11 ,$297.45 ,1/21/2022,1.87%
CMG,Short,8/21/2020,"$1,417.38 ","$1,373.38 ",1/21/2022,3.10%
SMH,Short,6/15/2021,$288.49 ,$272.95 ,1/21/2022,5.39%
DXD,Long,12/30/2021,$40.00 ,$45.30 ,1/21/2022,13.25%
CROX,Short,11/23/2020,$122.13 ,$111.33 ,1/20/2022,8.84%
QID,Long,12/23/2021,$15.78 ,$18.32 ,1/20/2022,16.10%
UVXY,Long,12/30/2021,$12.35 ,$14.55 ,1/20/2022,17.81%
PDD,Long,12/2/2021,$59.70 ,$65.90 ,1/19/2022,10.39%
NEM,Long,6/18/2021,$58.29 ,$64.40 ,1/19/2022,10.48%
VIAC,Long,7/6/2021,$34.33 ,$37.33 ,1/18/2022,8.74%
DRV,Long,12/7/2021,$35.02 ,$39.40 ,1/18/2022,12.51%
SE,Long,1/5/2022,$178.83 ,$197.38 ,1/11/2022,10.37%
AFRM,Long,1/10/2022,$73.00 ,$81.35 ,1/11/2022,11.44%
PTON,Long,1/3/2022,$34.05 ,$37.55 ,1/11/2022,10.28%
SQ,Long,1/10/2022,$133.50 ,$150.05 ,1/11/2022,12.40%
TDOC,Long,1/10/2022,$77.45 ,$88.05 ,1/11/2022,13.69%
C,Long,12/20/2021,$58.25 ,$63.55 ,1/3/2022,9.10%
Tax Selling,To Offset,2023,Profits,And Reduce,Tax Bill,undefined
QID,Long,1/17/2023,$17.70 ,$10.68 ,12/29/2023,-39.66%
ORLY,Short,6/29/2020,$670.27 ,$946.13 ,12/29/2023,-41.16%
GOTU,Long,5/21/2021,$14.31 ,$3.68 ,12/29/2023,-74.28%
ABIO,Long,2/5/2021,$4.70 ,$1.72 ,12/29/2023,-63.40%
RCON,Long,6/11/2021,$2.43 ,$0.24 ,12/29/2023,-90.12%
ROKU,Short,11/20/2023,$101.02 ,$89.82 ,12/21/2023,11.09%
Below Are,Tax Loss,Selling To,Offset,Profits,Reducing,Tax
F,Long,8/10/2023,$10.84 ,$11.79 ,12/14/2023,10.36%
AA,Long,8/16/2023,$25.87 ,$28.50 ,12/14/2023,8.76%
GIS,Long,10/2/2023,$62.50 ,$67.00 ,12/13/2023,7.20%
WMT,Short,9/14/2023,$165.38 ,$149.95 ,12/11/2023,9.33%
BITI,Long,12/6/2023,$12.61 ,$13.65 ,12/11/2023,8.25%
WBA,Long,6/28/2023,$23.75*,$23.42 ,12/8/2023,-1.39%
MRNA,Long,12/6/2023,$75.56*,$82.52 ,12/6/2023,9.21%
LUV,Long,9/13/2023,$24.90*,$26.76 ,12/4/2023,7.23%
DISH,Long,11/20/2023,$3.60 ,$4.01 ,12/4/2023,11.39%
NEM,Long,8/14/2023,$37.34 ,$41.14 ,12/1/2023,10.18%
TLT,Long,5/24/2023,$87.65*,$91.23 ,11/22/2023,4.12%
AMAT,Short,11/14/2023,$153.65 ,$142.65 ,11/17/2023,7.16%
ZM,Long,10/25/2023,$60.92 ,$65.27 ,11/15/2023,7.14%
KWEB,Long,10/3/2023,$26.83 ,$29.05 ,11/15/2023,8.27%
MMM,Long,10/4/2023,$88.00 ,$95.25 ,11/14/2023,8.24%
CCI,Long,8/16/2023,$94.51*,$102.01 ,11/14/2023,7.94%
UAL,Long,10/18/2023,$36.70 ,$39.50 ,11/14/2023,7.63%
TWLO,Long,10/6/2023,$55.15 ,$60.15 ,11/9/2023,9.07%
CHWY,Long,9/13/2023,$18.64*,$20.95 ,11/3/2023,12.39%
PYPL,Long,10/27/2023,$51.00 ,$55.79 ,11/3/2023,9.39%
TGT,Long,10/5/2023,$105.40 ,$114.00 ,11/3/2023,8.16%
TDOC,Long,8/14/2023,$17.14*,$17.90 ,11/3/2023,4.43%
PARA,Long,10/26/2023,$10.69 ,$11.75 ,11/2/2023,7.21%
M,Long,8/24/2023,$11.64*,$12.34 ,11/2/2023,6.01%
TDOC,Long,8/14/2023,$17.14*,$17.23 ,11/2/2023,0.53%
META,Short,10/6/2023,$326.58 ,$288.75 ,10/26/2023,11.58%
VIXY,Long,4/17/2023,$26.85*,27.3,10/23/2023,1.68%
VXX,Long,6/13/2023,$26.26*,$26.89 ,10/20/2023,2.40%
ITB,Short,4/21/2023,$77.23 ,$72.35 ,10/20/2023,6.32%
TSLA,Short,10/10/2023,$266.95 ,$247.01 ,10/18/2023,7.47%
DG,Long,9/25/2023,$107.25 ,$116.51 ,10/17/2023,8.63%
GOLD,Long,10/5/2023,$14.30 ,$15.60 ,10/13/2023,9.09%
AG,Long,10/2/2023,$4.87 ,$5.40 ,10/13/2023,10.88%
HSY,Long,10/5/2023,$196.70 ,$194.36 ,10/11/2023,-1.19%
SQ,Long,8/14/2023,$44.20*,$47.27 ,10/11/2023,6.95%
SEDG,Long,10/9/2023,$118.39 ,$126.63 ,10/10/2023,6.96%
UCO,Long,10/5/2023,$30.35 ,$32.47 ,10/9/2023,6.99%
ROKU,Long,9/26/2023,$68.20 ,$75.16 ,10/9/2023,10.21%
UNG,Long,8/15/2023,$6.89*,$7.25 ,10/5/2023,5.23%
CAT,Short,8/10/2023,$286.71 ,$265.41 ,10/4/2023,7.43%
SCO,Long,9/15/2023,$16.30 ,$18.12 ,10/4/2023,11.17%
XLE,Short,9/7/2023,$91.73 ,$85.01 ,10/4/2023,7.33%
KBH,Short,4/11/2023,$49.31*,$44.24 ,10/3/2023,10.28%
MCD,Short,11/3/2022,$281.10*,$255.34 ,10/3/2023,9.16%
JPM,Short,11/11/2022,$146.04*,$142.87 ,10/3/2023,2.13%
SDS,Long,3/31/2023,$35.99*,$38.31 ,10/3/2023,6.45%
MNST,Short,5/9/2023,$59.10 ,$53.50 ,9/27/2023,9.48%
TSLA,Short,8/31/2023,$260.16 ,$238.75 ,9/27/2023,8.23%
SQQQ,Long,8/29/2023,$18.80 ,$20.88 ,9/26/2023,11.06%
DXD,Long,7/25/2023,$41.69 ,$38.09 ,9/25/2023,9.29%
SE,Long,8/23/2023,$36.85 ,$40.90 ,9/25/2023,10.99%
NFLX,Short,8/30/2023,$436.05 ,$385.25 ,9/21/2023,12.11%
BA,Short,1/11/2023,$223.29*,$200.85*,9/21/2023,10.02%
SOXS,Long,8/29/2023,$9.48 ,$10.85 ,9/15/2023,14.45%
ORCL,Short,5/30/2023,$113.18*,$107.50*,9/12/2023,5.02%
CGC,Long,11/17/2021,$7.70*,$1.10*,9/11/2023,-85.71%
MJ,Long,12/19/2022,$3.79*,$4.10*,9/8/2023,8.18%
RBLX,Long,8/24/2023,$26.45 ,$28.45 ,8/31/2023,7.56%
VZ,Long,7/17/2023,$31.99 ,$34.49 ,8/29/2023,7.81%
MRNA,Long,8/8/2023,$99.75 ,$109.83 ,8/21/2023,10.11%
NFLX,Short,5/26/2023,$438.00*,$399.20*,8/18/2023,8.68%
DE,Short,7/24/2023,$445.05 ,$399.99 ,8/18/2023,10.12%
META,Short,5/26/2023,$299.97*,$277.94*,8/18/2023,7.34%
KBH,Short,4/11/2023,$49.31*,48.60*,8/18/2023,1.44%
SQQQ,Long,6/13/2023,$18.69*,$20.59*,8/17/2023,10.17%
TSLA,Short,6/8/2023,$260.98*,$234.70*,8/15/2023,10.07%
DAL,Short,7/3/2023,$47.65 ,$42.99 ,8/15/2023,9.78%
SOXS,Long,5/26/2023,$9.52*,$10.59*,8/11/2023,12.42%
UNG,Long,3/10/2023,$7.24*,$8.11*,8/9/2023,12.02%
ABNB,Short,7/31/2023,$152.75 ,$142.35 ,8/3/2023,6.81%
SE,Long,6/22/2023,$59.52 ,$66.58 ,7/31/2023,11.86%
NFLX,Short,5/26/2023,$438.00*,$428.50*,7/21/2023,2.17%
TDOC,Long,7/7/2023,$22.55 ,$25.33 ,7/13/2023,12.33%
NEM,Long,5/31/2023,$39.99 ,$44.90 ,7/12/2023,12.28%
HSY,Short,4/27/2023,$268.90 ,$241.04 ,7/11/2023,10.35%
DISH,Long,6/27/2023,$5.91 ,$6.52 ,6/27/2023,10.31%
PYPL,Long,5/15/2023,$62.35 ,$68.50 ,6/20/2023,9.86%
FL,Long,5/25/2023,$25.50 ,$27.71 ,6/16/2023,8.67%
MMM,Long,5/26/2023,$96.53 ,$103.53 ,6/15/2023,7.25%
SE,Long,5/26/2023,$60.40 ,$65.40 ,6/13/2023,8.28%
KRE,Long,3/10/2023,$41.05*,$43.95*,6/7/2023,7.01%
LEVI,Long,5/25/2023,$12.85 ,$14.01 ,6/6/2023,9.03%
JD,Long,5/31/2023,$31.60 ,$34.66 ,6/1/2023,9.68%
DKS,Short,4/11/2023,$139.40 ,$124.30 ,5/23/2023,10.83%
ZM,Long,5/9/2023,$62.87 ,$68.72 ,5/18/2023,9.31%
DISH,Long,5/12/2023,$6.09 ,$6.92 ,5/17/2023,13.63%
XOM,Short,4/4/2023,$116.65 ,$103.85 ,5/16/2023,10.97%
JD,Long,4/25/2023,$33.70 ,$38.00 ,5/15/2023,12.86%
AEM,Short,4/12/2023,$58.10 ,$56.22 ,5/12/2023,3.24%
ZSL,Long,4/13/2023,$15.90 ,$18.15 ,5/11/2023,15.15%
SBUX,Short,4/27/2023,$116.65 ,$103.95 ,5/3/2023,6.90%
T,Short,10/27/2022,$18.62*,$17.06*,5/2/2023,8.38%
BAX,Long,3/8/2023,$39.25 ,$43.20 ,4/13/2023,10.06%
AMGN,Long,3/1/2023,$231.25 ,$253.05 ,4/5/2023,9.43%
SLV,Long,2/15/2023,$19.78 ,$22.15 ,3/31/2023,11.98%
BABA,Long,2/23/2023,$86.03*,$95.53*,3/28/2023,11.04%
SBNY,Long,3/9/2023,$91.00 ,$0.58 ,3/28/2023,-99.95%
UCO,Long,3/15/2023,$21.27 ,$23.82 ,3/22/2023,11.99%
GLD,Long,2/17/2023,$16.46 ,$18.16 ,3/17/2023,10.33%
GDX,Long,2/24/2023,$26.75 ,$30.07 ,3/17/2023,11.04%
XOM,Short,10/6/2022,$110.58*,$100.45 ,3/15/2023,9.16%
AAL,Short,1/11/2023,$16.07*,$14.50*,3/14/2023,10.83%
ING,Short,1/13/2023,$13.73 ,$12.28 ,3/13/2023,10.56%
CAT,Short,11/23/2022,$249.00*,$225.25*,3/13/2023,10.75%
TSLA,Short,1/30/2023,$197.53*,$171.47*,3/10/2023,13.19%
VIXY,Long,1/13/2023,$9.22*,$11.15*,3/10/2023,20.93%
SDS,Long,1/11/2023,$40.49*,$45.63*,3/10/2023,11.87%
DXD,Long,11/8/2022,$42.25*,$46.96*,3/10/2023,11.15%
GRND,Long,11/30/2022,$5.90 ,$7.05 ,3/6/2023,19.49%
BOIL,Long,1/13/2023,$6.07*,$6.52*,2/27/2023,7.41%
NFLX,Short,1/26/2023,$368.68 ,$324.68 ,2/23/2023,11.94%
AMD,Short,2/1/2023,$85.01 ,$78.11 ,2/17/2023,8.12%
COIN,Short,2/2/2023,$75.50*,$63.30*,2/9/2023,16.15%
AMZN,Long,9/16/2022,$105.82*,$109.35*,2/2/2023,3.90%
IQ,Long,3/25/2021,$7.93*,$7.80*,2/2/2023,-1.64%
TLRY,Long,12/15/2022,$3.18 ,$3.52 ,2/2/2023,10.69%
SNOW,Long,12/16/2022,$139.41 ,$156.85 ,1/27/2023,12.51%
TSLA,Long,12/21/2022,$120.33*,$137.33*,1/18/2023,14.30%
ZIM,Long,1/5/2023,$16.84 ,$18.52 ,1/18/2023,9.98%
ZM,Long,12/27/2022,$65.49 ,$71.20 ,1/18/2023,8.72%
CRWD,Long,12/27/2022,$101.55 ,$107.05 ,1/18/2023,5.42%
TDOC,Long,12/20/2022,$25.82 ,$28.52 ,1/18/2023,10.46%
BOIL,Long,1/10/2023,$11.15*,$12.90*,1/12/2023,15.70%
TLT,Long,12/27/2022,$100.52*,$107.35*,1/12/2023,6.80%
EWZ,Long,12/19/2022,$26.70 ,$30.00 ,1/12/2023,12.36%
PYPL,Long,12/12/2022,$73.44 ,$80.14 ,1/12/2023,9.12%
GLD,Long,5/10/2022,$164.65*,$176.65 ,1/12/2023,7.29%
RSX,Long,3/1/2022,$8.02 ,$0.00 ,1/12/2023,-100.00%
ARKK,Long,12/27/2022,$30.10 ,$33.27 ,1/10/2023,10.53%
SOFI,Long,11/29/2022,$4.47 ,$5.09 ,1/10/2023,13.87%
CRM,Long,12/6/2022,$133.20 ,$146.10 ,1/9/2023,9.68%
BOIL,Long,1/6/2023,$11.43 ,$13.36 ,1/9/2023,16.89%
WDC,Long,12/16/2022,$31.93 ,$35.55 ,1/6/2023,11.34%
BX,Long,12/20/2022,$73.15 ,$78.85 ,1/6/2023,7.79%
GDX,Long,7/5/2022,$26.52 ,$31.42 ,1/6/2023,18.48%
CVNA,Short,9/16/2024,$209.25 ,$204.75 ,12/30/2024,2.15%
BITI,Long,12/16/2024,$20.98 ,$24.09 ,12/20/2024,14.82%
KRE,Short,11/6/2024,$66.65 ,$60.35 ,12/19/2024,9.45%
VXX,Long,12/4/2024,$41.68 ,$50.40 ,12/18/2024,20.92%
MVIS,Long,12/18/2024,$0.84 ,$1.06 ,12/18/2024,26.95%
IMMR,Long,12/12/2024,$8.80 ,$10.70 ,12/17/2024,21.60%
FCEL,Long,12/10/2024,$11.00 ,$13.30 ,12/11/2024,20.91%
CAVA,Short,8/23/2024,$149.00 ,$127.00 ,12/10/2024,14.77%
BITI,Long,11/12/2024,$24.12 ,$24.54 ,11/26/2024,1.74%
SEDG,Long,11/15/2024,$10.75 ,$12.07 ,11/22/2024,12.28%
WOLF,Long,11/19/2024,$6.35 ,$7.50 ,11/22/2024,18.11%
KOLD,Long,11/21/2024,$52.75 ,$58.55 ,11/22/2024,11.00%
MSTR,Short,11/21/2024,$541.00 ,$477.00 ,11/21/2024,11.83%
NU,Short,8/20/2024,$14.49 ,$13.35 ,11/19/2024,7.87%
LLY,Short,1/9/2024,$725.13 ,$720.00 ,11/18/2024,0.71%
ENPH,Long,11/12/2024,$59.80 ,$66.03 ,11/14/2024,10.42%
SSYS,Long,7/12/2024,$8.91 ,$10.31 ,11/13/2024,15.71%
GDX,Short,4/9/2024,$38.20 ,$36.50 ,11/11/2024,4.50%
TIGR,Long,10/25/2024,$6.15 ,$7.41 ,11/7/2024,20.49%
SEDG,Long,11/6/2024,$13.27 ,$15.07 ,11/7/2024,13.56%
WBD,Long,11/5/2024,$8.17 ,$9.30 ,11/7/2024,13.83%
FSLY,Long,11/5/2024,$7.30 ,$8.02 ,11/6/2024,9.86%
SEDG,Long,10/22/2024,$16.30 ,$18.80 ,11/4/2024,15.34%
VST,Short,10/16/2024,$135.75 ,$115.00 ,11/4/2024,15.29%
MSTR,Short,10/29/2024,$265.00 ,$225.00 ,10/30/2024,15.09%
JKS,Long,10/17/2024,$20.20 ,$23.60 ,10/25/2024,16.83%
SOXS,Long,9/25/2024,$19.02 ,$20.88 ,10/15/2024,9.78%
KWEB,Short,9/27/2024,$36.83 ,$32.63 ,10/15/2024,11.40%
WOLF (Half),Long,7/31/2024,$12.00 ,$15.30 ,10/15/2024,27.50%
WOLF (Half),Long,7/31/2024,$12.00 ,$12.00 ,10/11/2024,0%
VST,Short,10/3/2024,$133.50 ,$116.70 ,10/11/2024,12.58%
KOLD,Long,9/20/2024,$56.50 ,$67.60 ,10/10/2024,19.65%
KOLD,Long,9/20/2024,$56.50 ,$65.10 ,10/9/2024,15.22%
IQ,Long,7/30/2024,$2.64 ,$3.12 ,9/27/2024,18.41%
BIDU,Long,7/19/2024,$89.35 ,$101.45 ,9/26/2024,13.54%
BABA,Long,5/23/2024,$79.46 ,$95.00 ,9/24/2024,19.56%
SOXS,Long,9/19/2024,$20.99 ,$23.40 ,9/20/2024,11.48%
CVNA,Short,8/16/2024,$152.05 ,$126.45 ,9/10/2024,16.84%
JPM,Short,8/26/2024,$219.28 ,$201.70 ,9/10/2024,8.06%
VXX,Long,8/13/2024,$46.81 ,$52.50 ,9/4/2024,12.16%
SOXS,Long,8/14/2024,$23.07 ,$25.80 ,9/4/2024,11.84%
ANF,Short,8/16/2024,$167.00 ,$149.75 ,8/28/2024,10.32%
ZM,Long,5/6/2024,$59.17 ,$65.77 ,8/22/2024,11.15%
INTC,Long,8/2/2024,$20.01 ,$21.03 ,8/15/2024,5.10%
EWZ,Long,6/3/2024,$28.64 ,$30.36 ,8/15/2024,6.01%
F,Long,8/5/2024,$9.81 ,$10.50 ,8/15/2024,7.03%
QCOM,Long,8/1/2024,$156.82 ,$169.85 ,8/14/2024,8.31%
MU,Long,7/25/2024,$94.32 ,$100.85 ,8/14/2024,6.92%
NKE,Long,7/24/2024,$72.23 ,$78.85 ,8/13/2024,9.17%
BOIL,Long,7/26/2024,$9.00 ,$10.06 ,8/7/2024,11.78%
CRWD,Long,8/2/2024,$208.45 ,$240.45 ,8/7/2024,15.35%
ARM,Long,8/5/2024,$101.75 ,$117.50 ,8/6/2024,15.48%
AVGO,Long,8/5/2024,$130.77 ,$144.25 ,8/5/2024,10.31%
AMD,Long,8/5/2024,$121.70 ,$134.35 ,8/5/2024,10.39%
SMCI,Long,8/5/2024,$536.00 ,$592.25 ,8/5/2024,10.49%
SOXL,Long,8/5/2024,$23.85 ,$28.40 ,8/5/2024,19.08%
CAT,Short,3/15/2024,$346.39 ,$307.10 ,8/5/2024,11.34%
AXP,Short,3/21/2024,$242.75 ,$222.00 ,8/5/2024,8.55%
SQQQ,Long,11/8/2023,$15.55 ,$11.73 ,8/5/2024,-24.56%
RCL,Short,4/29/2024,$148.90 ,$132.00 ,8/5/2024,11.35%
KRE,Short,7/17/2024,$56.95 ,$51.65 ,8/5/2024,9.31%
CVNA,Short,7/29/2024,$135.00 ,$123.00 ,8/5/2024,8.89%
SDS,Long,11/6/2023,$34.41 ,$25.75 ,8/5/2024,-25.16%
SPXS,Long,11/20/2023,$10.96 ,$9.23 ,8/5/2024,-15.78%
SMCI,Short,1/19/2024,$516.32 ,$561.50 ,8/5/2024,-8.75%
VIXY,Long,11/1/2023,$16.89 ,$15.65 ,8/2/2024,-7.34%
VXX,Long,2/14/2024,$53.24 ,$58.77 ,8/2/2024,10.39%
QID,Long,6/11/2024,$41.49 ,$44.19 ,8/2/2024,6.51%
KLAC,Short,5/24/2024,$780.72 ,$700.00 ,8/2/2024,10.34%
ANF,Short,5/10/2024,$158.50 ,$141.00 ,8/1/2024,11.04%
TLT,Long,8/1/2024,$88.05 ,$95.65 ,8/1/2024,8.63%
AMD,Long,7/25/2024,$137.50 ,$151.50 ,7/31/2024,10.18%
BMY,Long,5/24/2024,$41.25 ,$48.35 ,7/26/2024,17.21%
HPE,Short,6/13/2024,$21.80 ,$19.54 ,7/25/2024,10.37%
SOXS,Long,6/5/2024,$22.10 ,$25.32 ,7/24/2024,14.57%
TSLA,Short,7/2/2024,$247.80 ,$221.80 ,7/24/2024,10%
SCO,Long,6/10/2024,$15.96 ,$17.16 ,7/23/2024,7.52%
BOIL,Long,7/15/2024,$10.65 ,$11.82 ,7/22/2024,10.99%
CRWD,Short,12/15/2023,$337.95 ,$275.00 ,7/19/2024,18.63%
DPZ,Short,4/29/2024,$535.50 ,$416.20 ,7/18/2024,22.28%
META,Short,5/8/2024,$505.25 ,$468.75 ,7/17/2024,7.23%
U,Long,6/18/2024,$16.30 ,$18.30 ,7/17/2024,12.27%
WOLF,Long,6/25/2024,$21.84 ,$25.24 ,7/11/2024,15.57%
BIDU,Long,6/17/2024,$91.22 ,$100.52 ,7/10/2024,10.20%
INTC,Long,4/25/2024,$31.95 ,$35.20 ,7/9/2024,10.17%
CMG,Short,6/26/2024,$65.97 ,$59.30 ,7/8/2024,10.11%
KOLD,Long,6/10/2024,$35.40 ,$40.50 ,6/10/2024,14.12%
DELL,Short,5/15/2024,$154.00 ,$143.00 ,5/30/2024,7.14%
CRM,Short,2/1/2023,$230.04 ,$213.04 ,5/30/2024,7.39%
KOLD,Long,5/15/2024,$44.20 ,$49.00 ,5/29/2024,10.86%
SBUX,Long,5/1/2024,$73.45 ,$78.05 ,5/20/2024,6.26%
BA,Long,4/15/2024,$169.50 ,$188.20 ,5/20/2024,11.03%
BABA,Long,10/3/2023,$80.64 ,$88.35 ,5/17/2024,9.56%
VFS,LONG,4/19/2024,$2.60 ,$3.05 ,5/6/2024,17.31%
UNG,LONG,3/12/2024,$15.29 ,$15.75 ,5/2/2024,3.01%
BIIB,LONG,4/15/2024,$197.93 ,$217.43 ,4/29/2024,9.95%
NIO,LONG,4/15/2024,$3.91 ,$4.52 ,4/26/2024,15.60%
AMD,LONG,4/19/2024,$148.50 ,$158.25 ,4/26/2024,6.57%
META,Short,11/18/2023,$418.40 ,$404.50 ,4/24/2024,3.35%
TSLA,LONG,4/22/2024,$139.95 ,$156.05 ,4/23/2024,11.50%
LULU,LONG,4/16/2024,$333.50 ,$360.00 ,4/22/2024,7.95%
QID,Long,2/1/2024,$49.85 ,$50.65 ,4/19/2024,1.67%
UBER,Short,11/29/2023,$70.53 ,$68.65 ,4/19/2024,2.67%
AVGO,Short,12/12/2023,"$1,246.66 ","$1,222.50 ",4/19/2024,1.94%
SOXS,Short,11/14/2023,$48.00 ,$46.50 ,4/19/2024,-3.12%
COIN,Short,3/4/2024,$264.66 ,$208.80 ,4/16/2024,11%
ANF,Short,1/30/2024,$110.41 ,$109.65 ,4/16/2024,0.69%
JPM,Short,12/20/2024,$184.73 ,$180.45 ,4/16/2024,2.32%
VLO,Short,4/5/2024,$184.00 ,$170.05 ,4/15/2024,8.20%
KWEB,Long,2/20/2024,$24.85 ,$27.50 ,3/13/2024,5%
NEM,Long,1/17/2024,$34.19 ,$34.50 ,3/8/2024,5.60%
GDX,Long,6/29/2023,$28.95 ,$29.70 ,3/7/2024,1%
GOLD,Long,2/2/2024,$14.69 ,$15.44 ,3/4/2024,5.11%
UNG,Long,1/18/2024,$18.06*,$17.68 ,3/4/2024,-2.11%
V,Short,1/18/2024,$267.81*,$279.15 ,3/4/2024,-4.23%
SLV,Long,12/8/2023,$21.19 ,$21.75 ,3/4/2024,2.64%
MCD,Short,11/24/2023,$281.98 ,$315.00 ,3/4/2024,-2.84%
GLD,Long,6/27/2023,$177.47*,$193.21 ,3/1/2024,8.87%
PANW,Short,1/10/2024,$336.30*,$324.30 (First Half),2/20/2024,3.57%
PANW,Short,1/10/2024,$336.30*,$310.30 (Second Half),2/20/2024,7.73%
KWEB,Long,1/10/2024,$23.99 ,$25.92 ,2/16/2024,8.05%
IWM,Long,1/29/2024,$196.97 ,$204.07 ,2/15/2024,4.13%
VXX,Long,1/18/2024,$14.48*,$15.55*,2/13/2024,7.39%
TRV,Short,1/19/2024,$213.86 ,$214.85 ,2/9/2024,-0.46%
WBA,Long,1/18/2024,$21.93 ,$22.24 ,2/9/2024,1.41%
HSY,Long,10/12/2023,$191.06 ,$199.25 ,2/5/2024,4.29%
SE,Long,1/31/2024,$38.45 ,$42.07 ,2/2/2024,9.41%
VXX,Long,1/18/2024,$14.87 ,$15.02 ,1/31/2024,1.01%
BA,Long,1/25/2024,$199.93 ,$210.15 ,1/31/2024,5.11%
AMD,Short,1/24/2024,$178.07 ,$174.11 ,1/30/2024,2.22%
BA,Long,1/16/2024,$206.20*,$217.13 ,1/24/2024,5.30%
UNG,Long,1/18/2024,$20.80*,$21.15 ,1/24/2024,1.68%
SMCI,Short,1/19/2024,$430.25*,$418.75 ,1/22/2024,2.67%
TBT,Long,12/6/2023,$32.77 ,$34.15 ,1/19/2024,4.21%
UPST,Long,1/16/2024,$29.97 ,$32.88 ,1/19/2024,9.71%
BA,Long,1/16/2024,$206.20*,$212.20 ,1/18/2024,2.19%
AFRM,Short,12/4/2023,$46.12*,$39.60 ,1/17/2024,14.14%
VXX,Long,1/9/2024,$14.88*,$16.08 ,1/17/2024,8.06%
BITI,Long,1/11/2024,$11.17 ,$12.07 ,1/11/2024,8.06%
BA,Short,11/20/2023,$238.15*,$227.00 ,1/8/2024,4.68%
UNG,Long,11/17/2023,$5.01*,$5.71 ,1/4/2024,13.97%
SQ,Short,12/14/2023,$74.75 ,$66.95 ,1/4/2024,10.43%
SOXS,Long,6/2/2025,$67.20 ,$49.70 ,3/30/2026,-26.04%
SDS,Long,5/1/2025,$88.20 ,$78.10 ,3/27/2026,-11.45%
QID,Long,4/29/2025,$29.05 ,$23.90 ,3/27/2026,-17.72%
ORCL,Long,11/7/2025,$163.97 ,$170.33 ,3/11/2026,3.88%
VXX,Long,5/12/2025,$43.86 ,$35.70 ,3/6/2026,-18.60%
JPM,Short,5/15/2025,$293.89 ,$284.15 ,3/6/2026,3.31%
GS,Short,9/17/2025,$872.03 ,$838.50 ,3/2/2026,3.85%
GM,Short,12/10/2025,$83.33 ,$78.53 ,2/23/2026,5.76%
GOOGL,Short,9/11/2025,$303.00 ,$298.00 ,2/17/2026,1.65%
AXP,Short,8/29/2025,$342.45 ,$336.35 ,2/13/2026,1.78%
SQQQ,Long,11/28/2025,$69.00 ,$78.05 ,,13.12%
AVGO,Short,6/2/2025,$309.55 ,$296.55 ,2/4/2026,4.20%
HOOD,Short,5/13/2025,$88.68 ,$89.88 ,2/2/2026,-1.35%
ZSL,Long,12/23/2025,$2.66 ,$2.30 ,1/30/2026,-13.53%
PLTR,Short,12/5/2025,$180.50 ,$151.85 ,1/29/2026,15.87%
PFE,Long,10/9/2025,$24.14 ,$26.63 ,1/27/2026,10.31%
MSTR,Long,11/19/2025,$167.69 ,$182.05 ,1/14/2026,8.56%
FMC,Long,11/4/2025,$13.75 ,$15.50 ,1/12/2026,12.73%
NFLX,Short,11/20/2023,$82.00 ,$88.40 ,1/9/2026,-7.34%
CVNA,Short,12/5/2025,$455.00 ,$406.00 ,1/2/2026,10.77%
ZSL*,Long,12/23/2025,$4.85 ,$5.30 ,12/31/2025,9.28%
ZSL*,Long,12/23/2025,$5.17 ,$5.42 ,12/29/2025,4.84%
CAVA,Long,10/23/2025,$55.98 ,$58.05 ,12/22/2025,3.70%
AAPL,Short,12/2/2025,$283.75 ,$268.25 ,12/18/2025,5.46%
CMG,Long,9/9/2025,$35.63 ,$37.25 ,12/17/2025,4.55%
ORCL*,Long,11/7/2025,$211.40 ,$224.60 ,12/10/2025,6.24%
RGTI,Long,11/13/2025,$23.92 ,$27.70 ,12/4/2025,15.80%
CRCL,Long,11/17/2025,$72.00 ,$80.03 ,11/28/2025,11.15%
OKLO,Long,11/25/2025,$82.45 ,$92.45 ,11/28/2025,12.13%
OKLO,Long,11/21/2025,$82.85 ,$92.25 ,11/24/2025,11.35%
CRWD,Short,11/12/2025,$547.00 ,$488.00 ,11/21/2025,10.79%
SQQQ,Long,9/18/2025,$69.15 ,$83.00 ,11/21/2025,20.03%
MU,Short,10/1/2025,$221.47 ,$208.47 ,11/20/2025,5.87%
PLTR,Short,8/26/2025,$176.54 ,$158.00 ,11/20/2025,10.05%
MSFT,Short,5/8/2025,$511.85 ,$478.65 ,11/20/2025,6.49%
SNDK,Short,9/22/2025,$180.48 ,$193.00 ,11/20/2025,-6.93%
COST,Short,1/12/2024,$877.73 ,$874.50 ,11/19/2025,0.37%
CLS,Short,10/28/2025,$335.05 ,$297.05 ,11/13/2025,11.34%
SQQQ*,Long,9/18/2025,$13.83 ,$14.83 ,11/6/2025,7.23%
CVNA,Short,4/28/2025,$331.33 ,$283.00 ,11/7/2025,14.59%
META,Short,5/2/2025,$716.45 ,$672.65 ,10/30/2025,6.11%
ORCL,Short,6/13/2025,$294.38 ,$263.00 ,10/30/2025,10.66%
DUST,Long,9/3/2025,$13.41 ,$12.61 ,10/27/2025,-5.97%
RCL,Short,6/6/2025,$332.17 ,$298.50 ,10/17/2025,10.14%
OKLO,Short,10/14/2025,$182.98 ,$165.50 ,10/15/2025,9.55%
ANET,Short,9/11/2025,$155.59 ,$137.25 ,10/14/2025,11.77%
SQQQ,Long,9/18/2025,$15.34 ,$16.50 ,10/10/2025,7.56%
CVNA,Short,4/28/2025,$331.33 ,$321.33 ,10/10/2025,3.00%
STX*,Short,9/18/2025,$235.41 ,$215.00 ,10/10/2025,6.90%
STX*,Short,9/18/2025,$235.41 ,$223.25 ,10/7/2025,5.12%
APP,Short,9/11/2025,$624.50 ,$565.00 ,10/6/2025,7.13%
PFE,Long,9/28/2023,$27.69 ,$27.63 ,10/3/2025,15.70%
OKLO*,Short,9/19/2025,$132.00 ,$117.50 ,9/25/2025,10.99%
OKLO*,Short,9/19/2025,$132.00 ,$127.50 ,9/24/2025,3.41%
MSFT,Short,5/8/2025,$511.85 ,$506.00 ,9/17/2025,1.14%
RCL*,Short,6/6/2025,$332.17 ,$325.50 ,9/16/2025,2.01%
BIIB,Long,3/19/2025,$130.59 ,$145.69 ,9/11/2025,11.56%
BIDU,Long,7/16/2025,$87.45 ,$97.45 ,9/3/2025,11.44%
ADP,Short,5/19/2025,$322.75 ,$296.25 ,9/3/2025,8.21%
IBIT,Short,7/10/2025,$67.60 ,$62.27 ,8/26/2025,9.08%
PLTR,Short,5/8/2025,$158.98 ,$146.30*,8/20/2025,7.98%
MP,Short,7/16/2025,$73.50 ,$67.20 ,8/19/2025,8.57%
CNC,Long,8/5/2025,$26.07 ,$28.25 ,8/15/2025,8.36%
SRPT,Long,8/6/2025,$16.08 ,$20.20 ,8/13/2025,25.62%
CRWD,Short,5/28/2025,$468.70 ,$428.70 ,8/7/2025,8.53%
AMD,Short,7/29/2025,$180.35 ,$160.65 ,8/6/2025,10.92%
RBLX,Short,7/16/2025,$140.08 ,$127.50 ,8/1/2025,8.98%
COIN,Short,6/25/2025,$407.67 ,$347.25 ,7/31/2025,14.82%
SPOT,Short,5/27/2025,$693.95 ,$625.00 ,7/29/2025,9.94%
SRPT,Long,6/12/2025,$16.22 ,$22.50 ,7/28/2025,38.72%
COIN*,Short,6/25/2025,$407.67 ,$375.95 ,7/28/2025,7.78%
WRD,Long,7/8/2025,$8.30 ,$10.01 ,7/23/2025,20.60%
SRPT*,Long,6/12/2025,$23.26 ,$25.73 ,7/16/2025,10.62%
MU,Short,6/24/2025,$127.35 ,$115.97 ,7/16/2025,8.94%
BIDU,Long,5/22/2025,$84.60 ,$94.01 ,7/15/2025,11.12%
TNA,Long,7/1/2025,$33.41 ,$37.96 ,7/10/2025,13.62%
PGR,Short,4/15/2025,$279.50 ,$247.50 ,7/10/2025,11.45%
CRCL,Short,6/20/2025,$264.83 ,$202.50 ,6/25/2025,23.54%
CVNA,Short,4/28/2025,$311.39 ,$296.39 ,6/13/2025,4.82%
SRPT,Long,5/7/2025,$37.06 ,$42.72 ,6/6/2025,15.27%
ENPH,Long,5/22/2025,$37.75 ,$42.55 ,6/3/2025,12.72%
SOXS,Long,5/29/2025,$11.57 ,$13.57 ,5/30/2025,17.29%
SOXS,Long,5/13/2025,$11.44 ,$14.05 ,5/23/2025,22.81%
WRD*,Long,3/24/2025,$9.61 ,$11.00 ,5/21/2025,14.06%
BIDU,Long,3/31/2025,$85.90 ,$94.90 ,5/21/2025,10.48%
WRD*,Long,3/24/2025,$9.61 ,$9.77 ,5/12/2025,1.67%
DECK,Long,2/4/2025,$137.02 ,$133.02 ,5/12/2025,-2.92%
TTD,Long,2/20/2025,$59.91 ,$135.49 ,5/8/2025,6.25%
PLTR,Short,4/28/2025,$118.00 ,$106.30 ,5/7/2025,9.92%
GOOGL,Long,3/31/2025,$146.17 ,$164.67 ,5/2/2025,12.66%
CRM,Long,4/4/2025,$242.50 ,$274.30 ,5/2/2025,13.11%
AMZN,Long,3/10/2025,$175.70 ,$191.00 ,5/2/2025,8.71%
EWZ,Long,4/21/2025,$25.15 ,$27.40 ,4/29/2025,8.95%
NVO,Long,4/17/2025,$57.40 ,$65.20 ,4/29/2025,13.59%
AMD,Long,4/16/2025,$85.35 ,$96.65 ,4/25/2025,13.24%
VRT,Long,3/28/2025,$69.88 ,$84.35 ,4/23/2025,20.71%
QLD,Long,4/8/2025,$68.00 ,$78.70 ,4/9/2025,15.74%
SOXL,Long,4/3/2025,$9.88 ,$10.93 ,4/9/2025,10.63%
AVGO,Long,3/27/2025,$155.75 ,$177.00 ,4/9/2025,13.64%
TNA,Long,4/4/2025,$20.00 ,$23.25 ,4/9/2025,16.25%
GS,Long,4/7/2025,$440.00 ,$495.00 ,4/9/2025,12.50%
RDDT,Long,4/4/2025,$88.00 ,$101.10 ,4/9/2025,14.88%
UAL,Long,4/3/2025,$59.05 ,$66.25 ,4/9/2025,12.19%
AAPL,Long,4/7/2025,$175.00 ,$193.00 ,4/9/2025,10.29%
MU,Long,4/3/2025,$67.70 ,$75.25 ,4/9/2025,11.15%
WRD,Long,3/24/2025,$11.45 ,$11.45 ,4/9/2025,0.00%
JPM,Long,4/4/2025,$212.00 ,$233.33 ,4/9/2025,10.06%
AVGO,Long,3/27/2025,$155.75 ,$166.00 ,4/8/2025,6.58%
QLD,Long,4/8/2025,$68.00 ,$77.00 ,4/8/2025,13.24%
CEG,Long,4/4/2025,$170.67 ,$190.50 ,4/8/2025,11.62%
APP,Long,4/7/2025,$201.00 ,$250.00 ,4/7/2025,24.38%
HOOD,Long,4/7/2025,$30.85 ,$36.85 ,4/7/2025,19.45%
PLTR,Long,4/7/2025,$67.95 ,$78.05 ,4/7/2025,14.86%
GS,Short,5/10/2024,$481.38 ,$494.60 ,4/4/2025,-2.75%
MSFT,Short,4/3/2023,$343.39 ,$362.65 ,4/4/2025,-5.61%
TLT,Long,10/29/2024,$88.12 ,$94.12 ,4/4/2025,6.81%
AAPL,Short,1/27/2023,$162.92 ,$187.45 ,4/4/2025,-15.05%
GDDY,Short,11/29/2023,$163.43 ,$163.83 ,4/4/2025,-0.24%
CVNA,Short,3/24/2025,$210.50 ,$186.95 ,4/3/2025,11.19%
UAL,Long,4/1/2025,$64.85 ,$71.25 ,4/2/2025,9.87%
KBH,Short,11/3/2023,$57.73 ,$56.25 ,3/24/2025,2.56%
CAVA,Long,3/7/2025,$80.50 ,$88.25 ,3/24/2025,9.63%
TSLA,Long,3/10/2025,$229.32 ,$263.08 ,3/24/2025,14.72%
CVNA,Long,3/7/2025,$174.35 ,$193.35 ,3/20/2025,10.90%
CEG,Long,3/6/2025,$203.19 ,$220.46 ,3/20/2025,8.50%
JPM,Long,3/13/2025,$224.58 ,$242.02 ,3/19/2025,8.02%
WRD,Long,3/4/2025,$17.15 ,$19.55 ,3/17/2025,13.99%
WMT,Short,9/4/2024,$84.25 ,$83.95 ,3/13/2025,0.36%
APP,Long,3/10/2025,$245.00 ,$280.00 ,3/12/2025,14.29%
RDDT,Long,3/10/2025,$114.85 ,$132.50 ,3/12/2025,15.37%
BIIB,Long,11/14/2024,$142.53 ,$156.75 ,3/10/2025,9.98%
UAL,Short,9/26/2024,$65.69 ,$68.49 ,3/10/2025,-4.26%
MA,Short,1/30/2025,$572.00 ,$535.50 ,3/10/2025,6.38%
CELH,Long,2/28/2025,$25.73 ,$29.05 ,3/10/2025,12.90%
DG,Long,8/29/2024,$83.40 ,$84.00 ,3/10/2025,0.72%
WOLF,Long,2/26/2025,$5.36 ,$6.07 ,3/7/2025,13.25%
META,Short,9/19/2024,$653.00 ,$601.00 ,3/7/2025,7.86%
AXP,Short,8/16/2024,$291.00 ,$275.60 ,3/6/2025,5.29%
APP,Short,10/14/2024,$217.60 ,$262.60 ,3/6/2025,-20.60%
QID,Long,8/13/2024,$35.25 ,$36.34 ,3/6/2025,3.08%
SDS,Long,8/14/2024,$20.55 ,$21.11 ,3/6/2025,2.64%
SMCI,Long,3/3/2025,$35.00 ,$39.15 ,3/4/2025,11.86%
CAT,Short,8/30/2024,$371.45 ,$323.00 ,3/4/2025,13.04%
RCL,Short,9/17/2024,$224.35 ,$225.00 ,3/4/2025,-0.29%
PLTR,Short,10/9/2024,$70.80 ,$78.80 ,2/28/2025,-11.29%
NIO,Long,1/16/2025,$4.17 ,$5.03 ,2/27/2025,20.62%
OKLO,Long,2/25/2025,$30.94 ,$35.50 ,2/26/2025,14.74%
JPM,Short,2/6/2025,$274.00 ,$256.70 ,2/25/2025,6.31%
HOOD,Short,1/21/2025,$52.77 ,$48.77 ,2/24/2025,7.58%
RDDT,Short,1/30/2025,$216.50 ,$176.00 ,2/20/2025,18.71%
CVNA,Short,1/16/2025,$252.05 ,$234.95 ,2/20/2025,6.78%
CELH,Long,6/13/2024,$33.94 ,$33.50 ,2/20/2025,-1.30%
SMCI,Short,2/19/2025,$65.50 ,$55.85 ,2/19/2025,14.73%
WOLF,Long,1/21/2025,$5.46 ,$7.12 ,2/18/2025,30.04%
IQ,Long,1/17/2025,$1.92 ,$2.58 ,2/12/2025,32.81%
TSLA,Short,11/8/2024,$397.50 ,$360.50 ,2/7/2025,9.31%
BIDU,Long,10/21/2024,$83.25 ,$95.03 ,1/30/2025,14.15%
KWEB,Long,1/8/2025,$27.90 ,$32.56 ,1/30/2025,16.70%
BABA,Long,1/10/2025,$80.80 ,$96.65 ,1/28/2025,19.62%
ORCL,Short,8/20/2024,$158.50 ,$156.50 ,1/27/2025,1.26%
GEV,Short,4/2/2024,$296.50 ,$327.50 ,1/27/2025,-10.45%
ANET,Short,1/22/2025,$129.25 ,$108.50 ,1/27/2025,16.05%
CEG,Short,1/23/2025,$342.00 ,$304.00 ,1/27/2025,11.11%
SOXS,Long,1/22/2025,$16.85 ,$20.75 ,1/27/2025,23.15%
VXX,Long,1/24/2025,$41.73 ,$47.00 ,1/27/2025,12.63%
MDB,Long,12/19/2024,$246.50 ,$261.25 ,1/24/2025,5.98%
WOLF,Long,12/30/2024,$6.14 ,$7.16 ,1/16/2025,16.61%
IRBT,Long,1/14/2025,$8.10 ,$9.50 ,1/15/2025,17.28%
RGTI,Long,1/13/2025,$6.34 ,$7.74 ,1/14/2025,22.08%
WBA,Long,4/2/2024,$11.77 ,$11.97 ,1/10/2025,1.70%
PLTR,Short,10/9/2024,$65.80 ,$65.50 ,1/10/2025,0.84%
TMUS,Short,10/24/2024,$228.00 ,$210.25 ,1/10/2025,7.79%
RGTI,Long,1/8/2025,$9.60 ,$10.90 ,1/8/2025,13.54%
RGTI,Short,12/30/2024,$19.35 ,$14.65 ,1/8/2025,24.29%
MRNA,Long,1/3/2025,$41.83 ,$48.37 ,1/7/2025,15.64%
SFIX,Long,12/16/2024,$3.80 ,$4.52 ,1/2/2025,18.95%
SPXU,Long,4/14/2026,$45.84 ,$39.23 ,5/8/2026,-14.26%
SOXL,Short,5/6/2026,$164.63 ,$148.83 ,5/7/2026,9.60%
GOOGL,Short,4/14/2026,$354.38 ,$394.90 ,5/6/2026,-10.90%
AVGO,Short,4/17/2026,$412.78 ,$429.50 ,5/5/2026,-1.85%
DELL,Short,4/21/2026,$212.87 ,$208.87 ,5/1/2026,1.88%
SOXL,Short,4/24/2026,$126.07 ,$107.97 ,4/28/2026,14.36%
CIEN,Short,4/2/2026,$496.70 ,$461.63 ,4/28/2026,3.31%
NBIS,Short,4/14/2026,$165.75 ,$149.63 ,4/24/2026,9.73%
COHR,Short,4/16/2026,$351.56 ,$328.13 ,4/23/2026,3.61%
MU,Short,4/14/2026,$467.30 ,$439.77 ,4/20/2026,5.89%
FIG,Long,3/24/2026,$19.63 ,$21.30 ,4/16/2026,5.81%
TTD,Long,3/17/2026,$21.44 ,$23.10 ,4/16/2026,3.66%
CRM,Long,4/9/2026,$168.95 ,$182.85 ,4/16/2026,8.23%
TEAM,Long,4/9/2026,$58.73 ,$63.53 ,4/15/2026,8.17%
ASAN,Long,4/9/2026,$5.65 ,$6.00 ,4/15/2026,6.19%
BABA,Long,3/3/2026,$125.70 ,$132.15 ,4/14/2026,3.18%
DUOL,Long,4/9/2026,$87.95 ,$95.53 ,4/14/2026,8.62%
SMR,Long,3/6/2026,$10.18 ,$11.24 ,4/14/2026,2.10%
ORCL,Long,3/26/2026,$140.12 ,$150.03 ,4/13/2026,5.07%
CRWD,Long,4/10/2026,$367.37 ,$395.53 ,4/13/2026,7.67%
ADBE,Long,4/6/2026,$236.69 ,$237.73 ,4/13/2026,0.44%
IONQ,Long,3/11/2026,$28.82 ,$30.86 ,4/8/2026,4.38%
VLO,Short,3/11/2026,$246.06 ,$232.30 ,4/8/2026,2.23%
NVO,Long,3/30/2026,$35.33 ,$38.13 ,4/8/2026,7.93%
MSFT,Long,3/26/2026,$367.87 ,$385.00 ,4/8/2026,3.64%
WHR,Long,3/19/2026,$53.60 ,$58.07 ,4/8/2026,8.34%
SOXS,Long,4/1/2026,$35.87 ,$40.35 ,4/2/2026,12.49%
RGTI,Long,4/2/2026,$12.87 ,$13.97 ,4/2/2026,8.55%
RBLX,Long,3/10/2026,$54.16 ,$58.85 ,4/1/2026,4.27%
TEAM,Long,3/27/2026,$64.90 ,$70.23 ,4/1/2026,8.21%
SCO,Long,3/26/2026,$7.83 ,$8.56 ,4/1/2026,7.96%
RGTI,Long,3/30/2026,$12.75 ,$13.70 ,3/31/2026,7.45%
ASAN,Long,3/20/2026,$6.12 ,$6.52 ,3/31/2026,5.07%
CIEN,Short,3/10/2026,$392.99 ,$391.87 ,3/26/2026,-0.59%
SCO,Long,3/13/2026,$7.80 ,$8.80 ,3/23/2026,8.53%
NEM,Long,3/23/2026,$88.81 ,$95.73 ,3/23/2026,7.79%
WRD,Long,3/10/2026,$6.50 ,$7.22 ,3/23/2026,11.08%
UAL,Long,3/12/2026,$86.17 ,$94.50 ,3/17/2026,9.67%
IBIT,Long,3/6/2026,$38.54 ,$41.95 ,3/13/2026,8.85%
FMC,Long,3/3/2026,$13.33 ,$14.81 ,3/12/2026,11.10%
VLO,Short,3/3/2026,$225.83 ,$215.50 ,3/10/2026,4.57%
UAL,Long,3/6/2026,$89.74 ,$96.03 ,3/10/2026,7.01%
SCO,Long,3/5/2026,$10.22 ,$10.63 ,3/9/2026,2.40%
FDX,Short,2/27/2026,$389.37 ,$362.80 ,3/6/2026,6.82%
MSFT,Long,3/2/2026,$388.95 ,$409.83 ,3/4/2026,5.37%
GDX,Short,2/25/2026,$114.64 ,$105.73 ,3/3/2026,7.77%
TSM,Short,2/24/2026,$380.55 ,$349.43 ,3/3/2026,8.18%
SLV,Short,2/27/2026,$83.85 ,$74.50 ,3/3/2026,11.15%
SQQQ,Long,2/25/2026,$67.57 ,$75.60 ,3/3/2026,11.88%
STX,Short,1/20/2026,$364.16 ,$359.34 ,3/3/2026,1.32%
DUOL,Long,2/4/2026,$96.79 ,$101.13 ,2/27/2026,2.32%
SOXL,Short,2/18/2026,$69.55 ,$65.83 ,2/26/2026,5.35%
MSFT,Long,2/17/2026,$392.19 ,$405.55 ,2/26/2026,2.27%
ASAN,Long,2/23/2026,$6.81 ,$7.32 ,2/26/2026,7.49%
RGTI,Long,2/2/2026,$15.98 ,$17.73 ,2/25/2026,7.09%
IBIT,Long,2/19/2026,$36.83 ,$38.97 ,2/25/2026,4.37%
WDAY,Long,2/23/2026,$122.67 ,$130.23 ,2/25/2026,3.24%
INTU,Long,2/23/2026,$355.73 ,$384.23 ,2/24/2026,8.01%
RBLX,Long,2/23/2026,$59.77 ,$64.37 ,2/24/2026,7.70%
PYPL,Long,1/21/2026,$45.46 ,$44.75 ,2/23/2026,-1.56%
FIG,Long,1/15/2026,$22.86 ,$24.61 ,2/18/2026,2.68%
SOXL,Short,2/11/2026,$68.90 ,$60.40 ,2/17/2026,12.34%
SDOW,Long,2/10/2026,$27.80 ,$29.83 ,2/17/2026,7.30%
RDDT,Long,2/12/2026,$127.87 ,$141.75 ,2/13/2026,10.85%
DAL,Short,2/9/2026,$75.10 ,$67.95 ,2/12/2026,9.52%
CPNG,Long,2/5/2026,$16.82 ,$18.29 ,2/9/2026,8.74%
MSTR,Long,2/4/2026,$112.78 ,$121.07 ,2/6/2026,4.15%
IBIT,Long,2/5/2026,$36.77 ,$38.72 ,2/6/2026,3.43%
RBLX,Long,2/6/2026,$60.67 ,$66.07 ,2/6/2026,8.90%
RBLX,Long,1/22/2026,$67.75 ,$75.25 ,2/5/2026,6.42%
AMAT,Short,1/5/2026,$317.70 ,$303.93 ,2/4/2026,4.34%
BE,Short,2/3/2026,$171.55 ,$162.35 ,2/3/2026,5.36%
SLV,Long,1/30/2026,$75.99 ,$78.55 ,2/3/2026,3.37%
KOLD,Long,1/23/2026,$17.04 ,$18.22 ,2/2/2026,4.96%
GLL,Long,1/29/2026,$16.51 ,$18.75 ,1/30/2026,13.57%
NEM,Short,1/23/2026,$127.06 ,$117.47 ,1/30/2026,7.54%
SOXL,Short,1/29/2026,$70.03 ,$64.26 ,1/30/2026,8.24%
ASTS,Short,1/30/2026,$129.07 ,$115.85 ,1/30/2026,10.24%
GLL,Long,1/28/2026,$16.29 ,$17.15 ,1/29/2026,4.33%
SOXL,Short,1/28/2026,$70.15 ,$65.77 ,1/29/2026,6.24%
BE,Short,1/28/2026,$165.33 ,$156.15 ,1/29/2026,5.55%
CVNA,Short,1/7/2026,$469.85 ,$416.93 ,1/28/2026,9.86%
ASML,Short,1/27/2026,"$1,494.53 ","$1,418.97 ",1/28/2026,3.48%
