Symbol,Long/Short,Entry Date,Average Entry Price,Exit Price,Exit Date,Profit %,Sector,Year,Month,Weekday,Trade Duration
CLNT,Long,2012-01-02,0.25,0.45,2012-02-10,80.0,Equity / Other,2012,1,Monday,39.0
SCEI,Long,2012-01-02,1.1,1.65,2012-03-01,86.0,Equity / Other,2012,1,Monday,59.0
MA,Short,2012-01-02,383.7,345.7,2012-01-06,9.77,Financial Services,2012,1,Monday,4.0
SMSI,Long,2012-01-03,1.17,1.64,2012-01-18,75.0,Technology,2012,1,Tuesday,15.0
DHT,Long,2012-01-04,0.75,1.5,2012-01-30,100.0,Energy,2012,1,Wednesday,26.0
HIMX,Long,2012-01-05,1.01,1.51,2012-02-03,50.0,Technology,2012,1,Thursday,29.0
QTWW,Long,2012-01-13,0.78,1.08,2012-02-02,39.0,Equity / Other,2012,1,Friday,20.0
UNG,Long,2012-01-17,5.49,5.7,2012-01-24,3.8,Commodities,2012,1,Tuesday,7.0
QID,Long,2012-01-19,39.1,35.9,2012-02-08,-8.0,Other/ETF,2012,1,Thursday,20.0
LEDS,Long,2012-01-20,3.5,4.25,2012-02-28,25.0,Technology,2012,1,Friday,39.0
BOM,Long,2012-01-25,10.5,11.25,2012-01-31,7.14,Equity / Other,2012,1,Wednesday,6.0
SDS,Long,2012-01-26,17.08,17.55,2012-05-18,2.7,Equity / Other,2012,1,Thursday,113.0
AAPL,Long,2012-02-15,514.26,489.26,2012-02-16,5.0,Technology,2012,2,Wednesday,1.0
MSFT,Long,2012-02-16,31.5,31.5,2012-04-17,0.0,Technology,2012,2,Thursday,61.0
CAT,Short,2012-02-17,116.05,109.55,2012-03-05,6.5,Industrials,2012,2,Friday,17.0
MA,Long,2012-02-29,427.75,427.75,2012-03-19,0.0,Financial Services,2012,2,Wednesday,19.0
AAPL,Short,2012-03-13,563.75,636.23,2012-04-09,-12.8,Technology,2012,3,Tuesday,27.0
LCC,Long,2012-03-14,7.0,7.63,2012-03-15,-9.0,Industrials,2012,3,Wednesday,1.0
HOG,Short,2012-03-14,50.0,48.5,2012-03-29,3.0,Consumer Cyclical,2012,3,Wednesday,15.0
IBM,Long,2012-03-15,205.9,205.9,2012-04-16,0.0,Technology,2012,3,Thursday,32.0
VXX,Long,2012-03-20,20.05,15.7,2012-03-26,-21.0,Leveraged ETF,2012,3,Tuesday,6.0
BAC,Long,2012-04-09,10.05,8.55,2012-04-09,15.0,Financial Services,2012,4,Monday,0.0
PCLN,Short,2012-04-10,753.25,719.75,2012-04-11,4.45,Equity / Other,2012,4,Tuesday,1.0
SBUX,Short,2012-04-12,60.35,55.5,2012-05-04,8.35,Consumer Cyclical,2012,4,Thursday,22.0
SHLD,Long,2012-04-23,52.06,58.06,2012-05-01,11.5,Consumer Cyclical,2012,4,Monday,8.0
COP,Long,2012-04-25,70.9,72.19,2012-04-26,1.8,Energy,2012,4,Wednesday,1.0
SPG,Short,2012-05-01,157.65,149.65,2012-05-18,8.5,Real Estate,2012,5,Tuesday,17.0
FSLR,Long,2012-05-08,17.25,15.25,2012-05-15,11.6,Technology,2012,5,Tuesday,7.0
ZNGA,Long,2012-05-10,7.95,8.5,2012-05-15,7.0,Communication Services,2012,5,Thursday,5.0
JPM,Long,2012-05-18,33.25,35.4,2012-06-22,6.5,Financial Services,2012,5,Friday,35.0
GG,Long,2012-05-18,32.95,36.75,2012-05-23,11.5,Equity / Other,2012,5,Friday,5.0
LVS,Long,2012-05-21,45.95,48.45,2012-05-22,5.4,Consumer Cyclical,2012,5,Monday,1.0
FB,Long,2012-05-30,27.9,33.2,2012-06-15,18.9,Equity / Other,2012,5,Wednesday,16.0
USO,Long,2012-05-30,33.1,31.43,2012-06-01,-5.0,Commodities,2012,5,Wednesday,2.0
SPY,Short,2012-06-19,136.15,134.75,2012-06-20,1.0,Index ETF,2012,6,Tuesday,1.0
AAPL,Short,2012-06-25,571.25,599.41,2012-07-03,-4.9,Technology,2012,6,Monday,8.0
NFLX,Long,2012-06-27,66.65,77.05,2012-07-05,15.6,Communication Services,2012,6,Wednesday,8.0
WMT,Short,2012-07-09,71.5,75.14,2012-09-13,-5.0,Consumer Defensive,2012,7,Monday,66.0
CORN,Short,2012-07-17,50.2,47.85,2012-07-24,4.6,Equity / Other,2012,7,Tuesday,7.0
USO,Short,2012-07-19,34.75,32.95,2012-07-23,5.18,Commodities,2012,7,Thursday,4.0
ROSG,Long,2012-08-02,5.9,4.52,2012-08-06,-23.0,Equity / Other,2012,8,Thursday,4.0
SDS,Long,2012-08-07,14.58,13.2,2012-09-14,-9.4,Equity / Other,2012,8,Tuesday,38.0
QCOM,Long,2012-08-14,62.33,62.33,2012-09-14,-2.0,Technology,2012,8,Tuesday,31.0
GLD,Long,2012-08-23,162.25,168.25,2012-09-07,-3.7,Commodities,2012,8,Thursday,15.0
SHZ,Long,2012-09-03,0.4,0.03,2012-10-11,-25.0,Equity / Other,2012,9,Monday,38.0
UUP,Long,2012-09-13,21.74,22.25,2012-11-16,2.3,Equity / Other,2012,9,Thursday,64.0
INTC,Long,2012-09-17,23.25,21.6,2012-10-11,-7.0,Technology,2012,9,Monday,24.0
GOOG,Short,2012-09-24,755.0,735.0,2012-10-18,2.65,Communication Services,2012,9,Monday,24.0
HPQ,Long,2012-09-28,17.22,15.22,2012-10-03,-11.6,Technology,2012,9,Friday,5.0
QCOR,Long,2012-10-01,18.95,22.35,2012-10-09,18.0,Healthcare,2012,10,Monday,8.0
SDS,Long,2012-10-04,53.32,55.01,2012-10-10,3.1,Equity / Other,2012,10,Thursday,6.0
CLNE,Long,2012-10-11,13.15,12.0,2012-10-31,-8.0,Energy,2012,10,Thursday,20.0
UGA,Long,2012-10-17,57.72,56.06,2012-10-20,-2.87,Equity / Other,2012,10,Wednesday,3.0
QQQ,Short,2012-10-18,68.0,65.0,2012-10-25,4.4,Index ETF,2012,10,Thursday,7.0
IBM,Long,2012-10-23,191.25,197.25,2012-11-01,3.4,Technology,2012,10,Tuesday,9.0
SRPT,Long,2012-10-24,23.15,26.65,2012-11-12,15.12,Healthcare,2012,10,Wednesday,19.0
DANG,Long,2012-11-07,3.85,5.2,2013-05-14,35.0,Equity / Other,2012,11,Wednesday,188.0
AAPL,Long,2012-11-07,562.1,578.5,2012-12-04,2.92,Technology,2012,11,Wednesday,27.0
XLF,Long,2012-11-08,15.57,15.55,2012-11-28,-0.128452152,Equity / Other,2012,11,Thursday,20.0
VVUS,Long,2012-11-08,10.3,12.5,2012-11-21,21.4,Equity / Other,2012,11,Thursday,13.0
IBM,Long,2012-11-12,187.95,193.15,2012-11-23,2.8,Technology,2012,11,Monday,11.0
HPQ,Short,2012-11-13,12.95,11.8,2012-11-20,8.8,Technology,2012,11,Tuesday,7.0
OCZ,Long,2012-11-13,1.3,1.83,2012-12-03,41.0,Technology,2012,11,Tuesday,20.0
BIDU,Long,2012-11-14,94.85,98.85,2012-12-29,4.22,Communication Services,2012,11,Wednesday,45.0
MCP,Long,2012-11-14,6.05,7.7,2012-11-23,27.3,Equity / Other,2012,11,Wednesday,9.0
CVX,Long,2012-11-15,100.9,105.8,2013-01-29,4.9,Energy,2012,11,Thursday,75.0
QLD,Long,2012-11-16,48.95,55.2,2012-11-28,12.8,Equity / Other,2012,11,Friday,12.0
RENN,Long,2012-11-27,3.45,4.02,2013-01-07,16.5,Equity / Other,2012,11,Tuesday,41.0
AMZN,Short,2012-11-29,250.35,268.5,2013-01-07,-7.3,Consumer Cyclical,2012,11,Thursday,39.0
GNK,Long,2012-12-13,2.76,3.27,2012-12-18,18.5,Industrials,2012,12,Thursday,5.0
PEIX,Long,2013-01-01,0.35,0.45,2013-02-04,29.5,Equity / Other,2013,1,Tuesday,34.0
ROSG,Long,2013-01-03,4.25,5.5,2013-01-09,30.0,Equity / Other,2013,1,Thursday,6.0
MPEL,Short,2013-01-07,19.1,20.19,2013-01-22,-5.65,Equity / Other,2013,1,Monday,15.0
BBY,Long,2013-01-08,11.9,13.25,2013-01-11,11.3,Consumer Cyclical,2013,1,Tuesday,3.0
DISH,Short,2013-01-15,37.05,36.1,2013-02-19,2.56,Equity / Other,2013,1,Tuesday,35.0
ROSG,Long,2013-01-24,4.45,5.45,2013-02-11,22.5,Equity / Other,2013,1,Thursday,18.0
DIA,Short,2013-01-28,138.85,142.2,2013-03-05,-2.4,Index ETF,2013,1,Monday,36.0
MMM,Short,2013-01-29,101.35,104.15,2013-02-19,-2.76,Industrials,2013,1,Tuesday,21.0
FXY,Long,2013-02-05,104.75,107.45,2013-02-25,2.6,Equity / Other,2013,2,Tuesday,20.0
JPM,Short,2013-02-05,48.35,50.65,2013-03-07,-4.75,Financial Services,2013,2,Tuesday,30.0
SDS,Long,2013-02-19,46.6,48.33,2013-02-21,3.71,Equity / Other,2013,2,Tuesday,2.0
SMH,Short,2013-02-19,35.75,34.6,2013-02-21,3.2,Equity / Other,2013,2,Tuesday,2.0
SDS,Long,2013-02-22,47.48,47.48,2013-02-27,0.0,Equity / Other,2013,2,Friday,5.0
RAX,Long,2013-02-22,52.98,55.0,2013-02-27,3.8,Technology,2013,2,Friday,5.0
SDS,Long,2013-02-27,47.0,48.15,2013-03-04,2.45,Equity / Other,2013,2,Wednesday,5.0
AAPL,Long,2013-03-04,422.25,465.0,2013-03-25,10.2,Technology,2013,3,Monday,21.0
BAC,Short,2013-03-05,11.6,12.57,2013-03-25,-8.3,Financial Services,2013,3,Tuesday,20.0
SDS,Long,2013-03-11,44.83,45.75,2013-03-20,0.92,Equity / Other,2013,3,Monday,9.0
OXY,Short,2013-03-11,83.1,79.6,2013-03-19,4.2,Energy,2013,3,Monday,8.0
SLV,Short,2013-03-12,28.3,25.95,2013-04-03,8.3,Equity / Other,2013,3,Tuesday,22.0
IBM,Short,2013-03-13,212.1,210.05,2013-04-17,2.0,Technology,2013,3,Wednesday,35.0
EMC,Short,2013-03-13,25.15,22.83,2013-04-05,9.22,Equity / Other,2013,3,Wednesday,23.0
KR,Short,2013-03-21,32.05,34.65,2013-04-22,-6.67,Consumer Defensive,2013,3,Thursday,32.0
AMZN,Short,2013-03-27,265.5,257.0,2013-04-18,3.2,Consumer Cyclical,2013,3,Wednesday,22.0
SDS,Long,2013-03-28,43.94,39.25,2013-05-15,-10.6,Equity / Other,2013,3,Thursday,48.0
VLO,Short,2013-04-01,45.35,39.95,2013-04-03,11.9,Energy,2013,4,Monday,2.0
IAU,Long,2013-04-10,15.2,14.46,2013-04-12,-4.86,Commodities,2013,4,Wednesday,2.0
CVX,Short,2013-04-10,119.3,114.9,2013-04-17,3.7,Energy,2013,4,Wednesday,7.0
FXY,Long,2013-04-10,98.25,100.05,2013-04-15,1.83,Equity / Other,2013,4,Wednesday,5.0
GLD,Long,2013-04-15,135.11,138.75,2013-04-22,2.7,Commodities,2013,4,Monday,7.0
MHP,Long,2013-04-17,51.9,54.0,2013-04-29,4.04,Equity / Other,2013,4,Wednesday,12.0
ABX,Long,2013-04-17,17.98,19.03,2013-04-24,5.84,Financial Services,2013,4,Wednesday,7.0
CAT,Long,2013-04-18,80.6,82.8,2013-04-22,2.72,Industrials,2013,4,Thursday,4.0
BIDU,Long,2013-04-18,88.25,89.25,2013-04-29,1.13,Communication Services,2013,4,Thursday,11.0
ROSG,Long,2013-04-22,3.2,4.01,2013-05-15,25.0,Equity / Other,2013,4,Monday,23.0
JPM,Short,2013-04-24,48.85,47.0,2013-05-03,3.8,Financial Services,2013,4,Wednesday,9.0
TGT,Short,2013-04-25,70.8,68.2,2013-08-20,3.7,Consumer Defensive,2013,4,Thursday,117.0
IBM,Short,2013-04-29,198.85,208.5,2013-05-17,-4.8,Technology,2013,4,Monday,18.0
CVX,Short,2013-05-02,122.25,120.75,2013-06-06,1.22,Energy,2013,5,Thursday,35.0
DE,Short,2013-05-08,92.45,88.95,2013-05-15,3.8,Industrials,2013,5,Wednesday,7.0
SWKS,Short,2013-05-08,22.91,21.91,2013-06-07,4.36,Technology,2013,5,Wednesday,30.0
PG,Short,2013-05-09,78.65,76.05,2013-06-06,3.31,Consumer Defensive,2013,5,Thursday,28.0
QQQ,Short,2013-05-14,73.55,72.05,2013-06-05,2.04,Index ETF,2013,5,Tuesday,22.0
FXY,Long,2013-05-17,94.95,98.95,2013-06-03,4.21,Equity / Other,2013,5,Friday,17.0
JPM,Short,2013-05-21,53.2,55.62,2013-05-30,-4.5,Financial Services,2013,5,Tuesday,9.0
CEF,Long,2013-05-21,15.54,16.15,2013-06-11,1.85,Equity / Other,2013,5,Tuesday,21.0
SPG,Short,2013-05-28,77.65,70.95,2013-05-29,3.77,Real Estate,2013,5,Tuesday,1.0
TSLA,Long,2013-05-29,12.6,17.65,2013-05-29,40.0,Consumer Cyclical,2013,5,Wednesday,0.0
IYR,Long,2013-06-03,68.15,65.95,2013-06-12,-3.22,Equity / Other,2013,6,Monday,9.0
O,Long,2013-06-04,43.8,41.1,2013-06-20,-6.16,Real Estate,2013,6,Tuesday,16.0
HMC,Long,2013-06-07,36.35,36.35,2013-06-12,0.0,Consumer Cyclical,2013,6,Friday,5.0
ADM,Short,2013-06-17,33.45,36.2,2013-07-11,-8.2,Consumer Defensive,2013,6,Monday,24.0
SPY,Long,2013-06-21,157.55,161.55,2013-06-27,2.54,Index ETF,2013,6,Friday,6.0
RSOL,Long,2013-06-21,2.15,3.05,2013-06-26,35.0,Equity / Other,2013,6,Friday,5.0
SCCO,Long,2013-06-24,26.98,27.9,2013-07-11,3.41,Basic Materials,2013,6,Monday,17.0
RHT,Short,2013-06-26,46.79,48.48,2013-06-27,-3.8,Equity / Other,2013,6,Wednesday,1.0
SPY,Short,2013-07-08,164.04,170.85,2013-08-02,-4.15,Index ETF,2013,7,Monday,25.0
CVX,Short,2013-07-09,123.3,118.8,2013-08-19,3.65,Energy,2013,7,Tuesday,41.0
USO,Short,2013-07-10,37.26,33.75,2013-11-05,6.29,Commodities,2013,7,Wednesday,118.0
BBBY,Short,2013-07-11,76.35,71.75,2013-09-04,5.95,Equity / Other,2013,7,Thursday,55.0
TSLA,Short,2013-07-15,132.95,119.75,2013-07-16,13.6,Consumer Cyclical,2013,7,Monday,1.0
IWM,Short,2013-07-18,104.15,112.72,2013-11-26,-8.22,Index ETF,2013,7,Thursday,131.0
RENN,Long,2013-07-25,3.33,3.78,2013-08-01,13.5,Equity / Other,2013,7,Thursday,7.0
TSLA,Short,2013-07-30,137.2,176.8,2013-09-19,-28.8,Consumer Cyclical,2013,7,Tuesday,51.0
DD,Short,2013-07-31,58.55,56.5,2013-08-28,3.45,Basic Materials,2013,7,Wednesday,28.0
PEIX,Long,2013-08-05,4.05,4.2,2013-12-04,3.7,Equity / Other,2013,8,Monday,121.0
ORCL,Short,2013-08-06,33.12,32.5,2013-10-08,1.88,Technology,2013,8,Tuesday,63.0
FCX,Short,2013-08-08,30.29,32.83,2013-09-11,-9.18,Basic Materials,2013,8,Thursday,34.0
XOM,Long,2013-08-19,87.35,87.5,2013-09-10,0.02,Energy,2013,8,Monday,22.0
RSOL,Long,2013-08-20,1.79,2.02,2013-09-05,14.44,Equity / Other,2013,8,Tuesday,16.0
BBY,Short,2013-09-04,37.55,38.95,2013-09-17,-3.73,Consumer Cyclical,2013,9,Wednesday,13.0
SCTY,Long,2013-09-04,28.65,31.4,2013-09-05,6.11,Technology,2013,9,Wednesday,1.0
ARO,Long,2013-09-04,7.8,8.31,2013-09-05,6.41,Consumer Cyclical,2013,9,Wednesday,1.0
CMI,Short,2013-09-09,129.85,138.15,2013-10-22,-6.4,Industrials,2013,9,Monday,43.0
MA,Short,2013-09-09,686.25,665.25,2013-10-03,3.0,Financial Services,2013,9,Monday,24.0
VZ,Long,2013-09-10,45.8,48.4,2013-09-17,4.14,Communication Services,2013,9,Tuesday,7.0
AMZN,Short,2013-09-10,300.75,296.75,2013-10-09,1.33,Consumer Cyclical,2013,9,Tuesday,29.0
GDX,Long,2013-09-12,25.6,27.15,2013-09-19,5.02,Equity / Other,2013,9,Thursday,7.0
FB,Short,2013-09-12,45.45,45.1,2013-10-08,2.73,Equity / Other,2013,9,Thursday,26.0
GS,Short,2013-09-16,167.4,159.6,2013-09-27,4.66,Financial Services,2013,9,Monday,11.0
KORS,Short,2013-09-18,75.25,72.4,2013-10-08,3.79,Consumer Cyclical,2013,9,Wednesday,20.0
NDAQ,Short,2013-09-24,32.23,31.8,2013-10-09,1.33,Financial Services,2013,9,Tuesday,15.0
FB,Short,2013-09-24,49.3,47.3,2013-10-08,4.06,Equity / Other,2013,9,Tuesday,14.0
XONE,Long,2013-09-30,43.1,45.5,2013-10-02,5.57,Equity / Other,2013,9,Monday,2.0
XONE,Long,2013-10-03,42.35,46.35,2013-10-07,9.45,Equity / Other,2013,10,Thursday,4.0
ROSG,Long,2013-10-07,3.19,4.14,2014-01-13,29.78,Equity / Other,2013,10,Monday,98.0
KO,Long,2013-10-07,37.07,37.75,2013-10-14,1.88,Consumer Defensive,2013,10,Monday,7.0
AMGN,Long,2013-10-09,106.0,111.8,2013-10-15,3.68,Healthcare,2013,10,Wednesday,6.0
AMZN,Short,2013-10-11,310.35,332.35,2013-10-22,-7.0,Consumer Cyclical,2013,10,Friday,11.0
BBY,Short,2013-10-15,41.12,44.1,2013-11-05,-7.24,Consumer Cyclical,2013,10,Tuesday,21.0
FB,Short,2013-10-15,50.6,49.45,2013-10-29,2.27,Equity / Other,2013,10,Tuesday,14.0
WYNN,Long,2013-10-15,170.1,159.7,2013-11-07,6.12,Consumer Cyclical,2013,10,Tuesday,23.0
JCP,Long,2013-10-21,6.7,8.1,2013-11-01,21.0,Consumer Cyclical,2013,10,Monday,11.0
MA,Short,2013-10-22,720.35,754.15,2013-11-18,-4.62,Financial Services,2013,10,Tuesday,27.0
UNG,Long,2013-10-24,18.36,754.15,2013-11-04,-6.9,Commodities,2013,10,Thursday,11.0
FDX,Short,2013-10-24,131.6,131.6,2014-01-27,0.0,Industrials,2013,10,Thursday,95.0
BA,Short,2013-10-30,130.55,128.55,2014-01-29,1.55,Industrials,2013,10,Wednesday,91.0
NUAN,Long,2013-10-31,15.54,16.0,2013-11-21,3.0,Technology,2013,10,Thursday,21.0
TWGP,Long,2013-11-05,3.6,3.45,2013-12-18,4.17,Equity / Other,2013,11,Tuesday,43.0
SINA,Short,2013-11-06,81.05,74.85,2013-11-08,7.65,Technology,2013,11,Wednesday,2.0
MMM,Short,2013-11-07,127.51,125.31,2013-12-03,1.73,Industrials,2013,11,Thursday,26.0
FXA,Long,2013-11-12,93.02,93.9,2013-11-21,0.88,Equity / Other,2013,11,Tuesday,9.0
PCLN,Short,2013-11-14,1136.0,1111.0,2014-02-03,2.2,Equity / Other,2013,11,Thursday,81.0
CELG,Long,2013-11-15,150.59,166.25,2013-12-06,-10.39,Healthcare,2013,11,Friday,21.0
FB,Long,2013-11-26,45.15,52.05,2013-12-12,9.1,Equity / Other,2013,11,Tuesday,16.0
ADBE,Short,2013-11-29,56.9,54.6,2013-12-05,4.04,Technology,2013,11,Friday,6.0
HAL,Long,2013-12-05,50.5,50.75,2014-01-16,0.5,Energy,2013,12,Thursday,42.0
ECTE,Long,2013-12-05,2.7,3.6,2013-12-11,21.5,Equity / Other,2013,12,Thursday,6.0
NEWL,Long,2013-12-05,1.95,2.3,2013-12-27,17.95,Equity / Other,2013,12,Thursday,22.0
WPRT,Long,2013-12-09,18.9,17.75,2013-12-18,-6.08,Consumer Cyclical,2013,12,Monday,9.0
IBB,Short,2013-12-10,121.75,239.25,2014-03-24,-7.89,Equity / Other,2013,12,Tuesday,104.0
CCXI,Long,2013-12-12,5.19,6.19,2014-01-02,19.27,Financial Services,2013,12,Thursday,21.0
ABIO,Long,2013-12-17,1.53,2.2,2014-01-08,43.4,Equity / Other,2013,12,Tuesday,22.0
TWGP,Long,2013-12-20,2.53,3.25,2013-12-30,28.5,Equity / Other,2013,12,Friday,10.0
TWTR,Short,2013-12-24,67.3,64.8,2013-12-27,3.72,Technology,2013,12,Tuesday,3.0
YHOO,Short,2013-12-27,40.47,38.3,2014-01-24,5.36,Technology,2013,12,Friday,28.0
SINA,Short,2014-01-03,82.72,88.96,2014-01-08,-7.54,Technology,2014,1,Friday,5.0
TWTR,Short,2014-01-03,70.35,58.35,2014-01-08,17.04,Technology,2014,1,Friday,5.0
CORN,Long,2014-01-06,31.0,32.75,2014-02-28,5.65,Equity / Other,2014,1,Monday,53.0
WYNN,Short,2014-01-07,202.8,199.8,2014-01-24,1.5,Consumer Cyclical,2014,1,Tuesday,17.0
FXC,Long,2014-01-09,91.67,92.27,2014-07-29,0.66,Equity / Other,2014,1,Thursday,201.0
AUY,Long,2014-01-09,9.0,9.6,2014-01-14,6.67,Equity / Other,2014,1,Thursday,5.0
VXX,Long,2014-01-13,40.75,43.75,2014-01-24,7.36,Leveraged ETF,2014,1,Monday,11.0
AMZN,Short,2014-01-13,398.35,383.35,2014-01-27,3.77,Consumer Cyclical,2014,1,Monday,14.0
F,Short,2014-01-17,16.64,15.75,2014-01-27,4.39,Consumer Cyclical,2014,1,Friday,10.0
JCP,Long,2014-01-21,6.45,5.1,2014-02-04,-20.9,Consumer Cyclical,2014,1,Tuesday,14.0
ANF,Long,2014-01-27,34.35,36.65,2014-01-28,6.7,Consumer Cyclical,2014,1,Monday,1.0
BBBY,Long,2014-01-27,64.44,67.92,2014-02-26,3.92,Equity / Other,2014,1,Monday,30.0
FCX,Long,2014-01-27,32.35,33.01,2014-02-11,2.05,Basic Materials,2014,1,Monday,15.0
MCP,Long,2014-01-29,4.85,5.17,2014-02-10,6.6,Equity / Other,2014,1,Wednesday,12.0
RIG,Long,2014-01-29,43.7,44.1,2014-02-12,0.95,Energy,2014,1,Wednesday,14.0
TGT,Long,2014-01-31,56.27,56.27,2014-02-21,0.0,Consumer Defensive,2014,1,Friday,21.0
SINA,Long,2014-02-03,64.15,67.15,2014-02-07,4.68,Technology,2014,2,Monday,4.0
PBR,Long,2014-02-04,10.87,11.43,2014-02-07,5.15,Energy,2014,2,Tuesday,3.0
BA,Long,2014-02-05,119.5,124.5,2014-02-07,4.18,Industrials,2014,2,Wednesday,2.0
VXX,Long,2014-02-11,43.85,46.25,2014-03-03,5.47,Leveraged ETF,2014,2,Tuesday,20.0
ADBE,Short,2014-02-11,64.27,61.65,2014-04-04,4.08,Technology,2014,2,Tuesday,52.0
YHOO,Short,2014-02-12,38.45,34.65,2014-04-04,9.36,Technology,2014,2,Wednesday,51.0
MOS,Short,2014-02-12,48.27,47.5,2014-04-11,1.59,Basic Materials,2014,2,Wednesday,58.0
IWM,Short,2014-02-14,114.2,108.85,2014-04-15,4.69,Index ETF,2014,2,Friday,60.0
V,Short,2014-02-14,225.85,203.5,2014-04-07,9.9,Financial Services,2014,2,Friday,52.0
PRGO,Short,2014-02-18,154.1,167.4,2014-03-04,-8.63,Healthcare,2014,2,Tuesday,14.0
AUY,Long,2014-02-24,10.41,9.07,2014-03-24,-12.87,Equity / Other,2014,2,Monday,28.0
FB,Short,2014-02-24,70.15,64.5,2014-03-24,8.05,Equity / Other,2014,2,Monday,28.0
PCLN,Short,2014-02-24,1315.0,1273.0,2014-03-14,3.2,Equity / Other,2014,2,Monday,18.0
GILD,Short,2014-02-27,83.8,76.3,2014-03-14,8.95,Healthcare,2014,2,Thursday,15.0
CGA,Long,2014-03-04,3.0,3.6,2014-09-12,20.0,Equity / Other,2014,3,Tuesday,192.0
DD,Short,2014-03-05,67.35,64.95,2014-06-27,3.56,Basic Materials,2014,3,Wednesday,114.0
SPY,Short,2014-03-05,187.8,186.2,2014-03-18,0.85,Index ETF,2014,3,Wednesday,13.0
PLUG,Long,2014-03-11,5.76,6.36,2014-03-12,10.42,Industrials,2014,3,Tuesday,1.0
JJC,Long,2014-03-11,35.79,36.35,2014-03-19,1.56,Equity / Other,2014,3,Tuesday,8.0
USO,Long,2014-03-12,35.2,35.57,2014-03-18,1.05,Commodities,2014,3,Wednesday,6.0
JO,Short,2014-03-12,40.65,37.65,2014-03-17,7.65,Equity / Other,2014,3,Wednesday,5.0
COG,Long,2014-03-18,33.38,34.45,2014-04-10,1.6,Energy,2014,3,Tuesday,23.0
WDC,Short,2014-03-18,85.6,93.35,2014-04-01,-9.05,Technology,2014,3,Tuesday,14.0
FDX,Short,2014-03-21,136.38,133.92,2014-04-04,1.8,Industrials,2014,3,Friday,14.0
SH,Long,2014-03-21,24.77,25.04,2014-04-17,1.23,Equity / Other,2014,3,Friday,27.0
GLD,Long,2014-03-26,125.35,127.1,2014-04-10,1.4,Commodities,2014,3,Wednesday,15.0
PCLN,Long,2014-03-27,1159.0,1210.0,2014-03-28,4.4,Equity / Other,2014,3,Thursday,1.0
DDD,Short,2014-04-01,59.32,54.65,2014-04-07,7.87,Technology,2014,4,Tuesday,6.0
VXX,Long,2014-04-02,40.85,43.05,2014-04-07,5.39,Leveraged ETF,2014,4,Wednesday,5.0
QCOM,Short,2014-04-03,81.25,76.9,2014-04-24,5.35,Technology,2014,4,Thursday,21.0
NFLX,Long,2014-04-04,337.75,354.15,2014-04-10,4.86,Communication Services,2014,4,Friday,6.0
LNKD,Long,2014-04-07,158.35,175.35,2014-04-09,10.75,Technology,2014,4,Monday,2.0
P,Long,2014-04-07,25.95,28.3,2014-04-08,9.09,Technology,2014,4,Monday,1.0
VXX,Long,2014-04-09,41.15,43.45,2014-04-10,5.56,Leveraged ETF,2014,4,Wednesday,1.0
RIG,Short,2014-04-09,40.89,40.26,2014-04-14,1.52,Energy,2014,4,Wednesday,5.0
WFM,Long,2014-04-14,49.29,49.8,2014-04-29,1.01,Consumer Defensive,2014,4,Monday,15.0
IBB,Long,2014-04-14,211.4,233.4,2014-04-22,10.41,Equity / Other,2014,4,Monday,8.0
NFLX,Long,2014-04-15,318.75,340.75,2014-04-21,6.9,Communication Services,2014,4,Tuesday,6.0
VXX,Long,2014-04-21,41.2,37.15,2014-05-12,-9.83,Leveraged ETF,2014,4,Monday,21.0
CVX,Short,2014-04-21,124.2,122.0,2014-06-03,1.77,Energy,2014,4,Monday,43.0
KO,Short,2014-04-22,40.66,42.4,2014-07-21,-4.28,Consumer Defensive,2014,4,Tuesday,90.0
IYT,Short,2014-04-22,138.3,147.2,2014-06-06,-6.43,Equity / Other,2014,4,Tuesday,45.0
IWM,Short,2014-04-22,115.0,108.7,2014-05-16,5.48,Index ETF,2014,4,Tuesday,24.0
FEYE,Long,2014-04-25,35.95,26.6,2014-05-09,-26.0,Equity / Other,2014,4,Friday,14.0
CRM,Long,2014-04-28,48.58,51.22,2014-05-07,5.43,Technology,2014,4,Monday,9.0
DANG,Long,2014-04-30,10.5,11.55,2014-05-01,10.0,Equity / Other,2014,4,Wednesday,1.0
UNH,Long,2014-05-01,74.91,78.15,2014-05-27,4.16,Healthcare,2014,5,Thursday,26.0
TBT,Long,2014-05-02,62.69,57.77,2014-07-29,-7.85,Equity / Other,2014,5,Friday,88.0
WHR,Short,2014-05-02,152.54,144.54,2014-05-14,5.25,Consumer Cyclical,2014,5,Friday,12.0
GE,Short,2014-05-05,26.29,26.77,2014-05-30,-1.8,Industrials,2014,5,Monday,25.0
QCOM,Short,2014-05-09,79.5,75.95,2014-07-24,4.47,Technology,2014,5,Friday,76.0
BRK.B,Short,2014-05-14,127.85,132.95,2014-08-11,-3.99,Equity / Other,2014,5,Wednesday,89.0
FB,Short,2014-05-16,58.04,64.45,2014-06-13,-10.9,Equity / Other,2014,5,Friday,28.0
TSN,Short,2014-05-16,40.9,38.7,2014-05-22,5.25,Consumer Defensive,2014,5,Friday,6.0
TWTR,Long,2014-05-21,31.35,33.35,2014-05-28,6.37,Technology,2014,5,Wednesday,7.0
VXX,Long,2014-05-23,34.93,29.43,2014-06-18,-15.74,Leveraged ETF,2014,5,Friday,26.0
MA,Long,2014-05-23,73.53,76.95,2014-07-15,4.65,Financial Services,2014,5,Friday,53.0
HDGE,Long,2014-05-27,12.41,11.84,2014-06-27,-4.59,Equity / Other,2014,5,Tuesday,31.0
MMM,Short,2014-05-28,141.7,139.5,2014-08-01,1.55,Industrials,2014,5,Wednesday,65.0
IYT,Short,2014-05-29,1.5,1.9,2014-06-12,26.0,Equity / Other,2014,5,Thursday,14.0
RDY,Long,2014-05-29,38.84,42.2,2014-06-30,8.64,Healthcare,2014,5,Thursday,32.0
NFLX,Short,2014-05-30,420.0,433.45,2014-10-13,-3.2,Communication Services,2014,5,Friday,136.0
DAL,Short,2014-06-04,1.45,2.9,2014-06-12,100.0,Industrials,2014,6,Wednesday,8.0
TJX,Long,2014-06-04,54.45,55.23,2014-06-13,1.43,Consumer Cyclical,2014,6,Wednesday,9.0
BA,Short,2014-06-05,137.05,132.15,2014-06-12,3.57,Industrials,2014,6,Thursday,7.0
INTC,Short,2014-06-06,28.2,30.19,2014-06-20,-7.06,Technology,2014,6,Friday,14.0
CSCO,Short,2014-06-11,25.04,24.82,2014-07-01,0.88,Technology,2014,6,Wednesday,20.0
CLF,Long,2014-06-16,14.0,14.34,2014-06-17,-2.22,Basic Materials,2014,6,Monday,1.0
CVX,Short,2014-06-16,127.9,126.35,2014-08-04,1.21,Energy,2014,6,Monday,49.0
MU,Short,2014-06-17,32.1,31.3,2014-06-23,2.5,Technology,2014,6,Tuesday,6.0
CVX,Long,2014-06-18,1.41,1.59,2014-06-26,12.77,Energy,2014,6,Wednesday,8.0
ORLY,Short,2014-06-20,150.58,146.68,2014-07-23,2.59,Consumer Cyclical,2014,6,Friday,33.0
DIS,Short,2014-06-24,83.05,89.25,2014-08-15,-7.47,Communication Services,2014,6,Tuesday,52.0
CMG,Short,2014-06-27,596.25,674.0,2014-07-28,-13.04,Consumer Cyclical,2014,6,Friday,31.0
IBB,Short,2014-07-02,264.9,253.4,2014-07-08,4.34,Equity / Other,2014,7,Wednesday,6.0
SNDK,Short,2014-07-07,106.8,95.95,2014-07-17,9.97,Technology,2014,7,Monday,10.0
AXP,Long,2014-07-07,95.37,92.0,2014-07-28,-3.53,Financial Services,2014,7,Monday,21.0
USO,Long,2014-07-11,37.38,38.0,2014-07-29,0.83,Commodities,2014,7,Friday,18.0
SMH,Short,2014-07-15,50.77,48.95,2014-10-02,3.59,Equity / Other,2014,7,Tuesday,79.0
HPQ,Long,2014-07-16,0.88,1.18,2014-08-01,34.1,Technology,2014,7,Wednesday,16.0
EWC,Short,2014-07-17,32.45,31.45,2014-08-08,3.08,Equity / Other,2014,7,Thursday,22.0
UNG,Long,2014-07-22,20.85,20.93,2014-08-01,0.33,Commodities,2014,7,Tuesday,10.0
IYT,Short,2014-07-23,151.9,147.6,2014-07-29,2.83,Equity / Other,2014,7,Wednesday,6.0
FXE,Long,2014-07-25,132.5,129.55,2014-08-29,-2.22,Equity / Other,2014,7,Friday,35.0
SINA,Long,2014-07-29,49.25,51.45,2014-08-15,4.47,Technology,2014,7,Tuesday,17.0
CORN,Long,2014-07-30,26.14,23.12,2014-09-23,-11.55,Equity / Other,2014,7,Wednesday,55.0
SPY,Short,2014-07-31,194.42,193.86,2014-08-11,0.55,Index ETF,2014,7,Thursday,11.0
PHO,Long,2014-08-05,24.73,25.98,2014-09-03,5.06,Equity / Other,2014,8,Tuesday,29.0
HIMX,Long,2014-08-06,6.47,7.04,2014-08-07,8.81,Technology,2014,8,Wednesday,1.0
SWN,Long,2014-08-06,40.29,36.53,2014-09-19,-9.33,Equity / Other,2014,8,Wednesday,44.0
SYMC,Short,2014-08-07,24.62,23.49,2014-10-01,4.59,Equity / Other,2014,8,Thursday,55.0
YHOO,Long,2014-08-07,35.7,37.75,2014-08-18,5.74,Technology,2014,8,Thursday,11.0
WFM,Long,2014-08-07,2.5,2.91,2014-08-11,16.4,Consumer Defensive,2014,8,Thursday,4.0
EWG,Long,2014-08-08,28.07,29.01,2014-08-15,3.35,Equity / Other,2014,8,Friday,7.0
S,Long,2014-08-12,5.84,6.36,2014-09-10,8.9,Technology,2014,8,Tuesday,29.0
DNDN,Long,2014-08-13,1.35,1.57,2014-09-15,16.3,Healthcare,2014,8,Wednesday,33.0
VXX,Long,2014-08-15,28.3,30.4,2014-08-15,7.42,Leveraged ETF,2014,8,Friday,0.0
VXX,Long,2014-08-18,27.85,28.42,2014-08-28,2.05,Leveraged ETF,2014,8,Monday,10.0
LUV,Short,2014-08-18,30.57,33.87,2014-09-12,-10.79,Industrials,2014,8,Monday,25.0
TMUS,Long,2014-08-18,28.75,29.98,2014-09-23,4.28,Communication Services,2014,8,Monday,36.0
IYT,Short,2014-08-19,151.0,144.6,2014-10-09,4.24,Equity / Other,2014,8,Tuesday,51.0
FB,Long,2014-08-21,74.62,72.5,2014-10-14,2.84,Equity / Other,2014,8,Thursday,54.0
URBN,Short,2014-08-26,40.0,37.72,2014-10-01,5.7,Consumer Cyclical,2014,8,Tuesday,36.0
IBB,Short,2014-08-26,274.5,262.5,2014-10-10,4.37,Equity / Other,2014,8,Tuesday,45.0
SPY,Short,2014-08-28,200.45,191.45,2014-10-10,4.49,Index ETF,2014,8,Thursday,43.0
NTAP,Short,2014-09-03,42.13,39.62,2014-10-10,5.96,Technology,2014,9,Wednesday,37.0
GS,Short,2014-09-04,181.05,180.85,2014-10-10,0.01,Financial Services,2014,9,Thursday,36.0
X,Short,2014-09-04,40.75,38.3,2014-09-09,6.01,Equity / Other,2014,9,Thursday,5.0
CLF,Long,2014-09-09,13.94,15.25,2014-09-16,9.4,Basic Materials,2014,9,Tuesday,7.0
QQQ,Short,2014-09-09,100.25,94.75,2014-10-10,5.49,Index ETF,2014,9,Tuesday,31.0
GLD,Long,2014-09-11,119.42,119.83,2014-10-15,0.34,Commodities,2014,9,Thursday,34.0
C,Short,2014-09-11,52.13,51.88,2014-10-09,0.48,Financial Services,2014,9,Thursday,28.0
SDRL,Long,2014-09-15,30.41,27.02,2014-09-25,-11.15,Energy,2014,9,Monday,10.0
SGG,Long,2014-09-15,41.67,44.0,2014-10-07,5.59,Equity / Other,2014,9,Monday,22.0
NUS,Long,2014-09-17,41.56,44.56,2014-09-18,7.22,Consumer Defensive,2014,9,Wednesday,1.0
SINA,Long,2014-09-18,45.25,45.5,2014-09-19,0.55,Technology,2014,9,Thursday,1.0
SLW,Long,2014-09-22,20.95,21.3,2014-11-19,1.67,Commodities,2014,9,Monday,58.0
MCP,Long,2014-09-24,0.4,0.62,2014-10-07,56.96,Equity / Other,2014,9,Wednesday,13.0
SWN,Long,2014-09-25,1.0,1.22,2014-09-29,22.0,Equity / Other,2014,9,Thursday,4.0
FXE,Long,2014-09-25,125.5,125.5,2014-10-21,0.0,Equity / Other,2014,9,Thursday,26.0
CVX,Long,2014-09-26,114.0,114.4,2014-10-21,0.35,Energy,2014,9,Friday,25.0
AUY,Long,2014-09-29,6.15,4.6,2014-10-30,-25.2,Equity / Other,2014,9,Monday,31.0
PSX,Long,2014-09-30,81.54,77.63,2014-10-03,-4.8,Energy,2014,9,Tuesday,3.0
BIDU,Short,2014-09-30,219.48,209.48,2014-10-02,4.56,Communication Services,2014,9,Tuesday,2.0
X,Long,2014-10-01,37.95,37.75,2014-10-28,-0.53,Equity / Other,2014,10,Wednesday,27.0
SDRL,Long,2014-10-02,24.5,25.15,2014-10-22,2.65,Energy,2014,10,Thursday,20.0
BIDU,Short,2014-10-06,219.21,206.67,2014-10-10,5.72,Communication Services,2014,10,Monday,4.0
USO,Long,2014-10-08,32.8,28.2,2014-11-13,-14.02,Commodities,2014,10,Wednesday,36.0
DVN,Long,2014-10-08,62.67,58.17,2014-10-17,-7.18,Energy,2014,10,Wednesday,9.0
DRYS,Long,2014-10-09,1.85,1.87,2014-10-17,1.08,Industrials,2014,10,Thursday,8.0
S,Long,2014-10-10,6.0,4.7,2014-11-06,-21.67,Technology,2014,10,Friday,27.0
ADBE,Long,2014-10-10,61.41,64.54,2014-10-21,5.1,Technology,2014,10,Friday,11.0
FEYE,Long,2014-10-13,24.95,29.15,2014-10-16,16.83,Equity / Other,2014,10,Monday,3.0
Z,Long,2014-10-13,100.5,110.26,2014-10-21,9.71,Communication Services,2014,10,Monday,8.0
SCTY,Long,2014-10-13,49.8,55.05,2014-10-21,10.54,Technology,2014,10,Monday,8.0
TAN,Long,2014-10-14,33.35,37.15,2014-10-17,12.07,Equity / Other,2014,10,Tuesday,3.0
DD,Long,2014-10-14,65.6,68.25,2014-10-21,4.04,Basic Materials,2014,10,Tuesday,7.0
PEIX,Long,2014-10-15,9.55,11.75,2014-10-16,23.04,Equity / Other,2014,10,Wednesday,1.0
DAL,Long,2014-10-15,32.66,32.38,2014-10-15,-0.86,Industrials,2014,10,Wednesday,0.0
SPY,Long,2014-10-15,186.4,192.21,2014-10-23,3.12,Index ETF,2014,10,Wednesday,8.0
WFC,Long,2014-10-15,47.91,50.03,2014-10-24,4.43,Financial Services,2014,10,Wednesday,9.0
FB,Short,2014-10-21,77.5,73.5,2014-10-28,5.16,Equity / Other,2014,10,Tuesday,7.0
BAX,Long,2014-10-21,68.55,69.37,2014-11-04,1.16,Healthcare,2014,10,Tuesday,14.0
LUV,Short,2014-10-22,34.78,32.68,2014-10-23,6.04,Industrials,2014,10,Wednesday,1.0
DIS,Long,2014-10-22,88.4,100.78,2015-02-04,-14.0,Communication Services,2014,10,Wednesday,105.0
QQQ,Short,2014-10-23,104.3,104.35,2015-08-21,-0.047938639,Index ETF,2014,10,Thursday,302.0
IBB,Short,2014-10-24,327.0,342.5,2015-03-25,-4.74,Equity / Other,2014,10,Friday,152.0
UNG,Long,2014-10-28,19.13,20.62,2014-11-04,7.7,Commodities,2014,10,Tuesday,7.0
JPM,Short,2014-10-28,59.3,58.8,2014-12-15,0.84,Financial Services,2014,10,Tuesday,48.0
IWM,Short,2014-10-28,114.05,113.95,2014-12-15,0.01,Index ETF,2014,10,Tuesday,48.0
INTC,Short,2014-10-28,33.55,36.85,2014-11-26,-9.84,Technology,2014,10,Tuesday,29.0
SLV,Long,2014-10-31,15.21,16.36,2014-12-09,7.56,Equity / Other,2014,10,Friday,39.0
SDRL,Long,2014-11-04,20.45,22.12,2014-11-07,8.17,Energy,2014,11,Tuesday,3.0
TRV,Short,2014-11-05,101.55,100.95,2015-04-22,0.59,Financial Services,2014,11,Wednesday,168.0
YHOO,Short,2014-11-07,48.15,47.75,2015-01-13,0.83,Technology,2014,11,Friday,67.0
VXX,Long,2014-11-10,28.0,33.25,2014-12-11,18.75,Leveraged ETF,2014,11,Monday,31.0
WHR,Long,2014-11-12,175.0,179.5,2015-04-28,-2.57,Consumer Cyclical,2014,11,Wednesday,167.0
MMM,Short,2014-11-13,158.45,156.1,2014-12-15,1.48,Industrials,2014,11,Thursday,32.0
CRR,Long,2014-11-14,42.67,43.12,2014-12-22,1.06,Equity / Other,2014,11,Friday,38.0
LAKE,Long,2014-11-18,10.7,12.2,2014-11-25,14.02,Consumer Cyclical,2014,11,Tuesday,7.0
CREE,Long,2014-11-20,34.96,35.71,2014-12-01,2.13,Equity / Other,2014,11,Thursday,11.0
FXY,Long,2014-11-20,82.39,83.86,2014-12-16,1.79,Equity / Other,2014,11,Thursday,26.0
CELG,Short,2014-11-25,111.0,106.75,2014-12-23,3.83,Healthcare,2014,11,Tuesday,28.0
ICLD,Long,2014-11-26,2.72,3.25,2015-05-04,19.49,Technology,2014,11,Wednesday,159.0
USO,Long,2014-11-28,25.6,23.31,2014-12-10,-8.95,Commodities,2014,11,Friday,12.0
DXD,Long,2014-12-02,21.78,22.78,2014-12-12,4.59,Equity / Other,2014,12,Tuesday,10.0
VZ,Long,2014-12-03,48.92,45.65,2014-12-12,-6.7,Communication Services,2014,12,Wednesday,9.0
SDRL,Long,2014-12-03,13.5,11.65,2014-12-08,-13.7,Energy,2014,12,Wednesday,5.0
SWHC,Long,2014-12-08,9.8,11.55,2015-01-20,17.86,Equity / Other,2014,12,Monday,43.0
CRM,Long,2014-12-09,54.85,55.5,2014-12-16,1.18,Technology,2014,12,Tuesday,7.0
S,Long,2014-12-10,4.36,3.82,2014-12-16,-12.3,Technology,2014,12,Wednesday,6.0
X,Long,2014-12-12,26.12,27.42,2015-04-15,4.98,Equity / Other,2014,12,Friday,124.0
AAPL,Long,2014-12-15,107.95,114.2,2015-01-26,5.79,Technology,2014,12,Monday,42.0
BABA,Long,2014-12-15,97.22,81.35,2015-03-03,-16.32,Consumer Cyclical,2014,12,Monday,78.0
SLB,Long,2014-12-16,78.65,85.35,2014-12-18,8.52,Energy,2014,12,Tuesday,2.0
MSFT,Long,2014-12-16,45.81,46.35,2015-01-06,1.18,Technology,2014,12,Tuesday,21.0
WYNN,Long,2014-12-17,137.15,149.15,2014-12-19,8.75,Consumer Cyclical,2014,12,Wednesday,2.0
BA,Long,2014-12-18,123.89,129.04,2014-12-24,4.16,Industrials,2014,12,Thursday,6.0
HD,Short,2014-12-24,104.15,100.95,2015-01-05,3.07,Consumer Cyclical,2014,12,Wednesday,12.0
HD,Short,2014-12-24,104.15,100.95,2015-01-05,3.07,Consumer Cyclical,2014,12,Wednesday,12.0
LAKE,Long,2014-12-26,8.85,10.2,2014-12-30,15.25,Consumer Cyclical,2014,12,Friday,4.0
CLF,Long,2014-12-26,6.12,6.8,2014-12-29,11.11,Basic Materials,2014,12,Friday,3.0
RIG,Long,2014-12-30,18.82,18.42,2015-02-03,-2.13,Energy,2014,12,Tuesday,35.0
SCTY,Long,2014-12-31,53.25,55.65,2015-02-05,4.41,Technology,2014,12,Wednesday,36.0
SWN,Long,2015-01-05,25.95,26.7,2015-02-03,2.89,Equity / Other,2015,1,Monday,29.0
BAX,Long,2015-01-06,71.05,72.13,2015-01-14,1.51,Healthcare,2015,1,Tuesday,8.0
XONE,Long,2015-01-07,15.23,16.25,2015-02-11,6.7,Equity / Other,2015,1,Wednesday,35.0
HD,Short,2015-01-08,106.9,104.3,2015-02-12,2.43,Consumer Cyclical,2015,1,Thursday,35.0
CUBA,Long,2015-01-08,8.47,9.64,2015-01-23,13.81,Equity / Other,2015,1,Thursday,15.0
CRR,Long,2015-01-08,36.33,39.23,2015-02-10,7.98,Equity / Other,2015,1,Thursday,33.0
USO,Long,2015-01-09,18.4,19.05,2015-02-03,3.53,Commodities,2015,1,Friday,25.0
SDRL,Long,2015-01-09,10.82,12.37,2015-02-03,14.33,Energy,2015,1,Friday,25.0
GM,Short,2015-01-09,36.19,33.55,2015-01-29,7.27,Consumer Cyclical,2015,1,Friday,20.0
ADBE,Long,2015-01-14,70.25,71.28,2015-01-28,1.45,Technology,2015,1,Wednesday,14.0
BBRY,Long,2015-01-20,9.89,10.85,2015-01-22,9.71,Technology,2015,1,Tuesday,2.0
JRJC,Long,2015-01-21,5.0,5.8,2015-02-17,16.0,Equity / Other,2015,1,Wednesday,27.0
IBIO,Long,2015-01-21,0.47,0.68,2015-02-05,44.68,Healthcare,2015,1,Wednesday,15.0
BAC,Long,2015-01-22,15.52,15.86,2015-01-27,2.15,Financial Services,2015,1,Thursday,5.0
S,Long,2015-01-27,4.35,4.62,2015-02-04,6.21,Technology,2015,1,Tuesday,8.0
BBRY,Long,2015-01-29,9.95,10.85,2015-02-26,9.05,Technology,2015,1,Thursday,28.0
PBR,Long,2015-01-30,5.95,6.97,2015-02-03,17.14,Energy,2015,1,Friday,4.0
BAX,Long,2015-02-03,70.23,70.03,2015-04-09,-0.29,Healthcare,2015,2,Tuesday,65.0
SNY,Long,2015-02-04,46.35,48.05,2015-02-05,3.67,Healthcare,2015,2,Wednesday,1.0
USO,Long,2015-02-04,18.15,19.75,2015-02-06,8.82,Commodities,2015,2,Wednesday,2.0
ARNA,Long,2015-02-05,4.38,4.89,2015-02-19,11.64,Healthcare,2015,2,Thursday,14.0
SINA,Long,2015-02-09,36.97,37.07,2015-04-08,0.27,Technology,2015,2,Monday,58.0
DDD,Long,2015-02-10,28.8,31.6,2015-02-11,9.72,Technology,2015,2,Tuesday,1.0
YOKU,Long,2015-02-11,17.4,16.1,2015-04-08,-7.47,Equity / Other,2015,2,Wednesday,56.0
AVAV,Long,2015-02-11,26.25,27.8,2015-02-18,5.91,Industrials,2015,2,Wednesday,7.0
SPY,Short,2015-02-12,208.05,211.74,2015-02-24,-1.77,Index ETF,2015,2,Thursday,12.0
GS,Short,2015-02-13,190.85,187.5,2015-03-06,1.75,Financial Services,2015,2,Friday,21.0
HD,Long,2015-02-13,112.1,108.4,2015-04-29,3.3,Consumer Cyclical,2015,2,Friday,75.0
PLUG,Long,2015-02-19,2.76,2.88,2015-11-03,4.35,Industrials,2015,2,Thursday,257.0
TMUS,Long,2015-02-20,31.8,31.66,2015-02-20,-0.44,Communication Services,2015,2,Friday,0.0
SLW,Long,2015-02-23,20.96,21.1,2015-05-14,0.67,Commodities,2015,2,Monday,80.0
MOBI,Long,2015-02-24,3.74,4.21,2015-02-26,12.57,Healthcare,2015,2,Tuesday,2.0
XONE,Long,2015-02-24,14.65,16.05,2015-02-26,9.56,Equity / Other,2015,2,Tuesday,2.0
RIG,Long,2015-02-24,14.65,15.35,2015-03-18,4.78,Energy,2015,2,Tuesday,22.0
HST,Long,2015-02-26,21.13,20.46,2015-04-29,-3.17,Real Estate,2015,2,Thursday,62.0
KNDI,Long,2015-02-26,13.4,14.77,2015-03-16,10.22,Consumer Cyclical,2015,2,Thursday,18.0
ADBE,Short,2015-03-02,79.45,77.2,2015-03-04,2.83,Technology,2015,3,Monday,2.0
MBLY,Long,2015-03-03,33.45,37.75,2015-03-05,12.85,Consumer Cyclical,2015,3,Tuesday,2.0
NQ,Long,2015-03-03,3.97,4.37,2015-04-16,10.08,Equity / Other,2015,3,Tuesday,44.0
SDRL,Long,2015-03-04,10.04,10.68,2015-04-07,6.38,Energy,2015,3,Wednesday,34.0
CHK,Long,2015-03-05,14.55,15.42,2015-04-07,5.98,Energy,2015,3,Thursday,33.0
FXE,Long,2015-03-06,106.95,108.35,2015-04-06,1.31,Equity / Other,2015,3,Friday,31.0
EXC,Long,2015-03-09,32.11,33.64,2015-04-21,4.74,Utilities,2015,3,Monday,43.0
SWN,Long,2015-03-09,23.2,24.7,2015-04-07,6.47,Equity / Other,2015,3,Monday,29.0
GENE,Long,2015-03-11,4.59,5.2,2015-03-13,13.29,Equity / Other,2015,3,Wednesday,2.0
MU,Long,2015-03-12,28.06,27.13,2015-04-01,-3.31,Technology,2015,3,Thursday,20.0
MOS,Long,2015-03-16,45.95,47.95,2015-03-18,4.35,Basic Materials,2015,3,Monday,2.0
UCO,Long,2015-03-18,5.95,6.7,2015-03-18,11.77,Equity / Other,2015,3,Wednesday,0.0
GENE,Long,2015-03-19,3.66,4.53,2015-03-30,23.77,Equity / Other,2015,3,Thursday,11.0
LULU,Short,2015-03-20,64.65,61.3,2015-03-25,5.18,Consumer Cyclical,2015,3,Friday,5.0
JRJC,Long,2015-03-23,5.15,5.02,2015-04-08,-2.52,Equity / Other,2015,3,Monday,16.0
WFM,Long,2015-03-25,52.64,48.79,2015-04-17,-7.31,Consumer Defensive,2015,3,Wednesday,23.0
BAC,Long,2015-03-26,15.35,15.89,2015-04-14,3.52,Financial Services,2015,3,Thursday,19.0
LL,Long,2015-03-26,29.85,34.0,2015-04-01,13.9,Equity / Other,2015,3,Thursday,6.0
QCOM,Long,2015-03-26,66.0,68.95,2015-03-30,4.47,Technology,2015,3,Thursday,4.0
SSYS,Long,2015-03-31,51.75,55.45,2015-04-07,7.15,Technology,2015,3,Tuesday,7.0
Z,Long,2015-04-01,96.5,97.04,2015-04-16,0.56,Communication Services,2015,4,Wednesday,15.0
VXX,Long,2015-04-07,22.95,24.35,2015-08-24,6.1,Leveraged ETF,2015,4,Tuesday,139.0
FXP,Long,2015-04-09,26.5,28.0,2015-04-17,5.66,Equity / Other,2015,4,Thursday,8.0
DIS,Short,2015-04-10,113.54,113.5,2015-08-04,0.01,Communication Services,2015,4,Friday,116.0
DD,Long,2015-04-10,71.96,72.4,2015-04-20,0.61,Basic Materials,2015,4,Friday,10.0
SWKS,Short,2015-04-10,99.15,93.5,2015-04-24,5.7,Technology,2015,4,Friday,14.0
IBB,Short,2015-04-13,359.7,340.7,2015-04-28,5.28,Equity / Other,2015,4,Monday,15.0
IWM,Short,2015-04-13,126.0,120.9,2015-04-30,5.1,Index ETF,2015,4,Monday,17.0
CNET,Long,2015-04-14,1.72,1.0,2016-12-28,-41.86,Communication Services,2015,4,Tuesday,624.0
LL,Long,2015-04-15,33.3,33.46,2015-04-28,0.48,Equity / Other,2015,4,Wednesday,13.0
JPM,Short,2015-04-15,63.9,61.8,2015-04-28,3.29,Financial Services,2015,4,Wednesday,13.0
ASML,Long,2015-04-17,94.56,103.97,2015-04-22,9.95,Technology,2015,4,Friday,5.0
SLB,Short,2015-04-17,94.15,90.65,2015-04-21,3.72,Energy,2015,4,Friday,4.0
SLV,Long,2015-04-21,15.27,15.97,2015-04-29,4.58,Equity / Other,2015,4,Tuesday,8.0
FXP,Long,2015-04-22,25.2,26.87,2015-05-05,6.63,Equity / Other,2015,4,Wednesday,13.0
UNG,Long,2015-04-23,12.8,13.55,2015-04-30,5.86,Commodities,2015,4,Thursday,7.0
DE,Short,2015-04-27,89.0,92.5,2015-07-24,-3.93,Industrials,2015,4,Monday,88.0
SRPT,Long,2015-04-27,12.97,14.4,2015-05-06,11.03,Healthcare,2015,4,Monday,9.0
EUO,Long,2015-04-28,25.84,24.06,2015-05-06,-6.88,Equity / Other,2015,4,Tuesday,8.0
VLTC,Long,2015-04-30,8.6,9.55,2015-04-30,11.05,Equity / Other,2015,4,Thursday,0.0
SSYS,Long,2015-04-30,35.52,38.02,2015-06-08,7.04,Technology,2015,4,Thursday,39.0
SDS,Long,2015-05-04,20.25,21.01,2015-06-29,2.96,Equity / Other,2015,5,Monday,56.0
SAVE,Long,2015-05-05,67.37,62.56,2015-05-22,-7.13,Equity / Other,2015,5,Tuesday,17.0
Z,Long,2015-05-05,91.45,98.25,2015-05-11,7.44,Communication Services,2015,5,Tuesday,6.0
VA,Long,2015-05-06,27.65,29.05,2015-05-07,5.06,Industrials,2015,5,Wednesday,1.0
TWTR,Long,2015-05-07,37.2,38.7,2015-07-14,4.03,Technology,2015,5,Thursday,68.0
AA,Long,2015-05-11,13.02,9.52,2016-03-02,-26.88,Basic Materials,2015,5,Monday,296.0
JRJC,Long,2015-05-12,5.35,6.07,2015-05-22,13.46,Equity / Other,2015,5,Tuesday,10.0
LL,Long,2015-05-12,26.45,21.8,2015-05-21,-17.58,Equity / Other,2015,5,Tuesday,9.0
FLIR,Long,2015-05-12,31.63,30.79,2015-05-28,2.65,Equity / Other,2015,5,Tuesday,16.0
BIS,Long,2015-05-19,30.5,26.8,2015-06-22,-12.13,Equity / Other,2015,5,Tuesday,34.0
MSFT,Long,2015-05-21,47.51,46.97,2015-07-21,-1.13,Technology,2015,5,Thursday,61.0
AAPL,Short,2015-05-21,131.4,125.65,2015-06-09,4.38,Technology,2015,5,Thursday,19.0
SWKS,Short,2015-05-21,105.9,99.4,2015-06-09,6.14,Technology,2015,5,Thursday,19.0
ICLD,Long,2015-05-26,1.56,0.03,2016-12-28,-98.09,Technology,2015,5,Tuesday,582.0
ADSK,Long,2015-05-26,55.11,52.2,2015-06-26,-5.28,Technology,2015,5,Tuesday,31.0
VLTC,Long,2015-05-28,6.69,7.69,2015-06-03,14.95,Equity / Other,2015,5,Thursday,6.0
WYNN,Long,2015-06-01,98.45,106.45,2015-06-04,8.13,Consumer Cyclical,2015,6,Monday,3.0
ICLD,Long,2015-06-02,2.65,3.35,2015-06-03,26.42,Technology,2015,6,Tuesday,1.0
TZA,Long,2015-06-03,9.4,9.72,2015-06-29,3.4,Equity / Other,2015,6,Wednesday,26.0
SLV,Long,2015-06-05,15.29,15.28,2015-10-06,0.0,Equity / Other,2015,6,Friday,123.0
CL,Long,2015-06-08,65.14,67.24,2015-07-15,3.22,Consumer Defensive,2015,6,Monday,37.0
SHLD,Long,2015-06-09,23.75,24.1,2015-08-07,1.47,Consumer Cyclical,2015,6,Tuesday,59.0
DRYS,Long,2015-06-10,0.69,42.25,2016-11-14,-75.0,Industrials,2015,6,Wednesday,523.0
IWM,Short,2015-06-11,126.1,124.9,2015-06-29,0.95,Index ETF,2015,6,Thursday,18.0
SSYS,Long,2015-06-12,35.44,37.62,2015-06-18,6.15,Technology,2015,6,Friday,6.0
KMI,Long,2015-06-15,38.76,39.51,2015-06-26,1.92,Energy,2015,6,Monday,11.0
SHLD,Long,2015-06-17,27.07,29.05,2015-06-19,7.31,Consumer Cyclical,2015,6,Wednesday,2.0
AAL,Long,2015-06-18,39.85,40.63,2015-06-29,2.07,Industrials,2015,6,Thursday,11.0
LL,Long,2015-06-18,20.85,20.2,2015-10-09,-3.12,Equity / Other,2015,6,Thursday,113.0
DDD,Long,2015-06-19,18.62,12.5,2016-03-03,-32.87,Technology,2015,6,Friday,258.0
CHK,Long,2015-06-19,11.6,11.8,2015-07-07,1.72,Energy,2015,6,Friday,18.0
SWKS,Short,2015-06-23,110.25,103.15,2015-06-29,6.44,Technology,2015,6,Tuesday,6.0
UNG,Long,2015-06-26,10.97,9.71,2016-12-28,-11.49,Commodities,2015,6,Friday,551.0
CRM,Long,2015-06-29,71.66,72.92,2015-07-22,3.25,Technology,2015,6,Monday,23.0
GREK,Long,2015-06-29,9.91,11.16,2015-07-01,12.61,Equity / Other,2015,6,Monday,2.0
SSYS,Long,2015-06-30,34.94,36.54,2015-07-27,4.58,Technology,2015,6,Tuesday,27.0
GREK,Long,2015-07-01,10.02,11.27,2015-07-10,12.48,Equity / Other,2015,7,Wednesday,9.0
FXI,Long,2015-07-06,42.7,37.6,2015-08-20,-11.94,Equity / Other,2015,7,Monday,45.0
SINA,Long,2015-07-07,44.15,47.35,2015-07-09,7.25,Technology,2015,7,Tuesday,2.0
GDX,Long,2015-07-13,1.34,1.49,2015-08-12,11.19,Equity / Other,2015,7,Monday,30.0
ABX,Long,2015-07-14,8.54,8.44,2015-08-20,-1.17,Financial Services,2015,7,Tuesday,37.0
JOY,Short,2015-07-16,31.5,28.77,2015-07-24,8.66,Equity / Other,2015,7,Thursday,8.0
TWTR,Long,2015-07-16,35.8,36.05,2015-07-28,0.7,Technology,2015,7,Thursday,12.0
BIS,Long,2015-06-24,24.17,26.2,2015-07-20,8.4,Equity / Other,2015,6,Wednesday,26.0
CHK,Long,2015-07-22,8.79,9.05,2015-08-07,2.96,Energy,2015,7,Wednesday,16.0
X,Long,2015-07-24,16.5,17.58,2015-07-28,6.55,Equity / Other,2015,7,Friday,4.0
MU,Long,2015-07-27,18.15,19.55,2015-07-28,7.71,Technology,2015,7,Monday,1.0
NKE,Short,2015-07-29,114.55,110.9,2015-08-12,3.19,Consumer Cyclical,2015,7,Wednesday,14.0
NQ,Long,2015-07-30,3.5,4.2,2015-08-26,20.0,Equity / Other,2015,7,Thursday,27.0
JEC,Short,2015-07-31,42.45,41.51,2015-08-21,2.4,Equity / Other,2015,7,Friday,21.0
XLE,Long,2015-08-03,68.5,68.6,2015-10-07,0.01,Equity / Other,2015,8,Monday,65.0
USO,Long,2015-08-07,14.65,15.55,2015-08-31,6.14,Commodities,2015,8,Friday,24.0
CHK,Long,2015-08-07,7.99,8.41,2015-09-16,5.26,Energy,2015,8,Friday,40.0
SUNE,Long,2015-08-11,12.7,15.5,2015-08-13,22.05,Technology,2015,8,Tuesday,2.0
SGG,Long,2015-08-14,25.63,27.47,2015-09-03,7.18,Equity / Other,2015,8,Friday,20.0
SLB,Short,2015-08-17,83.58,80.46,2015-08-21,3.51,Energy,2015,8,Monday,4.0
MU,Long,2015-08-18,15.24,16.24,2015-08-28,6.56,Technology,2015,8,Tuesday,10.0
SUNE,Long,2015-08-20,7.37,6.82,2015-12-17,-7.46,Technology,2015,8,Thursday,119.0
WYNN,Long,2015-08-21,73.69,70.69,2015-10-07,-4.07,Consumer Cyclical,2015,8,Friday,47.0
QQQ,Long,2015-08-24,97.95,102.15,2015-08-25,4.29,Index ETF,2015,8,Monday,1.0
QQQ,Long,2015-08-24,97.35,100.35,2015-08-24,3.08,Index ETF,2015,8,Monday,0.0
AAPL,Long,2015-08-24,96.07,103.27,2015-08-24,7.5,Technology,2015,8,Monday,0.0
QQQ,Long,2015-08-25,99.15,102.35,2015-08-26,3.23,Index ETF,2015,8,Tuesday,1.0
ABX,Long,2015-08-26,6.58,7.28,2015-08-28,10.64,Financial Services,2015,8,Wednesday,2.0
V,Long,2015-08-31,71.67,67.2,2015-09-28,-6.23,Financial Services,2015,8,Monday,28.0
QCOM,Long,2015-09-02,55.25,57.35,2015-10-07,3.8,Technology,2015,9,Wednesday,35.0
SINA,Long,2015-09-03,38.25,40.2,2015-09-16,5.1,Technology,2015,9,Thursday,13.0
ED,Long,2015-09-03,61.78,64.54,2015-10-07,4.45,Utilities,2015,9,Thursday,34.0
WFM,Long,2015-09-04,32.06,33.11,2015-10-23,3.22,Consumer Defensive,2015,9,Friday,49.0
NFLX,Long,2015-09-08,93.7,100.7,2015-09-09,7.47,Communication Services,2015,9,Tuesday,1.0
RSX,Short,2015-09-10,15.62,17.23,2015-10-09,-10.03,Equity / Other,2015,9,Thursday,29.0
TWTR,Long,2015-09-11,27.35,28.55,2015-10-07,4.39,Technology,2015,9,Friday,26.0
NFLX,Long,2015-09-14,94.95,102.15,2015-09-16,7.58,Communication Services,2015,9,Monday,2.0
YHOO,Long,2015-09-21,31.05,32.15,2015-10-08,3.54,Technology,2015,9,Monday,17.0
BABA,Long,2015-09-24,59.0,64.15,2015-10-05,8.73,Consumer Cyclical,2015,9,Thursday,11.0
IBB,Long,2015-09-28,293.5,311.5,2015-10-02,6.13,Equity / Other,2015,9,Monday,4.0
X,Long,2015-10-01,9.85,11.6,2015-10-06,17.77,Equity / Other,2015,10,Thursday,5.0
HD,Short,2015-10-07,121.85,120.25,2015-10-13,1.31,Consumer Cyclical,2015,10,Wednesday,6.0
XYL,Short,2015-10-07,33.75,36.28,2015-10-28,-7.49,Industrials,2015,10,Wednesday,21.0
SDS,Long,2015-10-08,20.96,20.85,2015-12-14,-0.52,Equity / Other,2015,10,Thursday,67.0
TZA,Long,2015-10-09,44.25,47.05,2015-10-14,6.78,Equity / Other,2015,10,Friday,5.0
VXX,Long,2015-10-13,19.8,21.35,2015-11-13,7.83,Leveraged ETF,2015,10,Tuesday,31.0
AAPL,Short,2015-10-13,116.75,114.4,2015-11-13,2.01,Technology,2015,10,Tuesday,31.0
LL,Long,2015-10-15,16.99,18.2,2015-12-15,7.12,Equity / Other,2015,10,Thursday,61.0
TZA,Long,2015-10-19,44.0,45.4,2015-11-13,3.18,Equity / Other,2015,10,Monday,25.0
QID,Long,2015-10-22,29.98,30.98,2015-11-13,3.34,Other/ETF,2015,10,Thursday,22.0
TRV,Long,2015-10-26,112.85,108.95,2016-01-06,3.46,Financial Services,2015,10,Monday,72.0
FB,Short,2015-10-28,103.95,101.35,2015-11-16,2.05,Equity / Other,2015,10,Wednesday,19.0
BIS,Long,2015-10-29,30.9,32.5,2015-12-11,5.2,Equity / Other,2015,10,Thursday,43.0
GLD,Long,2015-11-06,104.03,105.82,2016-01-07,1.75,Commodities,2015,11,Friday,62.0
SKX,Long,2015-11-10,28.51,25.45,2015-11-13,-10.73,Equity / Other,2015,11,Tuesday,3.0
UCO,Long,2015-11-13,15.6,10.55,2016-03-17,-32.37,Equity / Other,2015,11,Friday,125.0
CHK,Long,2015-11-16,5.38,4.2,2016-03-02,-21.93,Energy,2015,11,Monday,107.0
PFE,Long,2015-11-19,32.0,32.65,2015-12-11,2.03,Healthcare,2015,11,Thursday,22.0
QID,Long,2015-11-20,28.9,30.15,2015-12-11,4.33,Other/ETF,2015,11,Friday,21.0
TZA,Long,2015-11-20,41.25,43.75,2015-12-08,6.06,Equity / Other,2015,11,Friday,18.0
VLTC,Long,2015-11-24,3.45,4.4,2015-11-24,27.54,Equity / Other,2015,11,Tuesday,0.0
VXX,Long,2015-11-25,18.64,21.34,2015-12-11,14.5,Leveraged ETF,2015,11,Wednesday,16.0
SSYS,Long,2015-12-03,22.22,20.55,2016-03-01,-7.52,Technology,2015,12,Thursday,89.0
VLTC,Long,2015-12-07,5.0,5.55,2015-12-17,11.0,Equity / Other,2015,12,Monday,10.0
X,Long,2015-12-08,6.99,8.24,2015-12-10,17.88,Equity / Other,2015,12,Tuesday,2.0
ZFGN,Long,2015-12-10,6.25,9.05,2016-01-20,44.8,Equity / Other,2015,12,Thursday,41.0
QCOM,Long,2015-12-11,47.8,50.5,2015-12-29,5.64,Technology,2015,12,Friday,18.0
TNA,Long,2015-12-14,59.3,63.3,2015-12-15,6.75,Leveraged ETF,2015,12,Monday,1.0
POT,Long,2015-12-14,16.9,18.05,2015-12-23,6.18,Equity / Other,2015,12,Monday,9.0
DVN,Long,2015-12-16,30.0,33.2,2015-12-23,10.67,Energy,2015,12,Wednesday,7.0
X,Long,2015-12-17,7.5,8.6,2015-12-21,14.67,Equity / Other,2015,12,Thursday,4.0
SUNE,Long,2015-12-22,4.55,5.15,2015-12-22,13.19,Technology,2015,12,Tuesday,0.0
DGAZ,Long,2015-12-29,12.45,15.2,2015-12-30,22.09,Equity / Other,2015,12,Tuesday,1.0
GILD,Long,2016-01-05,99.23,92.51,2016-01-13,-6.76,Healthcare,2016,1,Tuesday,8.0
POT,Long,2016-01-06,15.77,16.82,2016-02-04,6.66,Equity / Other,2016,1,Wednesday,29.0
JOY,Long,2016-01-06,10.23,11.08,2016-02-04,8.31,Equity / Other,2016,1,Wednesday,29.0
CMG,Long,2016-01-06,431.0,474.4,2016-02-02,10.06,Consumer Cyclical,2016,1,Wednesday,27.0
KMI,Long,2016-01-06,13.82,15.02,2016-01-22,8.68,Energy,2016,1,Wednesday,16.0
AXP,Long,2016-01-07,63.8,61.1,2016-03-18,-4.23,Financial Services,2016,1,Thursday,71.0
QCOM,Long,2016-01-07,46.93,49.1,2016-02-18,4.62,Technology,2016,1,Thursday,42.0
FEYE,Long,2016-01-07,18.22,17.68,2016-03-01,-2.96,Equity / Other,2016,1,Thursday,54.0
AMBA,Long,2016-01-08,43.6,46.6,2016-02-29,6.88,Technology,2016,1,Friday,52.0
TWTR,Long,2016-01-08,19.94,20.24,2016-03-04,1.51,Technology,2016,1,Friday,56.0
JPM,Long,2016-01-11,58.75,59.8,2016-03-02,1.79,Financial Services,2016,1,Monday,51.0
DVN,Long,2016-01-12,25.15,27.25,2016-01-22,8.35,Energy,2016,1,Tuesday,10.0
PANW,Long,2016-01-14,151.47,155.24,2016-01-19,2.5,Technology,2016,1,Thursday,5.0
DIS,Long,2016-01-15,93.5,95.4,2016-02-17,2.03,Communication Services,2016,1,Friday,33.0
JWN,Long,2016-01-19,45.27,49.36,2016-02-08,9.02,Equity / Other,2016,1,Tuesday,20.0
AMZN,Long,2016-01-20,560.0,592.0,2016-01-22,5.71,Consumer Cyclical,2016,1,Wednesday,2.0
PANW,Long,2016-01-20,136.5,150.05,2016-01-21,9.93,Technology,2016,1,Wednesday,1.0
LL,Long,2016-01-26,12.55,14.55,2016-02-01,15.94,Equity / Other,2016,1,Tuesday,6.0
MU,Long,2016-01-28,9.88,10.68,2016-01-29,8.1,Technology,2016,1,Thursday,1.0
KMI,Long,2016-02-02,14.47,17.47,2016-02-17,20.73,Energy,2016,2,Tuesday,15.0
LL,Short,2016-02-02,12.73,9.19,2016-02-16,9.19,Equity / Other,2016,2,Tuesday,14.0
V,Long,2016-02-03,72.96,73.8,2016-02-26,1.15,Financial Services,2016,2,Wednesday,23.0
AMZN,Long,2016-02-05,505.17,531.5,2016-02-17,5.21,Consumer Cyclical,2016,2,Friday,12.0
TSLA,Long,2016-02-05,156.0,167.2,2016-02-17,7.18,Consumer Cyclical,2016,2,Friday,12.0
NFLX,Long,2016-02-05,84.9,91.9,2016-02-10,8.25,Communication Services,2016,2,Friday,5.0
GLD,Short,2016-02-08,123.43,120.9,2016-10-04,2.05,Commodities,2016,2,Monday,239.0
GOOG,Long,2016-02-08,667.0,704.5,2016-02-17,5.62,Communication Services,2016,2,Monday,9.0
QLD,Long,2016-02-08,57.35,61.8,2016-02-16,7.76,Equity / Other,2016,2,Monday,8.0
BIB,Long,2016-02-09,36.89,40.61,2016-02-16,10.33,Equity / Other,2016,2,Tuesday,7.0
SPXU,Long,2016-02-22,35.05,36.35,2016-02-23,3.71,Equity / Other,2016,2,Monday,1.0
SWN,Long,2016-02-24,5.95,6.6,2016-03-03,10.92,Equity / Other,2016,2,Wednesday,8.0
X,Long,2016-02-24,7.3,8.3,2016-02-26,13.7,Equity / Other,2016,2,Wednesday,2.0
CA,Short,2016-02-24,28.98,30.54,2016-03-11,-5.38,Equity / Other,2016,2,Wednesday,16.0
SDS,Long,2016-03-03,20.2,19.5,2016-06-27,-3.47,Equity / Other,2016,3,Thursday,116.0
AMZN,Short,2016-03-03,584.25,548.25,2016-03-10,6.16,Consumer Cyclical,2016,3,Thursday,7.0
VXX,Long,2016-03-03,16.52,16.79,2016-06-14,1.63,Leveraged ETF,2016,3,Thursday,103.0
TZA,Long,2016-03-04,40.42,38.9,2016-06-16,-3.76,Equity / Other,2016,3,Friday,104.0
DUST,Long,2016-03-07,3.35,4.3,2016-03-09,28.46,Leveraged ETF,2016,3,Monday,2.0
VLTC,Long,2016-03-08,4.05,4.6,2016-06-07,13.58,Equity / Other,2016,3,Tuesday,91.0
VRX,Long,2016-03-09,65.28,69.58,2016-03-11,6.58,Equity / Other,2016,3,Wednesday,2.0
TSLA,Short,2016-03-10,217.15,214.5,2016-05-05,1.22,Consumer Cyclical,2016,3,Thursday,56.0
FB,Short,2016-03-15,111.5,109.5,2016-06-27,1.79,Equity / Other,2016,3,Tuesday,104.0
EUO,Long,2016-03-17,23.45,23.91,2016-05-19,1.96,Equity / Other,2016,3,Thursday,63.0
DUST,Long,2016-03-17,2.9,3.55,2016-03-23,22.41,Leveraged ETF,2016,3,Thursday,6.0
DWTI,Long,2016-03-18,119.75,141.05,2016-03-23,17.79,Other/ETF,2016,3,Friday,5.0
BA,Short,2016-03-21,136.5,125.75,2016-03-31,7.88,Industrials,2016,3,Monday,10.0
VRX,Long,2016-03-31,26.95,32.35,2016-04-06,20.04,Equity / Other,2016,3,Thursday,6.0
AAPL,Short,2016-04-04,111.75,104.0,2016-04-26,6.94,Technology,2016,4,Monday,22.0
NFLX,Short,2016-04-06,102.5,94.0,2016-04-18,8.29,Communication Services,2016,4,Wednesday,12.0
KNDI,Long,2016-04-08,7.1,8.07,2016-04-13,13.66,Consumer Cyclical,2016,4,Friday,5.0
DUST,Long,2016-04-11,2.15,2.5,2016-04-14,16.28,Leveraged ETF,2016,4,Monday,3.0
VRX,Long,2016-04-12,31.2,34.7,2016-04-19,11.22,Equity / Other,2016,4,Tuesday,7.0
AMZN,Short,2016-04-18,636.0,614.5,2016-04-22,3.38,Consumer Cyclical,2016,4,Monday,4.0
SPXU,Long,2016-04-19,27.2,28.05,2016-06-14,3.13,Equity / Other,2016,4,Tuesday,56.0
DUST,Long,2016-04-19,1.64,1.69,2016-05-04,3.1,Leveraged ETF,2016,4,Tuesday,15.0
FAZ,Long,2016-04-19,38.14,39.45,2016-06-14,3.44,Leveraged ETF,2016,4,Tuesday,56.0
DWTI,Long,2016-04-21,84.6,84.8,2016-06-16,0.24,Other/ETF,2016,4,Thursday,56.0
ERY,Long,2016-04-22,17.1,19.2,2016-05-09,12.28,Equity / Other,2016,4,Friday,17.0
EGLE,Long,2016-04-27,0.5,0.62,2016-04-27,24.0,Equity / Other,2016,4,Wednesday,0.0
PRGO,Long,2016-04-28,93.1,98.1,2016-05-31,5.37,Healthcare,2016,4,Thursday,33.0
BIB,Long,2016-05-04,39.9,43.05,2016-05-24,7.9,Equity / Other,2016,5,Wednesday,20.0
DUST,Long,2016-05-06,1.32,1.62,2016-05-09,24.24,Leveraged ETF,2016,5,Friday,3.0
DUST,Long,2016-05-13,13.6,15.0,2016-05-18,10.29,Leveraged ETF,2016,5,Friday,5.0
SCO,Long,2016-05-17,82.94,84.82,2016-05-19,2.2,Equity / Other,2016,5,Tuesday,2.0
ERY,Long,2016-05-17,15.95,17.62,2016-06-16,10.47,Equity / Other,2016,5,Tuesday,30.0
NKE,Long,2016-05-19,56.84,52.73,2016-06-28,-7.23,Consumer Cyclical,2016,5,Thursday,40.0
HAL,Short,2016-05-20,42.67,42.0,2016-06-27,1.57,Energy,2016,5,Friday,38.0
EQIX,Short,2016-05-23,355.18,343.28,2016-10-05,3.35,Real Estate,2016,5,Monday,135.0
AMZN,Short,2016-05-24,715.05,698.25,2016-06-24,2.35,Consumer Cyclical,2016,5,Tuesday,31.0
ZFGN,Long,2016-05-24,6.98,7.71,2016-06-02,10.46,Equity / Other,2016,5,Tuesday,9.0
NVDA,Short,2016-05-31,54.18,109.25,2016-12-28,-101.64,Technology,2016,5,Tuesday,211.0
SOXS,Long,2016-05-31,28.25,29.45,2016-06-14,4.25,Leveraged ETF,2016,5,Tuesday,14.0
LABD,Long,2016-06-02,29.82,32.8,2016-06-03,10.06,Leveraged ETF,2016,6,Thursday,1.0
TWTR,Long,2016-06-06,15.35,16.35,2016-06-15,6.52,Technology,2016,6,Monday,9.0
KNDI,Long,2016-06-07,6.97,7.7,2016-08-08,10.47,Consumer Cyclical,2016,6,Tuesday,62.0
TWM,Long,2016-06-07,33.75,36.02,2016-06-16,6.7,Equity / Other,2016,6,Tuesday,9.0
SCO,Long,2016-06-08,75.66,84.41,2016-06-16,11.81,Equity / Other,2016,6,Wednesday,8.0
DUST,Long,2016-06-10,9.3,11.0,2016-06-14,18.28,Leveraged ETF,2016,6,Friday,4.0
VRX,Long,2016-06-14,21.27,24.07,2016-07-07,13.16,Equity / Other,2016,6,Tuesday,23.0
SPWR,Long,2016-06-14,15.03,15.53,2016-06-30,3.33,Technology,2016,6,Tuesday,16.0
WFM,Long,2016-06-15,31.35,32.05,2016-06-30,2.32,Consumer Defensive,2016,6,Wednesday,15.0
DUST,Long,2016-06-15,9.3,11.0,2016-06-20,18.23,Leveraged ETF,2016,6,Wednesday,5.0
VLTC,Long,2016-06-16,3.5,2.4,2016-12-28,-31.43,Equity / Other,2016,6,Thursday,195.0
FH,Long,2016-06-21,2.15,2.7,2016-09-27,25.58,Equity / Other,2016,6,Tuesday,98.0
BIB,Long,2016-06-21,36.82,37.7,2016-06-29,2.39,Equity / Other,2016,6,Tuesday,8.0
CMG,Long,2016-06-22,394.27,408.0,2016-06-23,3.48,Consumer Cyclical,2016,6,Wednesday,1.0
DWTI,Long,2016-06-23,71.45,78.95,2016-06-24,10.5,Other/ETF,2016,6,Thursday,1.0
SOXS,Long,2016-06-23,26.85,29.85,2016-06-24,11.17,Leveraged ETF,2016,6,Thursday,1.0
ALXN,Long,2016-06-24,113.0,118.9,2016-07-01,5.22,Healthcare,2016,6,Friday,7.0
AAL,Long,2016-06-24,26.9,27.9,2016-06-29,3.72,Industrials,2016,6,Friday,5.0
DB,Long,2016-06-27,13.36,14.53,2016-07-14,8.76,Financial Services,2016,6,Monday,17.0
YY,Long,2016-06-27,31.8,33.85,2016-06-28,6.45,Equity / Other,2016,6,Monday,1.0
CMG,Long,2016-06-28,389.85,405.85,2016-06-29,4.1,Consumer Cyclical,2016,6,Tuesday,1.0
QID,Long,2016-06-30,27.76,23.41,2016-12-28,-15.67,Other/ETF,2016,6,Thursday,181.0
VXX,Long,2016-06-30,44.4,24.65,2016-12-28,-44.48,Leveraged ETF,2016,6,Thursday,181.0
SPXU,Long,2016-06-30,24.92,25.82,2016-11-03,3.61,Equity / Other,2016,6,Thursday,126.0
SPXU,Long,2016-06-30,24.92,25.82,2016-11-03,3.61,Equity / Other,2016,6,Thursday,126.0
FAZ,Long,2016-06-30,37.95,40.55,2016-07-06,6.85,Leveraged ETF,2016,6,Thursday,6.0
HAL,Short,2016-06-30,45.13,42.78,2016-08-31,5.21,Energy,2016,6,Thursday,62.0
SLW,Short,2016-07-01,24.55,23.65,2016-10-04,3.67,Commodities,2016,7,Friday,95.0
DUST,Long,2016-07-05,6.36,6.84,2016-07-20,7.55,Leveraged ETF,2016,7,Tuesday,15.0
JDST,Long,2016-07-06,6.0,6.65,2016-07-20,12.5,Leveraged ETF,2016,7,Wednesday,14.0
AMZN,Short,2016-07-07,758.28,738.0,2016-11-10,2.64,Consumer Cyclical,2016,7,Thursday,126.0
TZA,Long,2016-07-11,30.7,32.2,2016-11-02,4.89,Equity / Other,2016,7,Monday,114.0
TZA,Long,2016-07-11,30.7,32.2,2016-11-02,4.89,Equity / Other,2016,7,Monday,114.0
FAZ,Long,2016-07-12,33.86,21.75,2016-12-28,-35.76,Leveraged ETF,2016,7,Tuesday,169.0
TWM,Long,2016-07-12,31.87,27.14,2016-11-11,-14.84,Equity / Other,2016,7,Tuesday,122.0
SJB,Long,2016-07-13,25.77,25.81,2016-11-11,0.16,Equity / Other,2016,7,Wednesday,121.0
SOXS,Long,2016-07-18,22.66,10.3,2016-12-28,-54.54,Leveraged ETF,2016,7,Monday,163.0
FB,Short,2016-07-20,126.55,119.5,2016-11-02,5.57,Equity / Other,2016,7,Wednesday,105.0
FB,Short,2016-07-20,126.55,119.5,2016-11-02,5.57,Equity / Other,2016,7,Wednesday,105.0
TBT,Long,2016-07-25,29.95,33.75,2016-09-15,12.69,Equity / Other,2016,7,Monday,52.0
HD,Short,2016-07-25,136.5,131.3,2016-09-08,3.81,Consumer Cyclical,2016,7,Monday,45.0
UCO,Long,2016-08-02,7.78,8.72,2016-08-04,12.08,Equity / Other,2016,8,Tuesday,2.0
NUE,Short,2016-08-09,52.93,49.89,2016-09-09,5.73,Basic Materials,2016,8,Tuesday,31.0
AAPL,Short,2016-08-16,110.1,105.0,2016-09-09,4.63,Technology,2016,8,Tuesday,24.0
SCO,Long,2016-08-16,84.12,92.5,2016-08-31,10.0,Equity / Other,2016,8,Tuesday,15.0
WMT,Long,2016-08-29,71.28,72.3,2016-09-22,1.43,Consumer Defensive,2016,8,Monday,24.0
MYL,Long,2016-09-05,40.0,42.0,2016-09-19,5.0,Equity / Other,2016,9,Monday,14.0
BABA,Short,2016-09-06,105.25,100.25,2016-10-13,4.75,Consumer Cyclical,2016,9,Tuesday,37.0
SCO,Long,2016-09-08,82.5,92.5,2016-09-12,12.12,Equity / Other,2016,9,Thursday,4.0
BMY,Long,2016-09-09,52.9,56.5,2016-11-09,6.81,Healthcare,2016,9,Friday,61.0
SPWR,Long,2016-09-14,7.85,8.3,2016-09-22,5.73,Technology,2016,9,Wednesday,8.0
SAEX,Long,2016-09-15,8.25,9.55,2016-09-22,15.58,Equity / Other,2016,9,Thursday,7.0
AAPL,Short,2016-09-15,114.1,108.7,2016-11-04,4.73,Technology,2016,9,Thursday,50.0
AAPL,Long,2016-09-15,114.1,108.7,2016-11-04,4.73,Technology,2016,9,Thursday,50.0
TBT,Long,2016-09-22,31.12,33.2,2016-10-06,6.68,Equity / Other,2016,9,Thursday,14.0
FCEL,Long,2016-09-28,5.35,1.95,2016-12-28,-63.55,Industrials,2016,9,Wednesday,91.0
JBLU,Long,2016-09-30,17.25,18.6,2016-10-24,7.83,Industrials,2016,9,Friday,24.0
MYL,Long,2016-10-03,36.67,40.25,2016-10-10,9.76,Equity / Other,2016,10,Monday,7.0
SCO,Long,2016-10-05,72.67,80.5,2016-10-31,10.85,Equity / Other,2016,10,Wednesday,26.0
SCO,Long,2016-10-05,72.62,80.5,2016-10-31,10.85,Equity / Other,2016,10,Wednesday,26.0
GDX,Long,2016-10-06,22.85,24.75,2016-10-19,8.32,Equity / Other,2016,10,Thursday,13.0
TWTR,Long,2016-10-10,17.25,19.05,2016-11-09,10.44,Technology,2016,10,Monday,30.0
CELG,Long,2016-10-13,100.6,104.6,2016-10-27,3.98,Healthcare,2016,10,Thursday,14.0
CMG,Long,2016-10-18,394.0,414.0,2016-10-21,5.08,Consumer Cyclical,2016,10,Tuesday,3.0
RLGY,Long,2016-10-21,23.32,24.82,2016-11-29,6.43,Equity / Other,2016,10,Friday,39.0
FIVE,Long,2016-10-24,36.62,37.49,2016-10-27,2.36,Consumer Cyclical,2016,10,Monday,3.0
LABU,Long,2016-10-25,29.18,30.05,2016-11-07,2.98,Leveraged ETF,2016,10,Tuesday,13.0
TWLO,Long,2016-10-27,36.32,38.32,2016-11-21,5.51,Technology,2016,10,Thursday,25.0
UCO,Long,2016-11-03,8.75,8.98,2016-11-15,2.63,Equity / Other,2016,11,Thursday,12.0
UGAZ,Long,2016-11-08,21.1,23.6,2016-11-09,11.85,Equity / Other,2016,11,Tuesday,1.0
VRX,Long,2016-11-09,25.47,14.35,2016-12-28,-43.66,Equity / Other,2016,11,Wednesday,49.0
SPXU,Long,2016-11-09,22.72,20.25,2016-12-28,-10.87,Equity / Other,2016,11,Wednesday,49.0
JPM,Short,2016-11-10,77.0,86.43,2016-12-28,-12.25,Financial Services,2016,11,Thursday,48.0
TZA,Long,2016-11-10,26.55,20.45,2016-12-06,-22.97,Equity / Other,2016,11,Thursday,26.0
NUGT,Long,2016-11-11,7.85,9.0,2016-11-14,14.65,Leveraged ETF,2016,11,Friday,3.0
TMF,Long,2016-11-14,18.7,17.86,2016-12-28,-4.49,Equity / Other,2016,11,Monday,44.0
AA,Short,2016-11-16,31.5,29.41,2016-12-28,6.67,Basic Materials,2016,11,Wednesday,42.0
DRYS,Long,2016-11-17,12.5,18.0,2016-11-18,44.0,Industrials,2016,11,Thursday,1.0
NUGT,Long,2016-11-21,7.28,7.13,2016-12-28,-2.06,Leveraged ETF,2016,11,Monday,37.0
DRYS,Long,2016-11-23,5.5,6.35,2016-12-01,15.45,Industrials,2016,11,Wednesday,8.0
TEVA,Short,2016-11-28,37.95,33.95,2017-01-13,-10.54,Healthcare,2016,11,Monday,46.0
GS,Short,2016-11-30,222.35,240.68,2016-12-28,-8.24,Financial Services,2016,11,Wednesday,28.0
SRPT,Long,2016-12-01,32.75,28.43,2016-12-28,-13.19,Healthcare,2016,12,Thursday,27.0
SCO,Long,2016-12-05,65.5,71.55,2016-12-07,9.24,Equity / Other,2016,12,Monday,2.0
BAC,Short,2016-12-06,22.11,22.29,2016-12-28,-0.81,Financial Services,2016,12,Tuesday,22.0
X,Short,2016-12-07,37.75,34.9,2016-12-12,7.55,Equity / Other,2016,12,Wednesday,5.0
MAR,Short,2016-12-08,84.05,83.36,2016-12-28,0.82,Consumer Cyclical,2016,12,Thursday,20.0
TMUS,Short,2016-12-08,59.05,57.98,2016-12-28,1.81,Communication Services,2016,12,Thursday,20.0
GILD,Long,2016-12-09,72.2,76.2,2016-12-14,5.54,Healthcare,2016,12,Friday,5.0
TZA,Long,2016-12-09,18.7,19.86,2016-12-28,6.15,Equity / Other,2016,12,Friday,19.0
SAEX,Long,2016-12-12,8.45,7.52,2016-12-28,-11.0,Equity / Other,2016,12,Monday,16.0
LABU,Long,2016-12-15,35.0,33.02,2016-12-28,-5.66,Leveraged ETF,2016,12,Thursday,13.0
IBB,Long,2017-01-03,266.8,280.6,2017-01-06,5.17,Equity / Other,2017,1,Tuesday,3.0
EBIO,Long,2017-01-03,1.93,2.33,2017-01-04,20.07,Equity / Other,2017,1,Tuesday,1.0
TWLO,Long,2017-01-03,27.33,32.4,2017-02-06,18.55,Technology,2017,1,Tuesday,34.0
CMG,Long,2017-01-04,381.35,416.7,2017-01-10,9.23,Consumer Cyclical,2017,1,Wednesday,6.0
LRCX,Short,2017-01-09,117.68,139.9,2017-04-21,-18.88,Technology,2017,1,Monday,102.0
AXP,Short,2017-01-10,83.12,87.84,2018-02-09,-5.67,Financial Services,2017,1,Tuesday,395.0
M,Long,2017-01-10,30.3,33.1,2017-02-03,9.24,Consumer Cyclical,2017,1,Tuesday,24.0
FIT,Long,2017-01-12,7.71,5.81,2017-02-07,-21.17,Equity / Other,2017,1,Thursday,26.0
AMZN,Short,2017-01-13,844.02,925.0,2017-04-28,-9.58,Consumer Cyclical,2017,1,Friday,105.0
FB,Short,2017-01-13,130.81,145.5,2017-04-24,-11.23,Equity / Other,2017,1,Friday,101.0
ENDP,Long,2017-01-13,12.5,13.75,2017-02-15,10.0,Equity / Other,2017,1,Friday,33.0
TVIX,Long,2017-01-17,5.71,4.47,2017-02-13,-21.58,Equity / Other,2017,1,Tuesday,27.0
CSX,Short,2017-01-19,45.41,42.95,2017-01-20,5.42,Industrials,2017,1,Thursday,1.0
CSX,Short,2017-01-23,46.85,48.67,2018-02-09,-3.88,Industrials,2017,1,Monday,382.0
IBM,Long,2017-01-24,175.5,169.39,2017-04-11,3.48,Technology,2017,1,Tuesday,77.0
SCON,Long,2017-01-25,1.05,1.7,2017-02-16,47.83,Equity / Other,2017,1,Wednesday,22.0
SQQQ,Long,2017-01-26,42.95,37.53,2017-03-15,-12.62,Leveraged ETF,2017,1,Thursday,48.0
MU,Short,2017-01-31,32.21,37.54,2018-02-09,-16.5,Technology,2017,1,Tuesday,374.0
GE,Long,2017-01-31,29.63,30.5,2017-04-20,2.93,Industrials,2017,1,Tuesday,79.0
SOXX,Long,2017-02-03,8.25,8.55,2017-04-12,3.64,Equity / Other,2017,2,Friday,68.0
DUST,Long,2017-02-06,26.3,28.85,2017-02-22,9.7,Leveraged ETF,2017,2,Monday,16.0
AMD,Short,2017-02-07,14.25,12.65,2017-02-17,12.65,Technology,2017,2,Tuesday,10.0
SPXU,Long,2017-02-09,18.52,11.31,2017-12-28,-38.93,Equity / Other,2017,2,Thursday,322.0
AA,Short,2017-02-14,39.05,36.45,2017-02-16,6.66,Basic Materials,2017,2,Tuesday,2.0
TSLA,Short,2017-02-14,284.5,264.5,2017-02-17,7.03,Consumer Cyclical,2017,2,Tuesday,3.0
TZA,Long,2017-02-21,17.55,20.12,2017-03-22,14.64,Equity / Other,2017,2,Tuesday,29.0
VVUS,Long,2017-02-22,1.11,1.22,2017-06-02,10.0,Equity / Other,2017,2,Wednesday,100.0
AMD,Short,2017-02-22,14.8,13.35,2017-03-03,9.8,Technology,2017,2,Wednesday,9.0
MMM,Short,2017-02-24,197.07,218.83,2018-02-09,-11.04,Industrials,2017,2,Friday,350.0
AAPL,Short,2017-02-28,145.45,152.86,2018-02-09,-5.09,Technology,2017,2,Tuesday,346.0
NUGT,Long,2017-03-07,7.5,8.3,2017-03-13,10.67,Leveraged ETF,2017,3,Tuesday,6.0
USLV,Long,2017-03-09,13.5,14.11,2017-03-15,4.52,Equity / Other,2017,3,Thursday,6.0
SINO,Long,2017-03-10,2.6,3.15,2017-03-16,21.15,Equity / Other,2017,3,Friday,6.0
HD,Short,2017-03-15,147.1,176.08,2018-02-09,-19.7,Consumer Cyclical,2017,3,Wednesday,331.0
FIT,Long,2017-03-17,5.68,6.65,2017-05-04,17.08,Equity / Other,2017,3,Friday,48.0
EGLE,Long,2017-03-20,5.29,5.3,2018-01-25,0.19,Equity / Other,2017,3,Monday,311.0
JCP,Long,2017-03-22,5.57,6.29,2017-03-29,12.93,Consumer Cyclical,2017,3,Wednesday,7.0
BAC,Long,2017-03-28,23.4,24.2,2017-08-18,3.22,Financial Services,2017,3,Tuesday,143.0
NTNX,Long,2017-03-29,17.37,18.17,2017-05-22,4.61,Technology,2017,3,Wednesday,54.0
ZEN,Long,2017-03-31,27.43,29.1,2017-05-01,6.08,Equity / Other,2017,3,Friday,31.0
SCO,Long,2017-04-04,35.79,36.82,2017-04-19,2.88,Equity / Other,2017,4,Tuesday,15.0
JRJC,Long,2017-04-05,3.07,3.5,2017-04-12,14.0,Equity / Other,2017,4,Wednesday,7.0
KNDI,Long,2017-04-05,3.8,4.2,2017-04-05,10.53,Consumer Cyclical,2017,4,Wednesday,0.0
MNST,Long,2017-04-05,46.18,45.73,2017-05-04,-1.0,Consumer Defensive,2017,4,Wednesday,29.0
CCIH,Long,2017-04-10,1.5,1.6,2017-06-02,6.67,Equity / Other,2017,4,Monday,53.0
GILD,Long,2017-04-11,65.9,69.35,2017-06-22,5.24,Healthcare,2017,4,Tuesday,72.0
TWTR,Long,2017-04-12,14.5,16.4,2017-04-25,13.1,Technology,2017,4,Wednesday,13.0
TBT,Long,2017-04-13,4.13,38.25,2017-05-17,1.9,Equity / Other,2017,4,Thursday,34.0
GRPN,Long,2017-04-20,3.81,3.82,2017-07-05,0.26,Communication Services,2017,4,Thursday,76.0
SOXX,Long,2017-04-20,34.71,30.2,2017-06-12,-12.99,Equity / Other,2017,4,Thursday,53.0
VXX,Long,2017-04-24,15.28,16.2,2017-05-17,6.23,Leveraged ETF,2017,4,Monday,23.0
SQQQ,Long,2017-04-25,34.77,32.67,2017-06-12,-6.04,Leveraged ETF,2017,4,Tuesday,48.0
FB,Short,2017-04-28,161.4,168.55,2018-02-09,-4.43,Equity / Other,2017,4,Friday,287.0
USLV,Long,2017-05-01,12.16,12.6,2017-05-16,3.62,Equity / Other,2017,5,Monday,15.0
T,Long,2017-05-03,38.35,36.34,2017-07-25,-5.24,Communication Services,2017,5,Wednesday,83.0
X,Long,2017-05-03,20.96,21.6,2017-05-24,3.05,Equity / Other,2017,5,Wednesday,21.0
UCO,Long,2017-05-04,15.23,15.75,2017-05-05,3.41,Equity / Other,2017,5,Thursday,1.0
OIH,Long,2017-05-04,26.46,27.16,2017-05-25,2.65,Equity / Other,2017,5,Thursday,21.0
SWKS,Short,2017-05-09,102.1,94.9,2017-06-29,7.05,Technology,2017,5,Tuesday,51.0
JCP,Long,2017-05-16,4.17,4.76,2017-05-30,14.15,Consumer Cyclical,2017,5,Tuesday,14.0
FIT,Long,2017-05-17,5.58,6.39,2017-09-11,14.52,Equity / Other,2017,5,Wednesday,117.0
EUO,Long,2017-05-17,24.2,22.15,2017-07-21,-8.47,Equity / Other,2017,5,Wednesday,65.0
GM,Long,2017-05-18,32.48,35.02,2017-07-13,7.81,Consumer Cyclical,2017,5,Thursday,56.0
TEVA,Long,2017-05-18,29.85,31.75,2017-06-15,6.37,Healthcare,2017,5,Thursday,28.0
VXX,Long,2017-05-19,45.51,27.71,2017-12-28,-39.11,Leveraged ETF,2017,5,Friday,223.0
SCO,Long,2017-05-22,36.05,39.2,2017-05-25,8.74,Equity / Other,2017,5,Monday,3.0
AKAM,Long,2017-05-25,50.24,51.14,2017-07-17,6.45,Technology,2017,5,Thursday,53.0
MCD,Short,2017-05-26,150.05,156.58,2018-02-09,-4.35,Consumer Cyclical,2017,5,Friday,259.0
TSLA,Short,2017-05-31,345.78,307.5,2017-07-06,11.07,Consumer Cyclical,2017,5,Wednesday,36.0
AMZN,Short,2017-06-02,1006.0,951.0,2017-06-12,5.47,Consumer Cyclical,2017,6,Friday,10.0
DSLV,Long,2017-06-06,22.45,24.49,2017-06-09,9.13,Equity / Other,2017,6,Tuesday,3.0
EDZ,Long,2017-06-08,14.15,15.18,2017-06-15,7.28,Equity / Other,2017,6,Thursday,7.0
NVDA,Short,2017-06-09,167.25,149.75,2017-06-09,10.46,Technology,2017,6,Friday,0.0
KNDI,Long,2017-06-15,4.05,4.8,2017-09-13,18.52,Consumer Cyclical,2017,6,Thursday,90.0
AMZN,Short,2017-06-19,996.0,1110.0,2017-10-30,-11.45,Consumer Cyclical,2017,6,Monday,133.0
FL,Long,2017-06-20,50.32,47.2,2017-07-21,-6.2,Equity / Other,2017,6,Tuesday,31.0
UCO,Long,2017-06-21,12.67,13.08,2017-06-22,4.14,Equity / Other,2017,6,Wednesday,1.0
WTW,Short,2017-06-28,34.1,31.8,2017-06-29,6.75,Financial Services,2017,6,Wednesday,1.0
SCO,Long,2017-07-03,42.22,44.45,2017-07-05,5.28,Equity / Other,2017,7,Monday,2.0
JCP,Long,2017-07-05,4.7,5.33,2017-07-25,13.4,Consumer Cyclical,2017,7,Wednesday,20.0
ORLY,Long,2017-07-05,176.7,185.25,2017-07-13,4.84,Consumer Cyclical,2017,7,Wednesday,8.0
USLV,Long,2017-07-07,9.5,10.09,2017-07-11,6.21,Equity / Other,2017,7,Friday,4.0
APRN,Long,2017-07-07,3.84,3.95,2018-07-12,3.0,Equity / Other,2017,7,Friday,370.0
GE,Long,2017-07-10,25.9,24.61,2017-08-18,-1.08,Industrials,2017,7,Monday,39.0
DF,Long,2017-07-13,15.1,14.99,2017-08-07,-0.73,Equity / Other,2017,7,Thursday,25.0
SQQQ,Long,2017-07-14,28.68,21.2,2017-12-28,-26.08,Leveraged ETF,2017,7,Friday,167.0
WTW,Short,2017-07-18,37.65,33.85,2017-08-02,10.0,Financial Services,2017,7,Tuesday,15.0
NVDA,Long,2017-07-19,176.9,199.5,2018-10-24,-12.78,Technology,2017,7,Wednesday,462.0
SDS,Long,2017-07-26,48.48,40.9,2017-12-28,-15.63,Equity / Other,2017,7,Wednesday,155.0
DSLV,Long,2017-07-27,25.72,28.29,2017-08-04,10.0,Equity / Other,2017,7,Thursday,8.0
EUO,Long,2017-07-31,21.62,21.42,2018-05-01,-0.9,Equity / Other,2017,7,Monday,274.0
SDOW,Long,2017-08-02,28.41,19.38,2017-12-28,-31.78,Other/ETF,2017,8,Wednesday,148.0
WTW,Short,2017-08-08,45.5,43.0,2017-09-11,5.5,Financial Services,2017,8,Tuesday,34.0
XRT,Long,2017-08-15,38.64,40.4,2017-09-11,4.56,Equity / Other,2017,8,Tuesday,27.0
CCIH,Long,2017-08-16,0.77,1.12,2017-10-06,45.5,Equity / Other,2017,8,Wednesday,51.0
RH,Long,2017-08-21,46.86,50.36,2017-09-05,7.47,Consumer Cyclical,2017,8,Monday,15.0
ALK,Long,2017-08-22,77.35,79.06,2017-10-03,2.21,Industrials,2017,8,Tuesday,42.0
CMG,Long,2017-08-23,299.88,306.26,2017-09-08,2.1,Consumer Cyclical,2017,8,Wednesday,16.0
WEAT,Long,2017-08-31,6.45,6.66,2017-09-26,3.26,Equity / Other,2017,8,Thursday,26.0
SOXS,Long,2017-09-12,22.64,16.05,2017-12-28,-29.1,Leveraged ETF,2017,9,Tuesday,107.0
EFX,Long,2017-09-14,90.4,96.17,2017-09-21,6.38,Industrials,2017,9,Thursday,7.0
TSLA,Short,2017-09-15,377.41,357.41,2017-09-22,5.3,Consumer Cyclical,2017,9,Friday,7.0
RACE,Short,2017-09-20,112.87,117.87,2018-02-09,-4.43,Consumer Cyclical,2017,9,Wednesday,142.0
UGLD,Long,2017-09-21,10.65,11.07,2017-10-10,3.94,Equity / Other,2017,9,Thursday,19.0
QCOM,Long,2017-09-25,51.73,54.33,2017-10-11,5.03,Technology,2017,9,Monday,16.0
JCP,Long,2017-10-02,3.46,3.69,2017-11-29,6.65,Consumer Cyclical,2017,10,Monday,58.0
TZA,Long,2017-10-03,13.2,12.48,2018-02-05,-5.45,Equity / Other,2017,10,Tuesday,125.0
AA,Short,2017-10-05,48.32,44.0,2017-11-09,9.0,Basic Materials,2017,10,Thursday,35.0
GM,Short,2017-10-09,45.26,42.26,2017-10-30,6.63,Consumer Cyclical,2017,10,Monday,21.0
TTWO,Short,2017-10-12,103.7,101.6,2017-12-04,2.03,Communication Services,2017,10,Thursday,53.0
PCG,Long,2017-10-16,52.0,55.13,2017-10-17,6.01,Utilities,2017,10,Monday,1.0
QCOM,Long,2017-10-17,52.22,53.6,2017-10-23,2.34,Technology,2017,10,Tuesday,6.0
UGLD,Long,2017-10-23,10.15,10.25,2017-12-20,1.0,Equity / Other,2017,10,Monday,58.0
PG,Long,2017-10-24,86.5,90.16,2017-12-04,4.23,Consumer Defensive,2017,10,Tuesday,41.0
HMNY,Long,2017-10-30,9.75,10.75,2017-10-31,10.26,Technology,2017,10,Monday,1.0
NFLX,Short,2017-10-31,196.3,185.0,2017-11-29,5.76,Communication Services,2017,10,Tuesday,29.0
GE,Long,2017-11-02,18.92,15.1,2018-02-05,-20.1,Industrials,2017,11,Thursday,95.0
LRCX,Short,2017-11-03,206.25,194.0,2017-11-29,5.94,Technology,2017,11,Friday,26.0
HMNY,Long,2017-11-03,9.6,11.5,2017-11-06,20.0,Technology,2017,11,Friday,3.0
VZ,Long,2017-11-06,45.3,48.13,2017-11-29,6.16,Communication Services,2017,11,Monday,23.0
TOL,Short,2017-11-10,48.26,45.45,2017-12-05,5.82,Consumer Cyclical,2017,11,Friday,25.0
DCIX,Long,2017-11-14,5.98,7.5,2017-11-15,25.42,Equity / Other,2017,11,Tuesday,1.0
BBBY,Long,2017-11-16,20.35,22.65,2017-11-29,11.3,Equity / Other,2017,11,Thursday,13.0
AAOI,Long,2017-11-22,41.98,44.5,2017-11-30,6.0,Technology,2017,11,Wednesday,8.0
AMZN,Short,2017-11-27,1212.0,1152.0,2017-11-29,5.0,Consumer Cyclical,2017,11,Monday,2.0
IYT,Short,2017-11-30,192.75,187.75,2018-02-05,2.6,Equity / Other,2017,11,Thursday,67.0
FAZ,Long,2017-11-30,12.12,11.85,2018-02-05,-2.2,Leveraged ETF,2017,11,Thursday,67.0
JCI,Long,2017-12-01,37.49,39.48,2018-01-04,5.3,Industrials,2017,12,Friday,34.0
INTU,Short,2017-12-04,155.81,150.95,2018-02-09,3.13,Technology,2017,12,Monday,67.0
COST,Short,2017-12-05,189.45,182.8,2018-02-05,3.51,Consumer Defensive,2017,12,Tuesday,62.0
USLV,Long,2017-12-07,9.32,10.0,2017-12-13,7.3,Equity / Other,2017,12,Thursday,6.0
BX,Long,2017-12-08,31.82,35.46,2017-12-17,7.6,Financial Services,2017,12,Friday,9.0
WBA,Long,2017-12-08,70.16,74.51,2018-01-02,6.19,Equity / Other,2017,12,Friday,25.0
BABA,Short,2017-12-12,179.59,169.75,2017-12-14,5.48,Consumer Cyclical,2017,12,Tuesday,2.0
BUD,Long,2017-12-13,110.5,112.98,2018-02-02,2.24,Consumer Defensive,2017,12,Wednesday,51.0
ASML,Short,2017-12-14,172.15,176.78,2018-02-09,-2.69,Technology,2017,12,Thursday,57.0
ICPT,Long,2017-12-18,62.14,54.15,2018-01-08,-12.85,Equity / Other,2017,12,Monday,21.0
INTC,Long,2017-12-20,47.5,44.9,2018-01-03,5.5,Technology,2017,12,Wednesday,14.0
FCX,Short,2017-12-26,18.75,18.02,2018-02-02,3.9,Basic Materials,2017,12,Tuesday,38.0
JBL,Long,2017-12-26,27.28,28.16,2018-01-04,5.47,Technology,2017,12,Tuesday,9.0
BAC,Short,2017-12-27,30.02,29.3,2018-02-05,2.4,Financial Services,2017,12,Wednesday,40.0
DGLD,Long,2017-12-29,41.03,42.85,2018-02-09,4.44,Equity / Other,2017,12,Friday,42.0
USLV,Long,2017-12-29,23.45,24.6,2018-01-23,5.0,Equity / Other,2017,12,Friday,25.0
DCIX,Long,2018-01-02,2.73,3.09,2018-05-09,13.19,Equity / Other,2018,1,Tuesday,127.0
CMG,Long,2018-01-02,290.75,302.75,2018-01-03,4.13,Consumer Cyclical,2018,1,Tuesday,1.0
NFLX,Short,2018-01-03,214.75,258.12,2018-01-24,-20.0,Communication Services,2018,1,Wednesday,21.0
UVXY,Long,2018-01-03,9.15,10.22,2018-01-24,11.7,Leveraged ETF,2018,1,Wednesday,21.0
AMZN,Short,2018-01-04,1242.5,1355.0,2018-01-23,-9.05,Consumer Cyclical,2018,1,Thursday,19.0
QID,Long,2018-01-08,11.77,11.97,2018-02-02,1.7,Other/ETF,2018,1,Monday,25.0
SLB,Short,2018-01-11,76.92,73.3,2018-01-31,4.71,Energy,2018,1,Thursday,20.0
DXD,Long,2018-01-16,7.85,8.08,2018-02-02,3.0,Equity / Other,2018,1,Tuesday,17.0
TSLA,Short,2018-01-22,357.0,336.5,2018-01-26,5.75,Consumer Cyclical,2018,1,Monday,4.0
SPXS,Long,2018-01-24,25.02,26.37,2018-02-02,5.2,Equity / Other,2018,1,Wednesday,9.0
UUP,Long,2018-01-25,23.16,24.0,2018-05-01,3.62,Equity / Other,2018,1,Thursday,96.0
BUD,Long,2018-01-25,106.71,107.43,2018-02-28,0.67,Consumer Defensive,2018,1,Thursday,34.0
MSFT,Short,2018-01-25,93.0,88.75,2018-02-05,4.57,Technology,2018,1,Thursday,11.0
SDOW,Long,2018-01-29,15.68,16.5,2018-01-30,5.23,Other/ETF,2018,1,Monday,1.0
JPM,Long,2018-02-01,116.5,112.2,2018-02-05,3.7,Financial Services,2018,2,Thursday,4.0
PG,Long,2018-02-02,83.55,78.72,2018-03-15,-5.78,Consumer Defensive,2018,2,Friday,41.0
RIOT,Long,2018-02-02,11.68,12.7,2018-02-02,8.7,Financial Services,2018,2,Friday,0.0
XHB,Long,2018-02-02,43.22,43.52,2018-02-07,0.7,Equity / Other,2018,2,Friday,5.0
XOM,Long,2018-02-05,78.05,79.8,2018-02-27,2.27,Energy,2018,2,Monday,22.0
MJX,Long,2018-02-05,28.95,32.0,2018-02-05,10.54,Other/ETF,2018,2,Monday,0.0
RIOT,Long,2018-02-05,11.2,12.5,2018-02-06,11.61,Financial Services,2018,2,Monday,1.0
GBTC,Long,2018-02-05,10.3,11.8,2018-02-06,14.56,Equity / Other,2018,2,Monday,1.0
VERI,Long,2018-02-06,14.35,16.25,2018-02-06,13.24,Technology,2018,2,Tuesday,0.0
TXN,Long,2018-02-08,99.25,104.5,2018-02-16,5.3,Technology,2018,2,Thursday,8.0
VERI,Long,2018-02-08,14.35,16.4,2018-02-14,15.0,Technology,2018,2,Thursday,6.0
MMM,Long,2018-02-09,218.75,230.2,2018-02-12,5.23,Industrials,2018,2,Friday,3.0
SVXY,Long,2018-02-09,9.84,11.1,2018-02-09,12.84,Equity / Other,2018,2,Friday,0.0
SSO,Long,2018-02-09,98.65,105.1,2018-02-09,6.54,Equity / Other,2018,2,Friday,0.0
PCG,Long,2018-02-12,38.85,41.05,2018-02-23,5.4,Utilities,2018,2,Monday,11.0
CERN,Long,2018-02-12,62.81,65.77,2018-03-23,-9.61,Technology,2018,2,Monday,39.0
AAPL,Short,2018-02-16,177.35,167.6,2018-03-23,5.5,Technology,2018,2,Friday,35.0
QID,Long,2018-02-16,11.57,11.92,2018-03-01,3.03,Other/ETF,2018,2,Friday,13.0
SPXU,Long,2018-02-16,10.12,10.9,2018-03-01,7.71,Equity / Other,2018,2,Friday,13.0
SOXS,Long,2018-02-20,11.49,12.4,2018-03-01,7.92,Leveraged ETF,2018,2,Tuesday,9.0
AMZN,Short,2018-02-21,1554.0,1499.0,2018-03-23,3.54,Consumer Cyclical,2018,2,Wednesday,30.0
VERI,Long,2018-02-22,14.5,16.2,2018-02-26,11.72,Technology,2018,2,Thursday,4.0
AXP,Short,2018-02-26,100.35,95.65,2018-03-01,4.7,Financial Services,2018,2,Monday,3.0
FAZ,Long,2018-02-26,10.35,11.17,2018-03-01,8.0,Leveraged ETF,2018,2,Monday,3.0
MSFT,Short,2018-02-26,94.6,91.0,2018-03-02,3.81,Technology,2018,2,Monday,4.0
INTC,Short,2018-02-27,51.15,47.6,2018-03-01,5.0,Technology,2018,2,Tuesday,2.0
NFLX,Short,2018-03-05,314.0,299.0,2018-03-27,5.0,Communication Services,2018,3,Monday,22.0
XRAY,Long,2018-03-06,56.16,57.45,2018-03-19,2.25,Healthcare,2018,3,Tuesday,13.0
SQQQ,Long,2018-03-06,15.66,16.5,2018-03-19,5.36,Leveraged ETF,2018,3,Tuesday,13.0
SOXS,Long,2018-03-06,10.64,12.0,2018-03-23,12.78,Leveraged ETF,2018,3,Tuesday,17.0
LRCX,Short,2018-03-09,225.37,212.6,2018-03-19,5.67,Technology,2018,3,Friday,10.0
ASML,Short,2018-03-12,211.75,201.1,2018-03-23,5.03,Technology,2018,3,Monday,11.0
SPXU,Long,2018-03-12,9.67,10.55,2018-03-19,8.58,Equity / Other,2018,3,Monday,7.0
CI,Long,2018-03-13,164.0,173.5,2018-04-16,5.79,Healthcare,2018,3,Tuesday,34.0
S,Long,2018-03-16,5.09,5.85,2018-04-10,15.0,Technology,2018,3,Friday,25.0
MU,Short,2018-03-20,61.05,59.1,2018-03-22,3.2,Technology,2018,3,Tuesday,2.0
KHC,Long,2018-03-23,58.5,61.5,2018-06-15,5.13,Consumer Defensive,2018,3,Friday,84.0
GOOGL,Long,2018-03-23,1028.5,1059.25,2018-03-26,3.0,Communication Services,2018,3,Friday,3.0
GOOGL,Long,2018-03-26,1006.75,1067.75,2018-04-17,6.06,Communication Services,2018,3,Monday,22.0
AAOI,Long,2018-03-26,24.5,28.1,2018-04-11,14.69,Technology,2018,3,Monday,16.0
AMZN,Short,2018-03-27,1572.0,1521.5,2018-03-27,3.21,Consumer Cyclical,2018,3,Tuesday,0.0
TSLA,Long,2018-03-29,248.5,268.0,2018-03-29,7.85,Consumer Cyclical,2018,3,Thursday,0.0
TSLA,Long,2018-04-03,247.5,272.25,2018-04-03,10.0,Consumer Cyclical,2018,4,Tuesday,0.0
SNAP,Long,2018-04-03,14.04,15.45,2018-04-23,10.04,Communication Services,2018,4,Tuesday,20.0
TSLA,Short,2018-04-05,305.0,283.0,2018-04-17,7.21,Consumer Cyclical,2018,4,Thursday,12.0
GE,Long,2018-04-06,12.95,13.9,2018-04-19,7.34,Industrials,2018,4,Friday,13.0
AAL,Long,2018-04-10,47.64,45.75,2018-04-25,-3.97,Industrials,2018,4,Tuesday,15.0
MNK,Long,2018-04-13,12.96,14.26,2018-05-09,10.03,Equity / Other,2018,4,Friday,26.0
VLO,Short,2018-04-17,108.48,122.04,2018-05-21,-12.5,Energy,2018,4,Tuesday,34.0
AMZN,Short,2018-04-17,1506.0,1455.5,2018-04-24,3.35,Consumer Cyclical,2018,4,Tuesday,7.0
NFLX,Short,2018-04-17,330.0,311.0,2018-04-24,5.76,Communication Services,2018,4,Tuesday,7.0
TZA,Long,2018-04-18,10.14,11.47,2018-04-25,10.18,Equity / Other,2018,4,Wednesday,7.0
AA,Short,2018-04-19,62.15,57.75,2018-04-20,7.07,Basic Materials,2018,4,Thursday,1.0
QCOM,Long,2018-04-23,50.25,53.05,2018-05-07,5.57,Technology,2018,4,Monday,14.0
AA,Long,2018-04-24,49.95,54.95,2018-04-26,10.01,Basic Materials,2018,4,Tuesday,2.0
SQ,Short,2017-06-27,25.34,44.4,2018-04-24,-75.22,Equity / Other,2017,6,Tuesday,301.0
GE,Long,2018-04-25,13.99,15.09,2018-05-16,7.86,Industrials,2018,4,Wednesday,21.0
OLED,Long,2018-04-27,88.5,95.6,2018-05-04,8.02,Technology,2018,4,Friday,7.0
MMM,Long,2018-05-01,192.0,202.05,2018-05-08,5.23,Industrials,2018,5,Tuesday,7.0
UGLD,Long,2018-05-01,10.59,9.27,2018-06-28,-12.46,Equity / Other,2018,5,Tuesday,58.0
UTX,Long,2018-05-01,117.87,123.55,2018-05-14,4.81,Equity / Other,2018,5,Tuesday,13.0
FRED,Long,2018-05-02,1.84,2.05,2018-06-15,11.41,Equity / Other,2018,5,Wednesday,44.0
KNDI,Long,2018-05-04,5.0,5.55,2018-05-10,11.0,Consumer Cyclical,2018,5,Friday,6.0
AAPL,Short,2018-05-07,196.67,219.25,2018-08-28,-11.48,Technology,2018,5,Monday,113.0
SCO,Long,2018-05-07,16.38,17.31,2018-05-25,5.67,Equity / Other,2018,5,Monday,18.0
NFLX,Short,2018-05-09,340.5,392.5,2018-06-14,-15.27,Communication Services,2018,5,Wednesday,36.0
FB,Long,2018-05-10,193.05,214.3,2018-07-24,-10.62,Equity / Other,2018,5,Thursday,75.0
VXX,Long,2018-05-10,35.05,37.45,2018-05-29,6.85,Leveraged ETF,2018,5,Thursday,19.0
DCIX,Long,2018-05-10,1.8,2.16,2018-06-22,20.0,Equity / Other,2018,5,Thursday,43.0
SOXS,Long,2018-05-14,9.71,10.81,2018-06-25,11.33,Leveraged ETF,2018,5,Monday,42.0
GDDY,Long,2018-05-18,74.07,82.57,2018-09-11,-11.47,Technology,2018,5,Friday,116.0
WLL,Short,2018-05-21,53.45,47.65,2018-05-25,10.85,Equity / Other,2018,5,Monday,4.0
CSX,Short,2018-05-22,66.25,75.5,2018-08-27,-13.96,Industrials,2018,5,Tuesday,97.0
MU,Short,2018-05-29,63.6,59.1,2018-05-31,7.08,Technology,2018,5,Tuesday,2.0
AMZN,Long,2018-06-04,1684.88,1846.25,2018-07-25,-9.34,Consumer Cyclical,2018,6,Monday,51.0
MSFT,Long,2018-06-04,104.03,114.24,2018-09-21,-9.81,Technology,2018,6,Monday,109.0
SQQQ,Long,2018-06-05,13.32,14.49,2018-06-25,8.78,Leveraged ETF,2018,6,Tuesday,20.0
TZA,Long,2018-06-06,8.23,9.07,2018-10-02,10.2,Equity / Other,2018,6,Wednesday,118.0
AMD,Short,2018-06-06,16.03,14.95,2018-06-25,6.74,Technology,2018,6,Wednesday,19.0
VXX,Long,2018-06-06,32.2,35.95,2018-06-25,11.65,Leveraged ETF,2018,6,Wednesday,19.0
CCL,Long,2018-06-06,61.47,61.63,2018-06-25,0.52,Consumer Cyclical,2018,6,Wednesday,19.0
TSRO,Long,2018-06-11,42.96,39.7,2018-06-15,-7.58,Equity / Other,2018,6,Monday,4.0
INTU,Long,2018-06-18,209.5,198.9,2018-06-27,5.06,Technology,2018,6,Monday,9.0
NFLX,Short,2018-06-20,416.5,385.0,2018-06-25,7.56,Communication Services,2018,6,Wednesday,5.0
CELG,Long,2018-06-21,79.15,83.4,2018-07-09,5.37,Healthcare,2018,6,Thursday,18.0
NFLX,Short,2018-06-27,411.35,390.35,2018-06-27,5.11,Communication Services,2018,6,Wednesday,0.0
SCO,Long,2018-06-27,15.76,16.9,2018-07-16,7.23,Equity / Other,2018,6,Wednesday,19.0
SBUX,Long,2018-06-28,47.48,50.75,2018-07-24,6.08,Consumer Cyclical,2018,6,Thursday,26.0
SQQQ,Long,2018-07-06,13.2,11.6,2018-08-27,-12.12,Leveraged ETF,2018,7,Friday,52.0
SPXS,Long,2018-07-06,24.85,22.62,2018-08-21,-8.97,Equity / Other,2018,7,Friday,46.0
NFLX,Short,2018-07-09,416.0,396.0,2018-07-13,4.81,Communication Services,2018,7,Monday,4.0
VXX,Long,2018-07-09,32.72,28.62,2018-08-07,-12.56,Leveraged ETF,2018,7,Monday,29.0
INTU,Long,2018-07-10,212.95,202.85,2018-07-30,4.74,Technology,2018,7,Tuesday,20.0
SOXS,Long,2018-07-18,9.99,11.4,2018-08-17,14.11,Leveraged ETF,2018,7,Wednesday,30.0
USLV,Long,2018-07-19,70.0,71.0,2018-12-27,1.43,Equity / Other,2018,7,Thursday,161.0
APRN,Long,2018-07-23,2.85,3.17,2018-07-23,11.23,Equity / Other,2018,7,Monday,0.0
NTAP,Short,2018-07-25,81.3,76.82,2018-10-10,5.51,Technology,2018,7,Wednesday,77.0
SCO,Long,2018-07-26,15.82,17.56,2018-08-13,11.0,Equity / Other,2018,7,Thursday,18.0
VIRT,Long,2018-08-01,21.4,22.2,2018-08-21,7.92,Financial Services,2018,8,Wednesday,20.0
FAZ,Long,2018-08-07,9.47,9.7,2018-09-28,2.43,Leveraged ETF,2018,8,Tuesday,52.0
NWL,Long,2018-08-08,20.22,22.22,2018-08-27,10.0,Consumer Defensive,2018,8,Wednesday,19.0
INTU,Short,2018-08-09,219.35,208.55,2018-10-11,5.0,Technology,2018,8,Thursday,63.0
TEVA,Long,2018-08-09,22.7,23.35,2018-09-04,2.86,Healthcare,2018,8,Thursday,26.0
ROST,Short,2018-08-10,92.35,83.5,2018-11-20,9.58,Consumer Cyclical,2018,8,Friday,102.0
TVIX,Long,2018-08-10,30.1,35.0,2018-08-10,13.62,Equity / Other,2018,8,Friday,0.0
UGLD,Long,2018-08-13,7.96,8.33,2018-08-27,4.65,Equity / Other,2018,8,Monday,14.0
AMZN,Short,2018-08-14,1983.5,1890.0,2018-09-17,4.71,Consumer Cyclical,2018,8,Tuesday,34.0
MU,Long,2018-08-15,46.45,49.5,2018-08-21,6.57,Technology,2018,8,Wednesday,6.0
JCP,Long,2018-08-17,1.74,1.97,2018-09-19,13.22,Consumer Cyclical,2018,8,Friday,33.0
TVIX,Long,2018-08-20,31.07,34.77,2018-08-21,11.92,Equity / Other,2018,8,Monday,1.0
TVIX,Long,2018-08-22,31.25,35.25,2018-09-06,12.45,Equity / Other,2018,8,Wednesday,15.0
SOXS,Long,2018-08-23,9.66,12.52,2018-09-12,8.9,Leveraged ETF,2018,8,Thursday,20.0
SCO,Long,2018-08-24,15.15,12.55,2018-10-03,-17.16,Equity / Other,2018,8,Friday,40.0
AMD,Short,2018-08-27,26.29,31.28,2018-09-12,-18.98,Technology,2018,8,Monday,16.0
NFLX,Short,2018-08-27,367.5,332.0,2018-10-10,9.66,Communication Services,2018,8,Monday,44.0
JD,Long,2018-09-05,26.95,29.0,2018-09-13,7.61,Consumer Cyclical,2018,9,Wednesday,8.0
F,Long,2018-09-10,8.81,9.0,2018-10-25,2.16,Consumer Cyclical,2018,9,Monday,45.0
QCOM,Long,2018-09-11,59.37,60.37,2018-12-03,1.68,Technology,2018,9,Tuesday,83.0
WDC,Long,2018-09-11,55.2,58.3,2018-09-18,5.62,Technology,2018,9,Tuesday,7.0
HD,Short,2018-09-11,213.05,201.65,2018-10-04,5.35,Consumer Cyclical,2018,9,Tuesday,23.0
TVIX,Long,2018-09-12,27.55,31.15,2018-10-05,13.07,Equity / Other,2018,9,Wednesday,23.0
INTC,Long,2018-09-12,44.77,47.41,2018-10-02,5.89,Technology,2018,9,Wednesday,20.0
QID,Long,2018-09-14,36.05,37.12,2018-09-17,3.0,Other/ETF,2018,9,Friday,3.0
JD,Long,2018-09-17,25.75,27.05,2018-09-19,5.0,Consumer Cyclical,2018,9,Monday,2.0
TLRY,Short,2018-09-18,190.0,152.0,2018-09-19,20.0,Healthcare,2018,9,Tuesday,1.0
TLRY,Short,2018-09-19,217.0,160.0,2018-09-20,26.67,Healthcare,2018,9,Wednesday,1.0
SNAP,Long,2018-09-24,8.4,8.5,2019-02-05,1.2,Communication Services,2018,9,Monday,134.0
AMZN,Short,2018-09-25,1991.5,1873.5,2018-10-05,5.93,Consumer Cyclical,2018,9,Tuesday,10.0
SQQQ,Long,2018-09-25,11.15,12.35,2018-10-05,10.76,Leveraged ETF,2018,9,Tuesday,10.0
SPXS,Long,2018-10-01,21.04,22.52,2018-10-08,7.03,Equity / Other,2018,10,Monday,7.0
BOX,Long,2018-10-03,22.28,19.19,2018-10-18,-13.8,Technology,2018,10,Wednesday,15.0
JD,Long,2018-10-05,23.95,25.75,2019-02-05,7.52,Consumer Cyclical,2018,10,Friday,123.0
SFIX,Long,2018-10-08,25.07,26.77,2018-10-16,6.78,Consumer Cyclical,2018,10,Monday,8.0
SOHU,Long,2018-10-08,16.75,18.33,2018-10-12,9.43,Communication Services,2018,10,Monday,4.0
BABA,Long,2018-10-09,145.2,150.0,2018-11-01,3.3,Consumer Cyclical,2018,10,Tuesday,23.0
TNA,Long,2018-10-10,70.54,73.6,2018-10-16,4.34,Leveraged ETF,2018,10,Wednesday,6.0
TQQQ,Long,2018-10-10,54.82,61.65,2018-10-16,9.45,Leveraged ETF,2018,10,Wednesday,6.0
HD,Long,2018-10-11,184.75,188.65,2018-11-08,2.11,Consumer Cyclical,2018,10,Thursday,28.0
FAS,Long,2018-10-11,58.5,61.65,2018-10-16,5.39,Leveraged ETF,2018,10,Thursday,5.0
TOL,Long,2018-10-17,30.15,34.0,2018-10-31,12.77,Consumer Cyclical,2018,10,Wednesday,14.0
YINN,Long,2018-10-18,17.82,20.13,2018-11-01,12.96,Equity / Other,2018,10,Thursday,14.0
WYNN,Long,2018-10-23,97.5,106.3,2018-11-01,9.03,Consumer Cyclical,2018,10,Tuesday,9.0
GM,Long,2018-10-23,32.07,34.05,2018-10-30,6.17,Consumer Cyclical,2018,10,Tuesday,7.0
STT,Long,2018-10-23,68.85,73.97,2018-12-03,7.42,Financial Services,2018,10,Tuesday,41.0
BX,Long,2018-10-24,32.22,33.11,2018-11-15,2.75,Financial Services,2018,10,Wednesday,22.0
SOXL,Long,2018-10-24,90.05,101.25,2018-10-31,11.2,Leveraged ETF,2018,10,Wednesday,7.0
NVDA,Long,2018-10-24,199.5,210.75,2018-10-31,5.64,Technology,2018,10,Wednesday,7.0
VLO,Long,2018-10-24,87.5,93.3,2018-10-31,6.63,Energy,2018,10,Wednesday,7.0
THO,Long,2018-10-29,65.45,69.05,2018-10-31,5.5,Consumer Cyclical,2018,10,Monday,2.0
GE,Long,2018-10-30,9.35,7.67,2018-11-20,-17.96,Industrials,2018,10,Tuesday,21.0
UCO,Long,2018-11-06,24.45,18.92,2018-11-20,-22.57,Equity / Other,2018,11,Tuesday,14.0
IQ,Long,2018-11-12,19.8,21.8,2018-12-03,10.0,Communication Services,2018,11,Monday,21.0
BBBY,Long,2018-11-12,13.1,14.65,2019-01-09,11.83,Equity / Other,2018,11,Monday,58.0
AAPL,Long,2018-11-14,184.12,171.12,2019-02-04,-7.06,Technology,2018,11,Wednesday,82.0
GS,Long,2018-11-14,192.1,168.47,2018-11-14,-12.3,Financial Services,2018,11,Wednesday,0.0
OIH,Long,2018-11-14,17.75,16.42,2019-01-09,-7.49,Equity / Other,2018,11,Wednesday,56.0
VLO,Long,2018-11-14,80.47,83.57,2018-12-03,3.85,Energy,2018,11,Wednesday,19.0
TNA,Long,2018-11-15,60.5,66.0,2018-12-03,9.1,Leveraged ETF,2018,11,Thursday,18.0
SSO,Long,2018-11-15,107.68,109.88,2018-11-19,2.2,Equity / Other,2018,11,Thursday,4.0
FB,Long,2018-11-19,132.25,140.25,2018-11-30,6.05,Equity / Other,2018,11,Monday,11.0
OSTK,Long,2018-11-26,17.46,19.25,2018-11-28,10.25,Equity / Other,2018,11,Monday,2.0
THO,Long,2018-11-29,64.7,71.42,2018-12-03,10.39,Consumer Cyclical,2018,11,Thursday,4.0
THO,Long,2018-12-04,60.08,60.23,2019-01-09,0.25,Consumer Cyclical,2018,12,Tuesday,36.0
SLB,Long,2018-12-04,42.67,41.4,2019-01-09,-2.97,Energy,2018,12,Tuesday,36.0
TNA,Long,2018-12-06,47.97,48.07,2019-01-07,0.21,Leveraged ETF,2018,12,Thursday,32.0
JPM,Long,2018-12-06,103.5,101.08,2019-01-14,-2.33,Financial Services,2018,12,Thursday,39.0
VLO,Long,2018-12-06,75.55,80.1,2019-01-17,6.02,Energy,2018,12,Thursday,42.0
NVDA,Long,2018-12-07,137.62,151.4,2019-01-14,10.01,Technology,2018,12,Friday,38.0
FDX,Long,2018-12-10,188.25,172.25,2019-01-14,-8.49,Industrials,2018,12,Monday,35.0
FAS,Long,2018-12-10,50.15,49.05,2019-01-10,-2.19,Leveraged ETF,2018,12,Monday,31.0
SHAK,Long,2018-12-12,46.36,50.05,2019-01-11,7.95,Consumer Cyclical,2018,12,Wednesday,30.0
UCO,Long,2018-12-18,14.15,15.57,2019-01-07,10.0,Equity / Other,2018,12,Tuesday,20.0
BABA,Long,2018-12-19,136.35,150.0,2019-01-09,10.01,Consumer Cyclical,2018,12,Wednesday,21.0
IQ,Long,2018-12-19,16.05,17.38,2019-01-09,8.29,Communication Services,2018,12,Wednesday,21.0
QLD,Long,2018-12-20,62.36,66.28,2018-12-26,6.29,Equity / Other,2018,12,Thursday,6.0
X,Long,2018-12-20,18.82,20.75,2019-01-07,10.26,Equity / Other,2018,12,Thursday,18.0
XRT,Long,2018-12-20,39.44,42.6,2019-01-08,8.01,Equity / Other,2018,12,Thursday,19.0
ITB,Long,2018-12-24,29.6,30.73,2019-01-07,7.44,Equity / Other,2018,12,Monday,14.0
QLD,Long,2018-12-27,61.73,67.92,2018-12-28,10.03,Equity / Other,2018,12,Thursday,1.0
SFIX,Short,2020-12-16,66.15,59.55,2020-12-31,9.98,Consumer Cyclical,2020,12,Wednesday,15.0
RDFN,Short,2020-12-17,79.0,70.95,2020-12-30,10.19,Equity / Other,2020,12,Thursday,13.0
BABA,Long,2020-12-24,215.3,238.35,2020-12-29,10.71,Consumer Cyclical,2020,12,Thursday,5.0
SDS,Long,2020-04-09,22.61,12.57,2020-12-28,-44.4,Equity / Other,2020,4,Thursday,263.0
QID,Long,2020-04-14,14.84,7.2,2020-12-28,-51.48,Other/ETF,2020,4,Tuesday,258.0
SQQQ,Long,2020-05-05,44.25,15.55,2020-12-28,-64.85,Leveraged ETF,2020,5,Tuesday,237.0
SOXS,Long,2020-05-14,54.92,18.95,2020-12-28,-65.49,Leveraged ETF,2020,5,Thursday,228.0
TWM,Long,2020-06-30,8.27,4.85,2020-12-28,-41.35,Equity / Other,2020,6,Tuesday,181.0
SPXU,Long,2020-07-06,8.24,6.04,2020-12-28,-26.69,Equity / Other,2020,7,Monday,175.0
GM,Short,2020-11-24,46.25,41.65,2020-12-11,9.95,Consumer Cyclical,2020,11,Tuesday,17.0
NIO,Short,2020-12-02,47.55,43.45,2020-12-04,8.62,Consumer Cyclical,2020,12,Wednesday,2.0
BBY,Short,2020-08-14,116.19,105.95,2020-12-03,8.81,Consumer Cyclical,2020,8,Friday,111.0
NIO,Short,2020-11-03,43.64,38.64,2020-12-02,11.46,Consumer Cyclical,2020,11,Tuesday,29.0
XPEV,Short,2020-11-23,69.85,60.25,2020-11-30,13.74,Consumer Cyclical,2020,11,Monday,7.0
TLRY,Long,2020-11-16,7.15,8.15,2020-11-24,13.99,Healthcare,2020,11,Monday,8.0
XTZ/USD,Long,2020-09-05,2.15,2.61,2020-11-23,21.4,Crypto,2020,9,Saturday,79.0
TSCO,Short,2020-05-28,136.55,128.35,2020-11-10,6.01,Consumer Cyclical,2020,5,Thursday,166.0
PYPL,Short,2020-11-05,203.0,181.25,2020-11-10,10.74,Financial Services,2020,11,Thursday,5.0
JPM,Long,2020-09-02,100.0,113.0,2020-11-09,13.0,Financial Services,2020,9,Wednesday,68.0
TLRY,Long,2020-10-15,5.5,7.24,2020-11-05,31.64,Healthcare,2020,10,Thursday,21.0
MJ,Long,2020-10-01,10.37,12.25,2020-11-05,18.13,Equity / Other,2020,10,Thursday,35.0
ACB,Long,2020-09-22,4.87,5.99,2020-11-05,23.0,Healthcare,2020,9,Tuesday,44.0
DKNG,Long,2020-10-27,35.4,39.75,2020-11-04,12.29,Consumer Cyclical,2020,10,Tuesday,8.0
PYPL,Short,2020-05-06,177.88,174.88,2020-11-03,1.69,Financial Services,2020,5,Wednesday,181.0
FSLY,Long,2020-10-30,63.5,68.04,2020-11-03,7.15,Technology,2020,10,Friday,4.0
ZM,Short,2020-09-28,532.0,476.5,2020-10-30,10.43,Technology,2020,9,Monday,32.0
PTON,Short,2020-09-29,125.0,111.75,2020-10-30,10.6,Consumer Cyclical,2020,9,Tuesday,31.0
WHR,Short,2020-10-13,202.27,181.45,2020-10-30,10.29,Consumer Cyclical,2020,10,Tuesday,17.0
SCO,Long,2020-10-06,16.0,17.65,2020-10-26,10.31,Equity / Other,2020,10,Tuesday,20.0
VXX,Long,2020-09-15,23.72,24.55,2020-10-26,3.5,Leveraged ETF,2020,9,Tuesday,41.0
WWR,Long,2020-10-23,4.12,5.12,2020-10-26,24.27,Basic Materials,2020,10,Friday,3.0
Z,Short,2020-09-25,106.55,95.45,2020-10-22,10.42,Communication Services,2020,9,Friday,27.0
LTC/USD,Long,2020-09-05,46.0,55.2,2020-10-22,20.0,Crypto,2020,9,Saturday,47.0
BTC/USD,Long,2020-09-05,9900.0,12455.0,2020-10-21,25.81,Crypto,2020,9,Saturday,46.0
JKS,Short,2020-10-07,73.93,69.43,2020-10-21,6.09,Technology,2020,10,Wednesday,14.0
MSFT,Short,2020-10-13,223.9,213.8,2020-10-19,4.51,Technology,2020,10,Tuesday,6.0
TLRY,Long,2020-09-17,4.89,590.0,2020-10-08,20.65,Healthcare,2020,9,Thursday,21.0
PENN,Short,2020-09-28,72.75,65.4,2020-10-08,10.1,Consumer Cyclical,2020,9,Monday,10.0
SCO,Long,2020-09-17,16.03,17.63,2020-09-29,10.0,Equity / Other,2020,9,Thursday,12.0
X,Long,2020-09-25,6.88,7.6,2020-09-28,10.47,Equity / Other,2020,9,Friday,3.0
PENN,Short,2020-09-17,72.65,62.65,2020-09-24,13.77,Consumer Cyclical,2020,9,Thursday,7.0
ZM,Short,2020-09-23,509.25,459.25,2020-09-24,9.82,Technology,2020,9,Wednesday,1.0
KBH,Short,2020-09-22,40.5,37.95,2020-09-23,6.3,Consumer Cyclical,2020,9,Tuesday,1.0
ACB,Long,2020-09-11,6.72,7.22,2020-09-22,7.44,Healthcare,2020,9,Friday,11.0
ZSL,Long,2020-08-13,7.46,8.46,2020-09-21,13.41,Equity / Other,2020,8,Thursday,39.0
EFX,Short,2020-06-03,171.75,156.8,2020-09-17,8.68,Industrials,2020,6,Wednesday,106.0
TLRY,Long,2020-09-14,5.17,6.04,2020-09-16,17.16,Healthcare,2020,9,Monday,2.0
SCO,Long,2020-07-02,15.88,18.91,2020-09-08,19.08,Equity / Other,2020,7,Thursday,68.0
MSFT,Short,2020-04-16,209.3,207.0,2020-09-04,1.1,Technology,2020,4,Thursday,141.0
SPLK,Short,2020-07-01,204.75,191.5,2020-09-04,6.47,Technology,2020,7,Wednesday,65.0
W,Short,2020-06-17,269.82,249.82,2020-09-04,7.42,Consumer Cyclical,2020,6,Wednesday,79.0
FB,Short,2020-08-26,301.25,281.25,2020-09-04,6.64,Equity / Other,2020,8,Wednesday,9.0
GOOGL,Short,2020-09-02,1726.0,1592.0,2020-09-04,7.76,Communication Services,2020,9,Wednesday,2.0
ZM,Short,2020-08-26,403.33,375.0,2020-09-03,7.56,Technology,2020,8,Wednesday,8.0
OSTK,Short,2020-07-28,94.28,84.45,2020-09-02,11.45,Equity / Other,2020,7,Tuesday,36.0
VXX,Long,2020-08-06,25.8,28.12,2020-09-02,8.99,Leveraged ETF,2020,8,Thursday,27.0
ZSL,Long,2020-07-21,9.63,9.22,2020-08-11,-4.26,Equity / Other,2020,7,Tuesday,21.0
X,Long,2020-07-27,7.34,8.2,2020-08-11,11.72,Equity / Other,2020,7,Monday,15.0
DOCU,Short,2020-07-30,214.3,197.0,2020-08-10,8.07,Technology,2020,7,Thursday,11.0
ILMN,Short,2020-06-19,371.23,343.69,2020-08-07,7.42,Healthcare,2020,6,Friday,49.0
SPOT,Short,2020-06-29,274.75,247.27,2020-08-05,10.0,Communication Services,2020,6,Monday,37.0
LTC/USD,Long,2020-02-26,42.55,53.25,2020-07-27,25.15,Crypto,2020,2,Wednesday,152.0
BTC/USD,Long,2020-07-22,9373.0,11405.0,2020-07-27,21.68,Crypto,2020,7,Wednesday,5.0
ZM,Short,2020-07-20,271.0,249.25,2020-07-23,8.03,Technology,2020,7,Monday,3.0
XTZ/USD,Long,2020-06-16,2.59,3.26,2020-07-15,25.87,Crypto,2020,6,Tuesday,29.0
SHOP,Short,2020-07-01,1029.0,925.0,2020-07-14,10.11,Technology,2020,7,Wednesday,13.0
ZM,Short,2020-06-22,263.0,240.5,2020-07-14,8.56,Technology,2020,6,Monday,22.0
FSLY,Short,2020-06-30,93.25,83.9,2020-07-13,10.03,Technology,2020,6,Tuesday,13.0
DOCU,Short,2020-07-10,211.0,189.25,2020-07-13,10.31,Technology,2020,7,Friday,3.0
FB,Short,2020-04-29,224.6,207.75,2020-06-29,7.5,Equity / Other,2020,4,Wednesday,61.0
SCO,Long,2020-06-23,16.9,18.65,2020-06-24,10.36,Equity / Other,2020,6,Tuesday,1.0
SCO,Long,2020-06-05,18.92,21.0,2020-06-11,11.0,Equity / Other,2020,6,Friday,6.0
ILMN,Short,2020-05-28,375.0,343.5,2020-06-11,8.4,Healthcare,2020,5,Thursday,14.0
ADSK,Short,2020-06-10,238.75,224.48,2020-06-11,5.98,Technology,2020,6,Wednesday,1.0
SPXU,Long,2020-05-26,12.7,13.2,2020-06-11,3.94,Equity / Other,2020,5,Tuesday,16.0
TWM,Long,2020-06-01,11.18,11.95,2020-06-11,6.89,Equity / Other,2020,6,Monday,10.0
LULU,Short,2020-06-01,308.75,283.0,2020-06-11,8.34,Consumer Cyclical,2020,6,Monday,10.0
BA,Short,2020-06-05,219.85,198.25,2020-06-10,9.82,Industrials,2020,6,Friday,5.0
RIG,Long,2020-02-07,3.46,3.32,2020-06-08,-3.47,Energy,2020,2,Friday,122.0
OXY,Long,2020-03-06,20.46,20.24,2020-06-05,-1.07,Energy,2020,3,Friday,91.0
DKNG,Short,2020-06-01,43.25,39.95,2020-06-02,7.63,Consumer Cyclical,2020,6,Monday,1.0
LABD,Long,2020-05-28,4.55,5.1,2020-05-29,12.09,Leveraged ETF,2020,5,Thursday,1.0
AMGN,Short,2020-04-23,238.65,220.0,2020-05-27,7.82,Healthcare,2020,4,Thursday,34.0
SHOP,Short,2020-04-24,764.5,714.5,2020-05-27,6.54,Technology,2020,4,Friday,33.0
LABD,Long,2020-05-18,4.37,5.24,2020-05-27,19.91,Leveraged ETF,2020,5,Monday,9.0
ZM,Short,2020-05-20,173.5,155.0,2020-05-27,11.94,Technology,2020,5,Wednesday,7.0
SE,Short,2020-05-26,82.5,75.5,2020-05-27,8.49,Consumer Cyclical,2020,5,Tuesday,1.0
HSY,Short,2020-04-13,142.2,128.24,2020-05-26,9.82,Consumer Defensive,2020,4,Monday,43.0
BA,Long,2020-04-30,130.62,140.05,2020-05-21,7.56,Industrials,2020,4,Thursday,21.0
UCO,Long,2020-04-14,32.12,21.32,2020-05-18,-33.62,Equity / Other,2020,4,Tuesday,34.0
W,Short,2020-04-27,178.96,160.5,2020-05-18,10.32,Consumer Cyclical,2020,4,Monday,21.0
TTD,Short,2020-04-29,305.0,280.0,2020-05-14,8.2,Communication Services,2020,4,Wednesday,15.0
SOXS,Long,2020-05-05,9.27,10.4,2020-05-14,12.19,Leveraged ETF,2020,5,Tuesday,9.0
LABD,Long,2020-05-05,5.22,5.77,2020-05-13,10.54,Leveraged ETF,2020,5,Tuesday,8.0
KLAC,Short,2020-04-29,173.75,156.5,2020-05-01,10.0,Technology,2020,4,Wednesday,2.0
LABD,Long,2020-04-23,6.12,7.45,2020-05-01,21.73,Leveraged ETF,2020,4,Thursday,8.0
TSLA,Short,2020-04-22,810.5,725.0,2020-05-01,10.55,Consumer Cyclical,2020,4,Wednesday,9.0
SOXS,Long,2020-04-22,9.52,10.5,2020-05-01,10.29,Leveraged ETF,2020,4,Wednesday,9.0
ETH/USD,Long,2020-03-08,161.83,210.6,2020-04-29,30.14,Crypto,2020,3,Sunday,52.0
BTC/USD,Long,2019-10-25,7581.25,8573.0,2020-04-29,13.08,Crypto,2019,10,Friday,187.0
SOXS,Long,2020-04-17,10.19,11.85,2020-04-21,16.29,Leveraged ETF,2020,4,Friday,4.0
SHOP,Short,2020-04-20,637.5,566.0,2020-04-21,11.22,Technology,2020,4,Monday,1.0
LABD,Long,2020-04-20,6.66,7.58,2020-04-21,13.81,Leveraged ETF,2020,4,Monday,1.0
NFLX,Short,2020-04-16,445.0,421.5,2020-04-17,5.28,Communication Services,2020,4,Thursday,1.0
SOHU,Long,2019-02-11,8.13,8.6,2020-04-17,5.78,Communication Services,2019,2,Monday,431.0
BAC,Long,2020-04-16,21.32,22.82,2020-04-16,7.04,Financial Services,2020,4,Thursday,0.0
BAC,Long,2020-03-05,25.76,24.7,2020-04-09,-4.11,Financial Services,2020,3,Thursday,35.0
JPM,Long,2020-03-04,91.45,100.45,2020-04-09,9.94,Financial Services,2020,3,Wednesday,36.0
UWM,Long,2020-03-11,38.06,38.15,2020-04-09,0.24,Equity / Other,2020,3,Wednesday,29.0
TUP,Long,2020-04-07,1.35,1.82,2020-04-09,34.81,Equity / Other,2020,4,Tuesday,2.0
USO,Long,2020-04-07,4.98,5.36,2020-04-08,7.63,Commodities,2020,4,Tuesday,1.0
XOM,Long,2020-02-25,40.41,43.08,2020-04-07,6.61,Energy,2020,2,Tuesday,42.0
KHC,Long,2020-03-30,24.5,27.0,2020-04-07,10.21,Consumer Defensive,2020,3,Monday,8.0
SAVE,Long,2020-04-03,10.25,11.6,2020-04-06,13.17,Equity / Other,2020,4,Friday,3.0
AXP,Long,2020-04-01,79.2,83.2,2020-04-06,5.05,Financial Services,2020,4,Wednesday,5.0
X,Long,2020-04-02,5.85,6.55,2020-04-06,11.97,Equity / Other,2020,4,Thursday,4.0
UCO,Long,2020-02-25,4.25,2.6,2020-04-02,-38.82,Equity / Other,2020,2,Tuesday,37.0
USO,Long,2020-03-30,4.08,4.6,2020-04-02,12.75,Commodities,2020,3,Monday,3.0
HAL,Long,2020-03-11,7.25,8.15,2020-04-02,12.41,Energy,2020,3,Wednesday,22.0
X,Long,2020-03-05,6.24,6.9,2020-04-01,10.58,Equity / Other,2020,3,Thursday,27.0
AAL,Long,2020-02-28,18.77,17.22,2020-03-26,-8.26,Industrials,2020,2,Friday,27.0
TLRY,Long,2020-02-24,6.89,7.55,2020-03-26,9.58,Healthcare,2020,2,Monday,31.0
PSX,Long,2020-03-16,49.25,55.1,2020-03-26,11.88,Energy,2020,3,Monday,10.0
MSFT,Long,2020-03-16,139.0,153.95,2020-03-26,10.76,Technology,2020,3,Monday,10.0
DIS,Long,2020-02-28,92.37,102.0,2020-03-25,10.43,Communication Services,2020,2,Friday,26.0
AAPL,Long,2020-03-20,221.12,251.5,2020-03-25,13.74,Technology,2020,3,Friday,5.0
SSO,Long,2020-03-09,84.27,87.42,2020-03-25,3.74,Equity / Other,2020,3,Monday,16.0
USLV,Long,2020-03-13,29.88,37.07,2020-03-24,24.06,Equity / Other,2020,3,Friday,11.0
UTX,Long,2020-03-23,73.64,84.0,2020-03-24,14.07,Equity / Other,2020,3,Monday,1.0
RCL,Long,2020-03-06,37.09,38.09,2020-03-24,2.7,Consumer Cyclical,2020,3,Friday,18.0
SAVE,Long,2020-03-04,12.77,13.67,2020-03-24,7.05,Equity / Other,2020,3,Wednesday,20.0
AXP,Long,2020-03-18,74.35,83.55,2020-03-24,11.03,Financial Services,2020,3,Wednesday,6.0
BA,Long,2020-03-16,118.96,135.0,2020-03-24,13.48,Industrials,2020,3,Monday,8.0
MCD,Long,2020-03-17,140.5,156.25,2020-03-20,11.21,Consumer Cyclical,2020,3,Tuesday,3.0
SPCE,Long,2020-03-16,11.0,13.5,2020-03-20,22.73,Industrials,2020,3,Monday,4.0
UBER,Long,2020-03-17,17.77,19.15,2020-03-19,7.77,Technology,2020,3,Tuesday,2.0
TSLA,Long,2020-03-18,354.0,425.8,2020-03-19,20.28,Consumer Cyclical,2020,3,Wednesday,1.0
UTX,Long,2020-03-18,75.25,84.65,2020-03-19,12.49,Equity / Other,2020,3,Wednesday,1.0
TRV,Long,2020-03-17,80.7,88.8,2020-03-17,10.04,Financial Services,2020,3,Tuesday,0.0
HSY,Short,2019-05-22,134.79,132.0,2020-03-16,2.06,Consumer Defensive,2019,5,Wednesday,299.0
PSX,Long,2020-03-11,50.33,57.5,2020-03-16,14.25,Energy,2020,3,Wednesday,5.0
AAPL,Long,2020-03-12,237.75,263.75,2020-03-13,10.94,Technology,2020,3,Thursday,1.0
AXP,Long,2020-03-12,82.85,90.5,2020-03-13,9.23,Financial Services,2020,3,Thursday,1.0
QLD,Long,2020-03-12,83.5,91.75,2020-03-13,9.88,Equity / Other,2020,3,Thursday,1.0
QLD,Long,2020-03-13,83.11,88.2,2020-03-13,6.14,Equity / Other,2020,3,Friday,0.0
TSLA,Short,2019-12-19,613.26,569.0,2020-03-12,7.22,Consumer Cyclical,2019,12,Thursday,84.0
GRMN,Short,2020-01-17,68.52,73.5,2020-03-12,-7.26,Technology,2020,1,Friday,55.0
MSFT,Short,2020-01-20,139.0,142.0,2020-03-12,-2.16,Technology,2020,1,Monday,52.0
QLD,Long,2020-03-12,83.0,93.25,2020-03-12,12.35,Equity / Other,2020,3,Thursday,0.0
BA,Short,2017-02-16,213.35,206.0,2020-03-11,3.45,Industrials,2017,2,Thursday,1119.0
HAL,Long,2020-03-09,8.45,9.77,2020-03-10,15.62,Energy,2020,3,Monday,1.0
TBT,Long,2020-03-06,16.0,17.3,2020-03-10,8.13,Equity / Other,2020,3,Friday,4.0
USO,Long,2020-03-09,6.65,7.33,2020-03-10,10.22,Commodities,2020,3,Monday,1.0
HAL,Long,2020-03-10,7.99,8.8,2020-03-10,10.13,Energy,2020,3,Tuesday,0.0
FISV,Short,2019-09-19,105.25,99.0,2020-03-09,5.94,Equity / Other,2019,9,Thursday,172.0
ETH/USD,Long,2020-03-01,214.85,238.15,2020-03-06,10.85,Crypto,2020,3,Sunday,5.0
USLV,Long,2020-02-28,70.25,75.5,2020-03-03,7.47,Equity / Other,2020,2,Friday,4.0
OXY,Long,2020-02-27,31.75,34.25,2020-03-03,7.87,Energy,2020,2,Thursday,5.0
GOOGL,Long,2020-02-28,1275.0,1403.0,2020-03-03,10.04,Communication Services,2020,2,Friday,4.0
SSO,Long,2020-02-28,121.5,130.75,2020-03-02,7.57,Equity / Other,2020,2,Friday,3.0
JPM,Long,2020-02-28,115.48,121.48,2020-03-02,5.2,Financial Services,2020,2,Friday,3.0
SQQQ,Long,2019-10-04,26.4,26.3,2020-02-28,-0.38,Leveraged ETF,2019,10,Friday,147.0
ROST,Short,2019-10-17,112.78,108.0,2020-02-28,4.24,Consumer Cyclical,2019,10,Thursday,134.0
QLD,Long,2020-02-28,105.3,116.0,2020-02-28,10.16,Equity / Other,2020,2,Friday,0.0
SOXS,Long,2019-10-11,27.79,25.35,2020-02-27,-8.78,Leveraged ETF,2019,10,Friday,139.0
FAZ,Long,2019-01-16,35.28,33.85,2020-02-27,-4.05,Leveraged ETF,2019,1,Wednesday,407.0
SPXU,Long,2019-01-15,22.9,23.2,2020-02-27,1.31,Equity / Other,2019,1,Tuesday,408.0
ASML,Short,2019-12-05,288.65,277.65,2020-02-27,3.81,Technology,2019,12,Thursday,84.0
ETH/USD,Long,2020-02-25,217.0,237.75,2020-02-27,9.56,Crypto,2020,2,Tuesday,2.0
AAL,Long,2020-02-27,19.95,22.45,2020-02-27,12.53,Industrials,2020,2,Thursday,0.0
AAPL,Short,2019-08-13,257.5,269.8,2020-02-27,-4.77,Technology,2019,8,Tuesday,198.0
BAC,Short,2019-10-22,32.15,31.95,2020-02-25,0.6,Financial Services,2019,10,Tuesday,126.0
KLAC,Short,2019-09-03,160.75,150.35,2020-02-25,6.47,Technology,2019,9,Tuesday,175.0
SDS,Long,2019-09-05,26.43,26.15,2020-02-25,-1.06,Equity / Other,2019,9,Thursday,173.0
BMY,Short,2019-12-13,64.22,61.72,2020-02-25,3.89,Healthcare,2019,12,Friday,74.0
MA,Short,2020-01-29,323.05,303.05,2020-02-25,6.19,Financial Services,2020,1,Wednesday,27.0
AMD,Short,2020-02-11,55.25,48.95,2020-02-24,11.4,Technology,2020,2,Tuesday,13.0
VXX,Long,2019-10-11,17.2,17.73,2020-02-24,3.08,Leveraged ETF,2019,10,Friday,136.0
NVDA,Short,2020-02-19,310.0,290.75,2020-02-21,6.21,Technology,2020,2,Wednesday,2.0
TVIX,Long,2020-02-05,43.52,48.85,2020-02-21,12.25,Equity / Other,2020,2,Wednesday,16.0
UCO,Long,2020-01-24,14.69,15.82,2020-02-20,7.69,Equity / Other,2020,1,Friday,27.0
UGAZ,Long,2020-01-17,53.9,52.08,2020-02-20,-3.37,Equity / Other,2020,1,Friday,34.0
TLRY,Long,2020-01-31,16.72,18.4,2020-02-19,10.05,Healthcare,2020,1,Friday,19.0
VERI,Long,2019-12-05,2.66,3.25,2020-02-18,22.18,Technology,2019,12,Thursday,75.0
SOHU,Long,2020-01-27,10.68,11.85,2020-02-07,10.96,Communication Services,2020,1,Monday,11.0
RIG,Long,2020-01-27,4.7,5.07,2020-02-05,7.87,Energy,2020,1,Monday,9.0
SLB,Long,2020-01-27,33.96,35.6,2020-02-05,4.83,Energy,2020,1,Monday,9.0
FB,Short,2020-01-09,217.55,204.85,2020-01-30,5.84,Equity / Other,2020,1,Thursday,21.0
AMD,Short,2020-01-22,51.48,46.98,2020-01-29,8.74,Technology,2020,1,Wednesday,7.0
LTC/USD,Long,2020-01-23,52.0,59.25,2020-01-27,13.94,Crypto,2020,1,Thursday,4.0
SOHU,Long,2020-01-23,11.13,12.2,2020-01-24,9.61,Communication Services,2020,1,Thursday,1.0
TVIX,Long,2020-01-16,39.95,44.5,2020-01-24,11.39,Equity / Other,2020,1,Thursday,8.0
BABA,Short,2020-01-08,220.1,212.9,2020-01-24,3.27,Consumer Cyclical,2020,1,Wednesday,16.0
LABD,Long,2020-01-15,11.67,13.33,2020-01-23,14.22,Leveraged ETF,2020,1,Wednesday,8.0
LTC/USD,Long,2019-09-24,53.5,63.15,2020-01-17,18.04,Crypto,2019,9,Tuesday,115.0
ACB,Long,2020-01-06,1.7,1.89,2020-01-15,11.18,Healthcare,2020,1,Monday,9.0
TUP,Long,2020-01-02,8.45,9.15,2020-01-15,8.28,Equity / Other,2020,1,Thursday,13.0
TLRY,Long,2019-11-25,17.92,18.77,2020-01-14,4.74,Healthcare,2019,11,Monday,50.0
ETH/USD,Long,2019-11-22,140.0,165.5,2020-01-14,18.21,Crypto,2019,11,Friday,53.0
MJ,Long,2019-12-04,16.92,17.84,2020-01-14,5.44,Equity / Other,2019,12,Wednesday,41.0
SOHU,Long,2019-05-20,14.13,13.82,2020-01-09,-2.19,Communication Services,2019,5,Monday,234.0
SCO,Long,2019-12-06,12.34,12.65,2020-01-08,2.51,Equity / Other,2019,12,Friday,33.0
WMT,Short,2019-10-17,120.0,116.4,2020-01-07,3.0,Consumer Defensive,2019,10,Thursday,82.0
LABD,Long,2019-12-16,11.82,12.82,2020-01-02,8.46,Leveraged ETF,2019,12,Monday,17.0
VXX,Long,2021-02-02,42.3,18.46,2021-12-30,-56.35,Leveraged ETF,2021,2,Tuesday,331.0
SDS,Long,2021-02-02,10.04,6.96,2021-12-30,-30.67,Equity / Other,2021,2,Tuesday,331.0
SOXS,Long,2021-10-26,4.49,3.32,2021-12-30,-26.05,Leveraged ETF,2021,10,Tuesday,65.0
SPXU,Long,2021-10-15,14.19,12.15,2021-12-30,-14.37,Equity / Other,2021,10,Friday,76.0
TMV,Long,2021-11-30,50.35,56.0,2021-12-30,11.22,Equity / Other,2021,11,Tuesday,30.0
T,Long,2021-09-08,24.56,24.9,2021-12-23,1.38,Communication Services,2021,9,Wednesday,106.0
BHP,Long,2021-09-17,55.2,60.15,2021-12-23,8.97,Basic Materials,2021,9,Friday,97.0
CHGG,Long,2021-11-15,27.91,31.35,2021-12-22,12.33,Consumer Defensive,2021,11,Monday,37.0
SE,Long,2021-12-17,201.54,226.64,2021-12-21,12.45,Consumer Cyclical,2021,12,Friday,4.0
SE,Short,2021-06-15,178.04,201.54,2021-12-17,-13.2,Consumer Cyclical,2021,6,Tuesday,185.0
QID,Long,2021-12-07,15.91,17.06,2021-12-17,7.23,Other/ETF,2021,12,Tuesday,10.0
BOIL,Long,2021-12-02,28.36,30.86,2021-12-13,8.82,Equity / Other,2021,12,Thursday,11.0
STNE,Long,2021-11-22,16.56,19.06,2021-12-09,15.1,Technology,2021,11,Monday,17.0
TNA,Long,2021-11-23,81.75,87.05,2021-12-07,6.48,Leveraged ETF,2021,11,Tuesday,14.0
VALE,Long,2021-11-03,12.04,13.27,2021-12-06,10.22,Basic Materials,2021,11,Wednesday,33.0
QID,Long,2021-10-18,16.89,17.25,2021-12-03,2.13,Other/ETF,2021,10,Monday,46.0
ORCL,Short,2021-10-11,95.6,88.1,2021-12-03,7.85,Technology,2021,10,Monday,53.0
AMD,Long,2021-11-16,156.0,142.0,2021-12-03,8.97,Technology,2021,11,Tuesday,17.0
UCO,Long,2021-12-02,62.75,70.05,2021-12-02,11.63,Equity / Other,2021,12,Thursday,0.0
IWM,Short,2021-01-06,207.65,214.25,2021-12-01,-3.18,Index ETF,2021,1,Wednesday,329.0
DRV,Long,2021-11-10,39.45,43.85,2021-12-01,11.15,Equity / Other,2021,11,Wednesday,21.0
GRMN,Short,2020-07-17,137.27,135.0,2021-11-30,1.65,Technology,2020,7,Friday,501.0
SCO,Long,2020-11-26,18.22,15.08,2021-11-26,-17.23,Equity / Other,2020,11,Thursday,365.0
TTM,Short,2021-10-13,33.55,30.2,2021-11-26,9.99,Equity / Other,2021,10,Wednesday,44.0
AXP,Short,2021-07-21,172.2,155.8,2021-11-26,9.52,Financial Services,2021,7,Wednesday,128.0
NET,Short,2021-10-15,194.63,179.63,2021-11-23,7.71,Technology,2021,10,Friday,39.0
CGC,Long,2021-09-10,14.33,15.88,2021-11-15,10.82,Healthcare,2021,9,Friday,66.0
DIDI,Long,2021-10-29,8.08,9.5,2021-11-12,17.57,Technology,2021,10,Friday,14.0
AFRM,Short,2021-10-12,150.35,139.35,2021-11-10,7.32,Financial Services,2021,10,Tuesday,29.0
GDX,Long,2021-06-17,31.24,34.44,2021-11-10,10.24,Equity / Other,2021,6,Thursday,146.0
AMD,Long,2021-11-08,152.05,138.9,2021-11-10,8.65,Technology,2021,11,Monday,2.0
HUYA,Long,2021-10-29,8.25,9.8,2021-11-09,18.79,Communication Services,2021,10,Friday,11.0
MRNA,Long,2021-11-05,218.25,243.25,2021-11-08,11.46,Healthcare,2021,11,Friday,3.0
BTC/USD,Short,2021-10-20,66100.0,64040.0,2021-11-02,3.12,Crypto,2021,10,Wednesday,13.0
KOLD,Long,2021-10-27,5.88,6.58,2021-10-28,11.91,Equity / Other,2021,10,Wednesday,1.0
KOLD,Long,2021-10-25,5.93,6.55,2021-10-26,10.46,Equity / Other,2021,10,Monday,1.0
TIGR,Long,2021-10-14,6.15,10.0,2021-10-21,15.77,Financial Services,2021,10,Thursday,7.0
KWEB,Long,2021-07-19,48.62,53.78,2021-10-20,10.61,Equity / Other,2021,7,Monday,93.0
BIDU,Long,2021-07-06,159.25,160.25,2021-10-20,13.19,Communication Services,2021,7,Tuesday,106.0
ICPT,Long,2021-07-13,15.33,17.21,2021-10-12,12.26,Equity / Other,2021,7,Tuesday,91.0
BABA,Long,2021-07-06,156.34,163.44,2021-10-11,4.54,Consumer Cyclical,2021,7,Tuesday,97.0
MOMO,Long,2021-10-04,10.19,11.59,2021-10-11,13.74,Communication Services,2021,10,Monday,7.0
DIDI,Long,2021-10-04,7.3,8.46,2021-10-11,15.89,Technology,2021,10,Monday,7.0
KOLD,Long,2021-10-04,6.2,7.7,2021-10-07,24.19,Equity / Other,2021,10,Monday,3.0
BEKE,Long,2021-10-04,17.59,19.39,2021-10-07,10.23,Real Estate,2021,10,Monday,3.0
PDD,Long,2021-10-04,84.26,95.26,2021-10-07,13.06,Consumer Cyclical,2021,10,Monday,3.0
TIGR,Long,2021-10-04,9.7,11.15,2021-10-07,14.95,Financial Services,2021,10,Monday,3.0
DOYU,Long,2021-10-04,2.98,3.42,2021-10-07,15.1,Communication Services,2021,10,Monday,3.0
QID,Long,2021-05-20,19.77,20.47,2021-10-04,3.54,Other/ETF,2021,5,Thursday,137.0
DXD,Long,2021-03-15,9.45,9.53,2021-10-04,0.85,Equity / Other,2021,3,Monday,203.0
BX,Short,2021-07-29,123.45,112.55,2021-10-04,8.83,Financial Services,2021,7,Thursday,67.0
SQQQ,Long,2021-08-10,7.75,8.85,2021-10-01,14.19,Leveraged ETF,2021,8,Tuesday,52.0
DKS,Short,2021-08-25,133.25,117.65,2021-10-01,11.71,Consumer Cyclical,2021,8,Wednesday,37.0
BEKE,Long,2021-09-24,16.42,18.42,2021-09-29,12.18,Real Estate,2021,9,Friday,5.0
KOLD,Long,2021-09-27,7.16,8.06,2021-09-29,12.57,Equity / Other,2021,9,Monday,2.0
SOXS,Long,2021-08-23,6.4,7.05,2021-09-29,10.16,Leveraged ETF,2021,8,Monday,37.0
TMV,Long,2021-06-17,58.68,62.58,2021-09-28,6.82,Equity / Other,2021,6,Thursday,103.0
DRV,Long,2021-05-25,4.88,5.04,2021-09-28,3.28,Equity / Other,2021,5,Tuesday,126.0
SPXU,Long,2021-09-23,16.16,17.09,2021-09-28,5.76,Equity / Other,2021,9,Thursday,5.0
BEKE,Long,2021-09-14,16.26,18.1,2021-09-22,11.32,Real Estate,2021,9,Tuesday,8.0
SPXU,Long,2021-07-22,16.29,17.54,2021-09-20,7.67,Equity / Other,2021,7,Thursday,60.0
GOOGL,Short,2021-08-30,2898.5,2738.5,2021-09-20,5.52,Communication Services,2021,8,Monday,21.0
KOLD,Long,2021-09-14,8.78,9.68,2021-09-17,10.25,Equity / Other,2021,9,Tuesday,3.0
TUR,Long,2021-03-22,22.75,24.05,2021-09-01,5.71,Equity / Other,2021,3,Monday,163.0
BEKE,Long,2021-08-30,17.35,19.85,2021-09-01,14.41,Real Estate,2021,8,Monday,2.0
YY,Long,2021-06-21,54.65,64.2,2021-08-26,17.48,Equity / Other,2021,6,Monday,66.0
LVS,Long,2021-08-19,37.5,41.4,2021-08-24,10.4,Consumer Cyclical,2021,8,Thursday,5.0
PDD,Long,2021-07-23,90.25,97.2,2021-08-24,7.7,Consumer Cyclical,2021,7,Friday,32.0
BEKE,Long,2021-08-03,18.03,19.43,2021-08-24,7.77,Real Estate,2021,8,Tuesday,21.0
XOM,Short,2021-02-24,57.87,53.12,2021-08-19,8.21,Energy,2021,2,Wednesday,176.0
SOXS,Long,2021-08-03,6.6,7.32,2021-08-17,10.91,Leveraged ETF,2021,8,Tuesday,14.0
GILD,Long,2021-08-11,65.11,71.35,2021-08-16,9.58,Healthcare,2021,8,Wednesday,5.0
MRNA,Short,2021-07-23,389.6,350.64,2021-08-16,10.0,Healthcare,2021,7,Friday,24.0
MU,Short,2020-12-04,78.59,71.3,2021-08-12,9.28,Technology,2020,12,Friday,251.0
AMD,Short,2021-08-04,118.25,111.9,2021-08-05,5.37,Technology,2021,8,Wednesday,1.0
FDX,Short,2021-05-03,303.09,276.903024,2021-08-02,8.64,Industrials,2021,5,Monday,91.0
JETS,Long,2021-07-19,21.58,23.02,2021-07-21,6.67,Equity / Other,2021,7,Monday,2.0
MRNA,Short,2021-07-20,333.75,289.75,2021-07-20,10.49,Healthcare,2021,7,Tuesday,0.0
TWM,Long,2021-06-01,13.63,15.0,2021-07-15,10.05,Equity / Other,2021,6,Tuesday,44.0
AMC,Short,2021-07-06,55.0,44.5,2021-07-07,19.1,Communication Services,2021,7,Tuesday,1.0
AMC,Short,2021-06-23,58.35,48.95,2021-07-02,16.11,Communication Services,2021,6,Wednesday,9.0
SWBI,Short,2021-07-01,37.1,32.95,2021-07-02,11.19,Industrials,2021,7,Thursday,1.0
BIDU,Long,2021-04-26,208.2,208.4,2021-06-28,0.01,Communication Services,2021,4,Monday,63.0
TDOC,Long,2021-03-04,169.82,170.82,2021-06-28,0.59,Healthcare,2021,3,Thursday,116.0
VIAC,Long,2021-03-26,42.75,47.1,2021-06-28,10.18,Equity / Other,2021,3,Friday,94.0
BABA,Long,2021-06-09,214.28,230.58,2021-06-28,7.61,Consumer Cyclical,2021,6,Wednesday,19.0
VIPS,Long,2021-06-21,17.58,19.13,2021-06-24,8.82,Consumer Cyclical,2021,6,Monday,3.0
F,Short,2021-05-28,15.71,14.5,2021-06-18,7.7,Consumer Cyclical,2021,5,Friday,21.0
XHB,Short,2021-05-03,76.76,69.46,2021-06-17,9.51,Equity / Other,2021,5,Monday,45.0
CAT,Short,2020-11-10,215.1,208.4,2021-06-17,1.99,Industrials,2020,11,Tuesday,219.0
JPM,Short,2021-02-22,156.32,155.4,2021-06-15,0.59,Financial Services,2021,2,Monday,113.0
MOMO,Long,2021-05-28,14.05,15.35,2021-06-10,9.25,Communication Services,2021,5,Friday,13.0
GOTU,Long,2021-05-19,23.5,25.85,2021-05-20,10.0,Consumer Defensive,2021,5,Wednesday,1.0
BTC/USD,Long,2021-05-19,31000.0,41000.0,2021-05-19,32.26,Crypto,2021,5,Wednesday,0.0
ARRY,Long,2021-05-17,13.6,14.7,2021-05-19,8.09,Technology,2021,5,Monday,2.0
GOTU,Long,2021-05-14,23.72,26.16,2021-05-18,10.29,Consumer Defensive,2021,5,Friday,4.0
GLD,Long,2021-05-17,166.02,174.3,2021-11-25,4.99,Commodities,2021,5,Monday,192.0
ARRY,Long,2021-05-12,14.82,15.33,2021-05-13,3.44,Technology,2021,5,Wednesday,1.0
QID,Long,2021-04-05,23.5,25.83,2021-05-11,9.92,Other/ETF,2021,4,Monday,36.0
AMAT,Short,2021-04-01,141.15,126.85,2021-05-04,10.2,Technology,2021,4,Thursday,33.0
SOXS,Long,2021-04-05,8.25,10.3,2021-05-04,24.85,Leveraged ETF,2021,4,Monday,29.0
BNTX,Short,2021-05-03,202.25,180.75,2021-05-04,10.63,Healthcare,2021,5,Monday,1.0
GSX,Long,2021-03-29,29.42,32.42,2021-04-26,10.2,Equity / Other,2021,3,Monday,28.0
VIPS,Long,2021-03-24,28.28,31.55,2021-04-23,11.56,Consumer Cyclical,2021,3,Wednesday,30.0
TME,Long,2021-04-20,17.15,18.88,2021-04-22,10.09,Communication Services,2021,4,Tuesday,2.0
SQ,Short,2021-04-14,278.0,248.0,2021-04-19,10.79,Equity / Other,2021,4,Wednesday,5.0
AI,Long,2021-04-12,59.65,66.5,2021-04-14,11.48,Technology,2021,4,Monday,2.0
PFE,Long,2021-02-01,35.79,37.61,2021-04-13,5.09,Healthcare,2021,2,Monday,71.0
BABA,Long,2021-03-25,224.95,241.55,2021-04-12,7.38,Consumer Cyclical,2021,3,Thursday,18.0
AI,Long,2021-03-24,64.6,71.1,2021-04-01,10.06,Technology,2021,3,Wednesday,8.0
TME,Long,2021-03-26,16.95,19.5,2021-03-26,15.04,Communication Services,2021,3,Friday,0.0
VIAC,Short,2021-03-17,94.55,84.1,2021-03-24,11.05,Equity / Other,2021,3,Wednesday,7.0
RLX,Long,2021-03-24,7.95,8.85,2021-03-24,11.32,Consumer Defensive,2021,3,Wednesday,0.0
FAZ,Long,2021-03-18,31.7,35.05,2021-03-18,10.57,Leveraged ETF,2021,3,Thursday,0.0
VIAC,Short,2021-03-10,93.53,87.93,2021-03-17,5.99,Equity / Other,2021,3,Wednesday,7.0
GDX,Long,2021-02-26,30.95,33.6,2021-03-16,8.56,Equity / Other,2021,2,Friday,18.0
PYPL,Long,2021-03-05,224.85,251.25,2021-03-11,11.74,Financial Services,2021,3,Friday,6.0
SQ,Long,2021-03-05,200.0,222.05,2021-03-09,11.03,Equity / Other,2021,3,Friday,4.0
INSG,Long,2021-03-02,9.92,10.46,2021-03-09,5.44,Technology,2021,3,Tuesday,7.0
AMZN,Short,2020-06-10,2938.17,2892.17,2021-03-05,1.57,Consumer Cyclical,2020,6,Wednesday,268.0
SMH,Short,2020-11-30,221.09,217.35,2021-03-05,1.7,Equity / Other,2020,11,Monday,95.0
RH,Short,2020-12-02,458.0,426.0,2021-03-05,6.99,Consumer Cyclical,2020,12,Wednesday,93.0
KLAC,Short,2020-11-12,286.74,282.74,2021-03-04,1.4,Technology,2020,11,Thursday,112.0
ROKU,Short,2020-12-21,377.5,347.5,2021-03-04,7.95,Communication Services,2020,12,Monday,73.0
PYPL,Short,2020-11-30,247.55,242.8,2021-03-04,1.92,Financial Services,2020,11,Monday,94.0
TWM,Long,2021-02-05,14.98,16.45,2021-03-04,9.81,Equity / Other,2021,2,Friday,27.0
TWTR,Short,2021-02-16,74.25,68.35,2021-03-04,7.95,Technology,2021,2,Tuesday,16.0
TSM,Short,2021-01-20,136.0,119.5,2021-03-04,12.13,Technology,2021,1,Wednesday,43.0
TLT,Long,2021-02-25,137.6,143.45,2021-02-26,4.25,Equity / Other,2021,2,Thursday,1.0
Z,Short,2020-12-10,161.62,151.42,2021-02-25,6.31,Communication Services,2020,12,Thursday,77.0
QID,Long,2021-02-02,25.38,28.03,2021-02-25,10.44,Other/ETF,2021,2,Tuesday,23.0
QCOM,Short,2020-11-18,150.5,134.6,2021-02-23,10.57,Technology,2020,11,Wednesday,97.0
PINS,Short,2021-02-11,85.5,71.25,2021-02-23,16.66,Communication Services,2021,2,Thursday,12.0
SOXS,Long,2021-02-12,10.96,13.25,2021-02-23,20.09,Leveraged ETF,2021,2,Friday,11.0
FRO,Long,2021-02-03,6.12,6.74,2021-02-08,10.13,Energy,2021,2,Wednesday,5.0
MAC,Long,2021-02-02,12.21,13.45,2021-02-04,10.16,Real Estate,2021,2,Tuesday,2.0
XRT,Short,2020-12-09,79.25,75.95,2021-02-02,4.16,Equity / Other,2020,12,Wednesday,55.0
LIT,Short,2021-01-07,72.65,65.2,2021-01-29,10.25,Equity / Other,2021,1,Thursday,22.0
SFIX,Short,2021-01-25,103.75,92.75,2021-01-28,10.6,Consumer Cyclical,2021,1,Monday,3.0
ETSY,Short,2021-01-20,225.7,192.7,2021-01-27,14.62,Consumer Cyclical,2021,1,Wednesday,7.0
PLUG,Short,2021-01-26,75.25,63.85,2021-01-27,15.15,Industrials,2021,1,Tuesday,1.0
VXX,Long,2020-11-05,18.05,20.15,2021-01-27,11.7,Leveraged ETF,2020,11,Thursday,83.0
JPM,Short,2021-01-07,138.15,131.2,2021-01-25,5.03,Financial Services,2021,1,Thursday,18.0
ICPT,Long,2021-01-15,27.05,31.1,2021-01-25,14.97,Equity / Other,2021,1,Friday,10.0
PLUG,Short,2021-01-13,70.5,62.25,2021-01-15,11.7,Industrials,2021,1,Wednesday,2.0
FUBO,Long,2020-12-30,28.16,32.2,2021-01-12,14.35,Communication Services,2020,12,Wednesday,13.0
BABA,Long,2021-01-07,221.15,238.15,2021-01-08,7.69,Consumer Cyclical,2021,1,Thursday,1.0
FDX,Short,2020-08-12,239.87,245.87,2021-01-07,-2.5,Industrials,2020,8,Wednesday,148.0
QS,Long,2021-01-04,48.65,55.25,2021-01-05,13.57,Consumer Cyclical,2021,1,Monday,1.0
ICPT,Long,2020-12-07,28.67,31.12,2021-01-05,8.55,Equity / Other,2020,12,Monday,29.0
PTON,Short,2020-12-22,160.5,143.75,2021-01-04,10.44,Consumer Cyclical,2020,12,Tuesday,13.0
TGT,Long,2022-12-22,140.04,149.04,2022-12-29,6.43,Consumer Defensive,2022,12,Thursday,7.0
GILD,Short,2022-12-05,89.0,82.4,2022-12-20,7.42,Healthcare,2022,12,Monday,15.0
SDS,Long,2022-11-23,42.1,46.65,2022-12-20,10.81,Equity / Other,2022,11,Wednesday,27.0
SOXS,Long,2022-11-11,32.5,37.5,2022-12-19,15.38,Leveraged ETF,2022,11,Friday,38.0
IBN,Short,2022-11-30,23.48,21.68,2022-12-15,7.67,Financial Services,2022,11,Wednesday,15.0
TLT,Long,2022-03-25,110.31,108.45,2022-12-07,-1.69,Equity / Other,2022,3,Friday,257.0
MJ,Long,2022-06-22,6.05,6.62,2022-12-05,9.42,Equity / Other,2022,6,Wednesday,166.0
MSFT,Long,2022-09-16,236.22,255.7,2022-12-01,8.25,Technology,2022,9,Friday,76.0
NEM,Long,2022-07-21,45.26,49.36,2022-12-01,9.06,Basic Materials,2022,7,Thursday,133.0
SLV,Long,2022-04-28,18.9,20.88,2022-12-01,10.48,Equity / Other,2022,4,Thursday,217.0
TME,Long,2022-04-29,6.75,6.88,2022-11-30,1.93,Communication Services,2022,4,Friday,215.0
BABA,Long,2022-10-19,68.7,78.7,2022-11-15,14.56,Consumer Cyclical,2022,10,Wednesday,27.0
SE,Long,2022-08-24,51.71,55.2,2022-11-15,6.75,Consumer Cyclical,2022,8,Wednesday,83.0
META,Long,2022-05-09,116.47,116.99,2022-11-15,0.45,Communication Services,2022,5,Monday,190.0
BIDU,Long,2022-10-19,88.92,98.92,2022-11-15,11.25,Communication Services,2022,10,Wednesday,27.0
TDOC,Long,2022-08-31,29.4,32.05,2022-11-11,9.01,Healthcare,2022,8,Wednesday,72.0
KWEB,Long,2022-09-21,21.29,24.05,2022-11-11,12.96,Equity / Other,2022,9,Wednesday,51.0
WBD,Long,2022-11-09,9.64,10.98,2022-11-11,13.69,Communication Services,2022,11,Wednesday,2.0
OKTA,Long,2022-11-03,47.78,52.26,2022-11-11,9.38,Technology,2022,11,Thursday,8.0
ZM,Long,2022-08-31,77.5,89.64,2022-11-11,15.66,Technology,2022,8,Wednesday,72.0
AMD,Long,2022-09-20,62.65,67.3,2022-11-10,7.42,Technology,2022,9,Tuesday,51.0
IBB,Long,2022-01-27,125.0,133.56,2022-11-10,6.85,Equity / Other,2022,1,Thursday,287.0
INTC,Long,2022-09-16,26.45,29.44,2022-11-10,11.3,Technology,2022,9,Friday,55.0
NVDA,Long,2022-08-31,127.24,148.24,2022-11-08,16.5,Technology,2022,8,Wednesday,69.0
GSK,Long,2022-08-25,31.3,33.42,2022-10-28,6.77,Healthcare,2022,8,Thursday,64.0
JPM,Long,2022-03-01,128.7,126.1,2022-10-27,-2.02,Financial Services,2022,3,Tuesday,240.0
BOIL,Long,2022-10-21,33.22,36.3,2022-10-24,9.27,Equity / Other,2022,10,Friday,3.0
TXN,Short,2022-08-22,151.65,148.65,2022-10-13,2.02,Technology,2022,8,Monday,52.0
SCO,Long,2022-10-06,22.85,25.54,2022-10-12,11.77,Equity / Other,2022,10,Thursday,6.0
CSX,Short,2020-09-15,28.33,27.42,2022-10-06,3.21,Industrials,2020,9,Tuesday,751.0
OKTA,Long,2022-09-22,53.5,60.05,2022-10-04,12.24,Technology,2022,9,Thursday,12.0
FSLY,Long,2022-09-22,8.15,9.52,2022-10-04,16.81,Technology,2022,9,Thursday,12.0
BIIB,Long,2022-01-27,215.65,303.5,2022-09-28,40.47,Healthcare,2022,1,Thursday,244.0
UCO,Long,2022-09-26,25.22,27.9,2022-09-28,10.63,Equity / Other,2022,9,Monday,2.0
SDS,Long,2022-09-12,41.9,45.22,2022-09-13,7.92,Equity / Other,2022,9,Monday,1.0
QID,Long,2022-09-12,20.64,22.72,2022-09-13,10.08,Other/ETF,2022,9,Monday,1.0
ROKU,Long,2022-09-01,64.75,70.5,2022-09-09,8.88,Communication Services,2022,9,Thursday,8.0
NET,Long,2022-09-06,58.25,64.1,2022-09-09,10.0,Technology,2022,9,Tuesday,3.0
SHOP,Long,2022-09-01,30.05,34.25,2022-09-09,13.98,Technology,2022,9,Thursday,8.0
MSFT,Short,2022-08-10,288.4,261.7,2022-08-30,9.26,Technology,2022,8,Wednesday,20.0
AAPL,Short,2022-08-04,170.16,158.5,2022-08-30,6.85,Technology,2022,8,Thursday,26.0
TSLA,Short,2022-08-10,297.08,275.9,2022-08-30,7.13,Consumer Cyclical,2022,8,Wednesday,20.0
QID,Long,2022-07-11,19.93,21.55,2022-08-29,8.13,Other/ETF,2022,7,Monday,49.0
SDS,Long,2022-08-03,39.15,43.83,2022-08-29,11.95,Equity / Other,2022,8,Wednesday,26.0
BMY,Short,2022-04-01,75.75,66.75,2022-08-29,11.88,Healthcare,2022,4,Friday,150.0
KWEB,Long,2022-08-12,28.6,31.95,2022-08-26,11.71,Equity / Other,2022,8,Friday,14.0
SQ,Long,2022-04-22,72.17,87.0,2022-08-03,20.55,Equity / Other,2022,4,Friday,103.0
AEM,Long,2022-07-21,41.3,44.55,2022-08-02,7.87,Basic Materials,2022,7,Thursday,12.0
WBD,Long,2022-06-16,13.83,15.97,2022-08-02,15.47,Communication Services,2022,6,Thursday,47.0
PYPL,Long,2022-04-20,84.42,98.12,2022-08-02,16.23,Financial Services,2022,4,Wednesday,104.0
UNG,Short,2022-07-25,30.03,26.93,2022-08-01,10.32,Commodities,2022,7,Monday,7.0
FCX,Long,2022-07-06,25.62,29.15,2022-07-20,13.78,Basic Materials,2022,7,Wednesday,14.0
CVNA,Long,2022-07-11,21.75,25.25,2022-07-20,16.09,Consumer Cyclical,2022,7,Monday,9.0
ZM,Long,2022-07-14,97.4,107.4,2022-07-20,10.27,Technology,2022,7,Thursday,6.0
NET,Long,2022-07-14,44.3,52.8,2022-07-20,19.19,Technology,2022,7,Thursday,6.0
UUP PUTS,Long,2022-07-06,0.93,1.05,2022-07-19,12.9,Equity / Other,2022,7,Wednesday,13.0
NFLX,Long,2022-04-20,189.06,200.2,2022-07-19,5.89,Communication Services,2022,4,Wednesday,90.0
NVDA,Long,2022-07-01,146.25,169.05,2022-07-19,15.59,Technology,2022,7,Friday,18.0
SE,Long,2022-07-14,68.15,75.45,2022-07-19,10.67,Consumer Cyclical,2022,7,Thursday,5.0
MARA,Long,2022-06-06,7.61,9.31,2022-07-18,22.34,Financial Services,2022,6,Monday,42.0
TDOC,Long,2022-04-14,40.41,42.21,2022-07-07,4.45,Healthcare,2022,4,Thursday,84.0
XOM,Short,2022-02-01,91.15,81.05,2022-07-06,11.03,Energy,2022,2,Tuesday,155.0
SE,Long,2022-06-29,68.85,76.2,2022-07-05,10.68,Consumer Cyclical,2022,6,Wednesday,6.0
CVNA,Long,2022-06-29,22.3,26.3,2022-07-05,17.94,Consumer Cyclical,2022,6,Wednesday,6.0
ASML,Short,2020-05-20,455.38,446.25,2022-07-01,2.0,Technology,2020,5,Wednesday,772.0
SCO,Long,2022-06-29,20.2,23.05,2022-06-30,14.11,Equity / Other,2022,6,Wednesday,1.0
QCOM,Long,2022-06-16,122.25,136.25,2022-06-28,11.45,Technology,2022,6,Thursday,12.0
ZM,Long,2022-04-11,104.7,121.7,2022-06-24,16.24,Technology,2022,4,Monday,74.0
SNOW,Long,2022-05-10,134.97,148.67,2022-06-24,10.15,Technology,2022,5,Tuesday,45.0
STNE,Long,2022-06-14,8.05,9.15,2022-06-24,13.67,Technology,2022,6,Tuesday,10.0
UWM,Long,2022-06-16,29.25,32.15,2022-06-24,9.92,Equity / Other,2022,6,Thursday,8.0
SHOP,Long,2022-06-14,305.0,362.5,2022-06-23,18.69,Technology,2022,6,Tuesday,9.0
CVNA,Long,2022-06-07,22.27,27.07,2022-06-21,21.55,Consumer Cyclical,2022,6,Tuesday,14.0
CVX,Short,2022-03-02,162.15,145.95,2022-06-17,9.99,Energy,2022,3,Wednesday,107.0
SCO,Long,2022-06-02,19.22,21.72,2022-06-17,13.01,Equity / Other,2022,6,Thursday,15.0
UNG,Short,2022-05-16,29.66,24.95,2022-06-14,15.88,Commodities,2022,5,Monday,29.0
MPC,Short,2022-06-09,113.15,102.45,2022-06-13,9.46,Energy,2022,6,Thursday,4.0
SE,Long,2022-04-22,75.15,87.15,2022-06-07,15.97,Consumer Cyclical,2022,4,Friday,46.0
MARA,Long,2022-05-20,9.28,11.16,2022-05-31,20.26,Financial Services,2022,5,Friday,11.0
MSFT,Long,2022-05-12,257.7,273.6,2022-05-31,6.17,Technology,2022,5,Thursday,19.0
WMT,Long,2022-05-18,119.49,129.3,2022-05-31,8.21,Consumer Defensive,2022,5,Wednesday,13.0
AMZN,Long,2022-05-09,2218.0,2433.0,2022-05-31,9.69,Consumer Cyclical,2022,5,Monday,22.0
QLD,Long,2022-05-12,43.81,49.81,2022-05-27,13.7,Equity / Other,2022,5,Thursday,15.0
SMH,Long,2022-05-12,216.0,242.1,2022-05-27,12.08,Equity / Other,2022,5,Thursday,15.0
STNE,Long,2022-04-25,8.87,10.31,2022-05-27,16.24,Technology,2022,4,Monday,32.0
BIDU,Long,2022-04-20,120.1,135.1,2022-05-26,12.49,Communication Services,2022,4,Wednesday,36.0
IWM,Long,2022-05-12,169.75,183.41,2022-05-26,8.05,Index ETF,2022,5,Thursday,14.0
TGT,Long,2022-05-24,145.75,162.33,2022-05-26,11.38,Consumer Defensive,2022,5,Tuesday,2.0
ROKU,Long,2022-05-24,75.55,87.75,2022-05-26,16.15,Communication Services,2022,5,Tuesday,2.0
NET,Long,2022-05-24,50.1,56.05,2022-05-26,11.88,Technology,2022,5,Tuesday,2.0
CVNA,Long,2022-05-24,25.8,31.2,2022-05-25,20.93,Consumer Cyclical,2022,5,Tuesday,1.0
VZ,Long,2022-04-29,46.85,50.02,2022-05-24,6.77,Communication Services,2022,4,Friday,25.0
SOFI,Long,2022-04-13,6.94,7.64,2022-05-19,10.09,Financial Services,2022,4,Wednesday,36.0
AFRM,Long,2022-05-09,19.22,25.12,2022-05-13,30.7,Financial Services,2022,5,Monday,4.0
MSTR,Long,2022-05-12,158.0,206.0,2022-05-13,30.38,Technology,2022,5,Thursday,1.0
SHOP,Long,2022-05-09,350.25,401.25,2022-05-13,14.56,Technology,2022,5,Monday,4.0
DKNG,Long,2022-05-09,11.4,12.65,2022-05-13,10.97,Consumer Cyclical,2022,5,Monday,4.0
ARKK,Long,2022-05-06,39.25,43.25,2022-05-13,10.19,Equity / Other,2022,5,Friday,7.0
NVDA,Long,2022-05-12,156.8,175.1,2022-05-13,11.67,Technology,2022,5,Thursday,1.0
RBLX,Long,2022-04-20,29.0,31.05,2022-05-12,7.07,Communication Services,2022,4,Wednesday,22.0
CVNA,Long,2022-05-10,34.55,43.05,2022-05-12,24.6,Consumer Cyclical,2022,5,Tuesday,2.0
ROKU,Long,2022-05-10,78.65,90.15,2022-05-12,14.62,Communication Services,2022,5,Tuesday,2.0
MSTR,Long,2022-05-12,154.01,202.51,2022-05-12,31.49,Technology,2022,5,Thursday,0.0
AAPL,Short,2020-04-14,133.42,139.42,2022-05-12,-4.49,Technology,2020,4,Tuesday,758.0
UNG,Short,2022-04-05,26.16,24.04,2022-05-09,8.1,Commodities,2022,4,Tuesday,34.0
ROKU,Long,2022-04-26,93.75,101.75,2022-05-02,8.53,Communication Services,2022,4,Tuesday,6.0
BABA,Long,2022-04-20,87.85,101.85,2022-04-29,15.94,Consumer Cyclical,2022,4,Wednesday,9.0
CRM,Long,2022-04-26,170.0,184.25,2022-04-28,8.38,Technology,2022,4,Tuesday,2.0
FB,Long,2022-04-20,186.07,201.25,2022-04-27,8.16,Equity / Other,2022,4,Wednesday,7.0
SDS,Long,2022-03-21,37.05,40.65,2022-04-22,9.72,Equity / Other,2022,3,Monday,32.0
COST,Short,2022-03-29,584.75,555.25,2022-04-22,5.03,Consumer Defensive,2022,3,Tuesday,24.0
MOS,Short,2022-04-12,75.05,69.1,2022-04-21,7.93,Basic Materials,2022,4,Tuesday,9.0
QID,Long,2022-03-18,17.87,19.21,2022-04-11,7.5,Other/ETF,2022,3,Friday,24.0
AA,Short,2022-03-21,92.78,81.25,2022-04-11,12.43,Basic Materials,2022,3,Monday,21.0
TSLA,Short,2022-03-21,1094.15,1033.15,2022-04-06,5.88,Consumer Cyclical,2022,3,Monday,16.0
UVXY,Long,2022-03-29,12.56,14.5,2022-04-06,15.45,Leveraged ETF,2022,3,Tuesday,8.0
SOFI,Long,2022-03-07,9.8,10.18,2022-03-29,3.88,Financial Services,2022,3,Monday,22.0
FSLY,Long,2022-02-17,17.78,18.55,2022-03-29,4.33,Technology,2022,2,Thursday,40.0
ZM,Long,2022-01-18,113.75,125.5,2022-03-29,10.33,Technology,2022,1,Tuesday,70.0
SCO,Long,2022-03-21,5.36,5.9,2022-03-28,10.08,Equity / Other,2022,3,Monday,7.0
KWEB,Long,2022-01-27,30.25,32.65,2022-03-23,7.94,Equity / Other,2022,1,Thursday,55.0
BABA,Long,2021-11-18,107.9,121.05,2022-03-23,12.19,Consumer Cyclical,2021,11,Thursday,125.0
AFRM,Long,2022-02-11,40.25,47.15,2022-03-23,17.14,Financial Services,2022,2,Friday,40.0
NKE,Long,2022-03-15,117.95,137.25,2022-03-22,16.36,Consumer Cyclical,2022,3,Tuesday,7.0
PYPL,Long,2022-02-03,105.2,114.4,2022-03-18,8.75,Financial Services,2022,2,Thursday,43.0
FB,Long,2022-02-03,203.5,211.9,2022-03-18,4.13,Equity / Other,2022,2,Thursday,43.0
TDOC,Long,2022-03-04,63.75,67.25,2022-03-18,5.49,Healthcare,2022,3,Friday,14.0
RBLX,Long,2022-02-18,46.05,49.55,2022-03-18,7.6,Communication Services,2022,2,Friday,28.0
FUBO,Long,2022-03-07,7.25,8.2,2022-03-18,13.1,Communication Services,2022,3,Monday,11.0
TIGR,Long,2022-01-31,4.83,5.83,2022-03-18,20.7,Financial Services,2022,1,Monday,46.0
BIDU,Long,2022-01-31,137.75,158.25,2022-03-18,14.88,Communication Services,2022,1,Monday,46.0
PDD,Long,2022-02-22,41.64,45.24,2022-03-18,8.65,Consumer Cyclical,2022,2,Tuesday,24.0
AI,Long,2022-03-08,19.92,21.82,2022-03-18,9.54,Technology,2022,3,Tuesday,10.0
SE,Long,2022-03-04,96.35,110.35,2022-03-17,14.54,Consumer Cyclical,2022,3,Friday,13.0
BILI,Long,2022-02-22,24.96,27.5,2022-03-17,10.18,Communication Services,2022,2,Tuesday,23.0
PLTR,Long,2022-03-08,10.85,12.33,2022-03-17,13.64,Technology,2022,3,Tuesday,9.0
SCO,Long,2021-12-30,6.83,7.22,2022-03-15,5.71,Equity / Other,2021,12,Thursday,75.0
SQ,Long,2022-03-07,95.75,107.0,2022-03-09,11.75,Equity / Other,2022,3,Monday,2.0
DB,Long,2022-03-07,9.84,10.96,2022-03-09,11.38,Financial Services,2022,3,Monday,2.0
ING,Long,2022-03-07,9.4,10.52,2022-03-09,11.92,Financial Services,2022,3,Monday,2.0
AA,Short,2022-03-04,88.1,78.1,2022-03-08,11.35,Basic Materials,2022,3,Friday,4.0
AI,Long,2022-02-18,19.75,24.6,2022-03-03,24.56,Technology,2022,2,Friday,13.0
TDOC,Long,2022-01-13,63.3,81.3,2022-02-28,28.44,Healthcare,2022,1,Thursday,46.0
PLTR,Long,2022-02-18,10.21,12.05,2022-02-25,18.02,Technology,2022,2,Friday,7.0
SE,Long,2022-02-18,120.62,138.12,2022-02-25,14.51,Consumer Cyclical,2022,2,Friday,7.0
PAYX,Short,2020-11-17,107.65,111.28,2022-02-24,-3.37,Technology,2020,11,Tuesday,464.0
HD,Short,2020-05-05,284.21,296.32,2022-02-24,-4.26,Consumer Cyclical,2020,5,Tuesday,660.0
TSLA,Short,2020-05-05,732.42,699.0,2022-02-24,4.56,Consumer Cyclical,2020,5,Tuesday,660.0
GLD,Long,2021-06-16,169.35,183.48,2022-02-24,8.34,Commodities,2021,6,Wednesday,253.0
SOFI,Long,2022-02-23,9.35,10.29,2022-02-24,10.05,Financial Services,2022,2,Wednesday,1.0
SQ,Long,2022-02-18,90.27,116.0,2022-02-24,28.5,Equity / Other,2022,2,Friday,6.0
WDAY,Short,2021-05-28,237.5,218.5,2022-02-23,8.0,Technology,2021,5,Friday,271.0
TGT,Short,2021-08-16,213.2,195.2,2022-02-23,8.44,Consumer Defensive,2021,8,Monday,191.0
NKE,Short,2021-09-09,147.84,138.54,2022-02-23,6.29,Consumer Cyclical,2021,9,Thursday,167.0
CLOV,Long,2022-02-23,1.98,2.58,2022-02-23,30.3,Healthcare,2022,2,Wednesday,0.0
GDX,Long,2021-12-02,30.2,34.75,2022-02-22,15.07,Equity / Other,2021,12,Thursday,82.0
ROKU,Long,2022-02-18,104.85,120.25,2022-02-22,14.68,Communication Services,2022,2,Friday,4.0
SQ,Long,2022-02-03,101.65,116.05,2022-02-10,14.17,Equity / Other,2022,2,Thursday,7.0
TWTR,Long,2022-01-21,35.12,38.75,2022-02-10,10.34,Technology,2022,1,Friday,20.0
SE,Long,2022-01-13,147.96,166.5,2022-02-09,12.53,Consumer Cyclical,2022,1,Thursday,27.0
VIAC,Long,2022-01-21,31.6,34.8,2022-02-09,10.13,Equity / Other,2022,1,Friday,19.0
MARA,Long,2022-02-03,21.33,25.1,2022-02-07,17.68,Financial Services,2022,2,Thursday,4.0
PTON,Long,2022-01-13,29.12,33.35,2022-02-04,14.35,Consumer Cyclical,2022,1,Thursday,22.0
TNA,Long,2022-01-21,57.27,65.2,2022-02-02,13.85,Leveraged ETF,2022,1,Friday,12.0
PLTR,Long,2022-01-21,12.86,14.43,2022-02-01,12.21,Technology,2022,1,Friday,11.0
NVDA,Long,2022-01-24,221.3,253.07,2022-02-01,14.34,Technology,2022,1,Monday,8.0
AFRM,Long,2022-01-14,58.07,67.22,2022-02-01,15.76,Financial Services,2022,1,Friday,18.0
SQ,Long,2022-01-14,113.36,127.45,2022-02-01,12.43,Equity / Other,2022,1,Friday,18.0
MARA,Long,2022-01-18,21.77,24.87,2022-02-01,14.24,Financial Services,2022,1,Tuesday,14.0
AI,Long,2022-01-21,24.3,26.65,2022-02-01,9.67,Technology,2022,1,Friday,11.0
FUBO,Long,2022-01-21,9.57,11.47,2022-02-01,19.85,Communication Services,2022,1,Friday,11.0
FSLY,Long,2022-01-21,26.97,29.6,2022-02-01,9.75,Technology,2022,1,Friday,11.0
PDD,Long,2022-01-27,51.2,57.8,2022-01-31,12.89,Consumer Cyclical,2022,1,Thursday,4.0
BILI,Long,2022-01-27,30.25,34.25,2022-01-31,13.22,Communication Services,2022,1,Thursday,4.0
CPNG,Long,2022-01-21,17.8,20.75,2022-01-31,16.57,Consumer Cyclical,2022,1,Friday,10.0
BITO,Long,2022-01-24,21.1,24.15,2022-01-26,14.46,Equity / Other,2022,1,Monday,2.0
DKNG,Long,2022-01-21,18.92,22.22,2022-01-26,17.44,Consumer Cyclical,2022,1,Friday,5.0
NVDA,Short,2020-04-16,201.04,221.3,2022-01-24,-9.58,Technology,2020,4,Thursday,648.0
ARKK,Long,2022-01-24,65.95,72.75,2022-01-24,10.31,Equity / Other,2022,1,Monday,0.0
NFLX,Long,2022-01-24,352.65,384.65,2022-01-24,9.07,Communication Services,2022,1,Monday,0.0
COST,Short,2021-09-07,477.84,483.35,2022-01-21,-1.15,Consumer Defensive,2021,9,Tuesday,136.0
EBAY,Short,2020-03-27,61.35,59.45,2022-01-21,3.1,Consumer Cyclical,2020,3,Friday,665.0
MSFT,Short,2021-07-02,303.11,297.45,2022-01-21,1.87,Technology,2021,7,Friday,203.0
CMG,Short,2020-08-21,1417.38,1373.38,2022-01-21,3.1,Consumer Cyclical,2020,8,Friday,518.0
SMH,Short,2021-06-15,288.49,272.95,2022-01-21,5.39,Equity / Other,2021,6,Tuesday,220.0
DXD,Long,2021-12-30,40.0,45.3,2022-01-21,13.25,Equity / Other,2021,12,Thursday,22.0
CROX,Short,2020-11-23,122.13,111.33,2022-01-20,8.84,Consumer Cyclical,2020,11,Monday,423.0
QID,Long,2021-12-23,15.78,18.32,2022-01-20,16.1,Other/ETF,2021,12,Thursday,28.0
UVXY,Long,2021-12-30,12.35,14.55,2022-01-20,17.81,Leveraged ETF,2021,12,Thursday,21.0
PDD,Long,2021-12-02,59.7,65.9,2022-01-19,10.39,Consumer Cyclical,2021,12,Thursday,48.0
NEM,Long,2021-06-18,58.29,64.4,2022-01-19,10.48,Basic Materials,2021,6,Friday,215.0
VIAC,Long,2021-07-06,34.33,37.33,2022-01-18,8.74,Equity / Other,2021,7,Tuesday,196.0
DRV,Long,2021-12-07,35.02,39.4,2022-01-18,12.51,Equity / Other,2021,12,Tuesday,42.0
SE,Long,2022-01-05,178.83,197.38,2022-01-11,10.37,Consumer Cyclical,2022,1,Wednesday,6.0
AFRM,Long,2022-01-10,73.0,81.35,2022-01-11,11.44,Financial Services,2022,1,Monday,1.0
PTON,Long,2022-01-03,34.05,37.55,2022-01-11,10.28,Consumer Cyclical,2022,1,Monday,8.0
SQ,Long,2022-01-10,133.5,150.05,2022-01-11,12.4,Equity / Other,2022,1,Monday,1.0
TDOC,Long,2022-01-10,77.45,88.05,2022-01-11,13.69,Healthcare,2022,1,Monday,1.0
C,Long,2021-12-20,58.25,63.55,2022-01-03,9.1,Financial Services,2021,12,Monday,14.0
QID,Long,2023-01-17,17.7,10.68,2023-12-29,-39.66,Other/ETF,2023,1,Tuesday,346.0
ORLY,Short,2020-06-29,670.27,946.13,2023-12-29,-41.16,Consumer Cyclical,2020,6,Monday,1278.0
GOTU,Long,2021-05-21,14.31,3.68,2023-12-29,-74.28,Consumer Defensive,2021,5,Friday,952.0
ABIO,Long,2021-02-05,4.7,1.72,2023-12-29,-63.4,Equity / Other,2021,2,Friday,1057.0
RCON,Long,2021-06-11,2.43,0.24,2023-12-29,-90.12,Energy,2021,6,Friday,931.0
ROKU,Short,2023-11-20,101.02,89.82,2023-12-21,11.09,Communication Services,2023,11,Monday,31.0
F,Long,2023-08-10,10.84,11.79,2023-12-14,10.36,Consumer Cyclical,2023,8,Thursday,126.0
AA,Long,2023-08-16,25.87,28.5,2023-12-14,8.76,Basic Materials,2023,8,Wednesday,120.0
GIS,Long,2023-10-02,62.5,67.0,2023-12-13,7.2,Consumer Defensive,2023,10,Monday,72.0
WMT,Short,2023-09-14,165.38,149.95,2023-12-11,9.33,Consumer Defensive,2023,9,Thursday,88.0
BITI,Long,2023-12-06,12.61,13.65,2023-12-11,8.25,Equity / Other,2023,12,Wednesday,5.0
WBA,Long,2023-06-28,23.75,23.42,2023-12-08,-1.39,Equity / Other,2023,6,Wednesday,163.0
MRNA,Long,2023-12-06,75.56,82.52,2023-12-06,9.21,Healthcare,2023,12,Wednesday,0.0
LUV,Long,2023-09-13,24.9,26.76,2023-12-04,7.23,Industrials,2023,9,Wednesday,82.0
DISH,Long,2023-11-20,3.6,4.01,2023-12-04,11.39,Equity / Other,2023,11,Monday,14.0
NEM,Long,2023-08-14,37.34,41.14,2023-12-01,10.18,Basic Materials,2023,8,Monday,109.0
TLT,Long,2023-05-24,87.65,91.23,2023-11-22,4.12,Equity / Other,2023,5,Wednesday,182.0
AMAT,Short,2023-11-14,153.65,142.65,2023-11-17,7.16,Technology,2023,11,Tuesday,3.0
ZM,Long,2023-10-25,60.92,65.27,2023-11-15,7.14,Technology,2023,10,Wednesday,21.0
KWEB,Long,2023-10-03,26.83,29.05,2023-11-15,8.27,Equity / Other,2023,10,Tuesday,43.0
MMM,Long,2023-10-04,88.0,95.25,2023-11-14,8.24,Industrials,2023,10,Wednesday,41.0
CCI,Long,2023-08-16,94.51,102.01,2023-11-14,7.94,Real Estate,2023,8,Wednesday,90.0
UAL,Long,2023-10-18,36.7,39.5,2023-11-14,7.63,Industrials,2023,10,Wednesday,27.0
TWLO,Long,2023-10-06,55.15,60.15,2023-11-09,9.07,Technology,2023,10,Friday,34.0
CHWY,Long,2023-09-13,18.64,20.95,2023-11-03,12.39,Consumer Cyclical,2023,9,Wednesday,51.0
PYPL,Long,2023-10-27,51.0,55.79,2023-11-03,9.39,Financial Services,2023,10,Friday,7.0
TGT,Long,2023-10-05,105.4,114.0,2023-11-03,8.16,Consumer Defensive,2023,10,Thursday,29.0
TDOC,Long,2023-08-14,17.14,17.9,2023-11-03,4.43,Healthcare,2023,8,Monday,81.0
PARA,Long,2023-10-26,10.69,11.75,2023-11-02,7.21,Equity / Other,2023,10,Thursday,7.0
M,Long,2023-08-24,11.64,12.34,2023-11-02,6.01,Consumer Cyclical,2023,8,Thursday,70.0
TDOC,Long,2023-08-14,17.14,17.23,2023-11-02,0.53,Healthcare,2023,8,Monday,80.0
META,Short,2023-10-06,326.58,288.75,2023-10-26,11.58,Communication Services,2023,10,Friday,20.0
VIXY,Long,2023-04-17,26.85,27.3,2023-10-23,1.68,Equity / Other,2023,4,Monday,189.0
VXX,Long,2023-06-13,26.26,26.89,2023-10-20,2.4,Leveraged ETF,2023,6,Tuesday,129.0
ITB,Short,2023-04-21,77.23,72.35,2023-10-20,6.32,Equity / Other,2023,4,Friday,182.0
TSLA,Short,2023-10-10,266.95,247.01,2023-10-18,7.47,Consumer Cyclical,2023,10,Tuesday,8.0
DG,Long,2023-09-25,107.25,116.51,2023-10-17,8.63,Consumer Defensive,2023,9,Monday,22.0
GOLD,Long,2023-10-05,14.3,15.6,2023-10-13,9.09,Financial Services,2023,10,Thursday,8.0
AG,Long,2023-10-02,4.87,5.4,2023-10-13,10.88,Basic Materials,2023,10,Monday,11.0
HSY,Long,2023-10-05,196.7,194.36,2023-10-11,-1.19,Consumer Defensive,2023,10,Thursday,6.0
SQ,Long,2023-08-14,44.2,47.27,2023-10-11,6.95,Equity / Other,2023,8,Monday,58.0
SEDG,Long,2023-10-09,118.39,126.63,2023-10-10,6.96,Technology,2023,10,Monday,1.0
UCO,Long,2023-10-05,30.35,32.47,2023-10-09,6.99,Equity / Other,2023,10,Thursday,4.0
ROKU,Long,2023-09-26,68.2,75.16,2023-10-09,10.21,Communication Services,2023,9,Tuesday,13.0
UNG,Long,2023-08-15,6.89,7.25,2023-10-05,5.23,Commodities,2023,8,Tuesday,51.0
CAT,Short,2023-08-10,286.71,265.41,2023-10-04,7.43,Industrials,2023,8,Thursday,55.0
SCO,Long,2023-09-15,16.3,18.12,2023-10-04,11.17,Equity / Other,2023,9,Friday,19.0
XLE,Short,2023-09-07,91.73,85.01,2023-10-04,7.33,Equity / Other,2023,9,Thursday,27.0
KBH,Short,2023-04-11,49.31,44.24,2023-10-03,10.28,Consumer Cyclical,2023,4,Tuesday,175.0
MCD,Short,2022-11-03,281.1,255.34,2023-10-03,9.16,Consumer Cyclical,2022,11,Thursday,334.0
JPM,Short,2022-11-11,146.04,142.87,2023-10-03,2.13,Financial Services,2022,11,Friday,326.0
SDS,Long,2023-03-31,35.99,38.31,2023-10-03,6.45,Equity / Other,2023,3,Friday,186.0
MNST,Short,2023-05-09,59.1,53.5,2023-09-27,9.48,Consumer Defensive,2023,5,Tuesday,141.0
TSLA,Short,2023-08-31,260.16,238.75,2023-09-27,8.23,Consumer Cyclical,2023,8,Thursday,27.0
SQQQ,Long,2023-08-29,18.8,20.88,2023-09-26,11.06,Leveraged ETF,2023,8,Tuesday,28.0
DXD,Long,2023-07-25,41.69,38.09,2023-09-25,9.29,Equity / Other,2023,7,Tuesday,62.0
SE,Long,2023-08-23,36.85,40.9,2023-09-25,10.99,Consumer Cyclical,2023,8,Wednesday,33.0
NFLX,Short,2023-08-30,436.05,385.25,2023-09-21,12.11,Communication Services,2023,8,Wednesday,22.0
BA,Short,2023-01-11,223.29,200.85,2023-09-21,10.02,Industrials,2023,1,Wednesday,253.0
SOXS,Long,2023-08-29,9.48,10.85,2023-09-15,14.45,Leveraged ETF,2023,8,Tuesday,17.0
ORCL,Short,2023-05-30,113.18,107.5,2023-09-12,5.02,Technology,2023,5,Tuesday,105.0
CGC,Long,2021-11-17,7.7,1.1,2023-09-11,-85.71,Healthcare,2021,11,Wednesday,663.0
MJ,Long,2022-12-19,3.79,4.1,2023-09-08,8.18,Equity / Other,2022,12,Monday,263.0
RBLX,Long,2023-08-24,26.45,28.45,2023-08-31,7.56,Communication Services,2023,8,Thursday,7.0
VZ,Long,2023-07-17,31.99,34.49,2023-08-29,7.81,Communication Services,2023,7,Monday,43.0
MRNA,Long,2023-08-08,99.75,109.83,2023-08-21,10.11,Healthcare,2023,8,Tuesday,13.0
NFLX,Short,2023-05-26,438.0,399.2,2023-08-18,8.68,Communication Services,2023,5,Friday,84.0
DE,Short,2023-07-24,445.05,399.99,2023-08-18,10.12,Industrials,2023,7,Monday,25.0
META,Short,2023-05-26,299.97,277.94,2023-08-18,7.34,Communication Services,2023,5,Friday,84.0
KBH,Short,2023-04-11,49.31,48.6,2023-08-18,1.44,Consumer Cyclical,2023,4,Tuesday,129.0
SQQQ,Long,2023-06-13,18.69,20.59,2023-08-17,10.17,Leveraged ETF,2023,6,Tuesday,65.0
TSLA,Short,2023-06-08,260.98,234.7,2023-08-15,10.07,Consumer Cyclical,2023,6,Thursday,68.0
DAL,Short,2023-07-03,47.65,42.99,2023-08-15,9.78,Industrials,2023,7,Monday,43.0
SOXS,Long,2023-05-26,9.52,10.59,2023-08-11,12.42,Leveraged ETF,2023,5,Friday,77.0
UNG,Long,2023-03-10,7.24,8.11,2023-08-09,12.02,Commodities,2023,3,Friday,152.0
ABNB,Short,2023-07-31,152.75,142.35,2023-08-03,6.81,Consumer Cyclical,2023,7,Monday,3.0
SE,Long,2023-06-22,59.52,66.58,2023-07-31,11.86,Consumer Cyclical,2023,6,Thursday,39.0
NFLX,Short,2023-05-26,438.0,428.5,2023-07-21,2.17,Communication Services,2023,5,Friday,56.0
TDOC,Long,2023-07-07,22.55,25.33,2023-07-13,12.33,Healthcare,2023,7,Friday,6.0
NEM,Long,2023-05-31,39.99,44.9,2023-07-12,12.28,Basic Materials,2023,5,Wednesday,42.0
HSY,Short,2023-04-27,268.9,241.04,2023-07-11,10.35,Consumer Defensive,2023,4,Thursday,75.0
DISH,Long,2023-06-27,5.91,6.52,2023-06-27,10.31,Equity / Other,2023,6,Tuesday,0.0
PYPL,Long,2023-05-15,62.35,68.5,2023-06-20,9.86,Financial Services,2023,5,Monday,36.0
FL,Long,2023-05-25,25.5,27.71,2023-06-16,8.67,Equity / Other,2023,5,Thursday,22.0
MMM,Long,2023-05-26,96.53,103.53,2023-06-15,7.25,Industrials,2023,5,Friday,20.0
SE,Long,2023-05-26,60.4,65.4,2023-06-13,8.28,Consumer Cyclical,2023,5,Friday,18.0
KRE,Long,2023-03-10,41.05,43.95,2023-06-07,7.01,Equity / Other,2023,3,Friday,89.0
LEVI,Long,2023-05-25,12.85,14.01,2023-06-06,9.03,Consumer Cyclical,2023,5,Thursday,12.0
JD,Long,2023-05-31,31.6,34.66,2023-06-01,9.68,Consumer Cyclical,2023,5,Wednesday,1.0
DKS,Short,2023-04-11,139.4,124.3,2023-05-23,10.83,Consumer Cyclical,2023,4,Tuesday,42.0
ZM,Long,2023-05-09,62.87,68.72,2023-05-18,9.31,Technology,2023,5,Tuesday,9.0
DISH,Long,2023-05-12,6.09,6.92,2023-05-17,13.63,Equity / Other,2023,5,Friday,5.0
XOM,Short,2023-04-04,116.65,103.85,2023-05-16,10.97,Energy,2023,4,Tuesday,42.0
JD,Long,2023-04-25,33.7,38.0,2023-05-15,12.86,Consumer Cyclical,2023,4,Tuesday,20.0
AEM,Short,2023-04-12,58.1,56.22,2023-05-12,3.24,Basic Materials,2023,4,Wednesday,30.0
ZSL,Long,2023-04-13,15.9,18.15,2023-05-11,15.15,Equity / Other,2023,4,Thursday,28.0
SBUX,Short,2023-04-27,116.65,103.95,2023-05-03,6.9,Consumer Cyclical,2023,4,Thursday,6.0
T,Short,2022-10-27,18.62,17.06,2023-05-02,8.38,Communication Services,2022,10,Thursday,187.0
BAX,Long,2023-03-08,39.25,43.2,2023-04-13,10.06,Healthcare,2023,3,Wednesday,36.0
AMGN,Long,2023-03-01,231.25,253.05,2023-04-05,9.43,Healthcare,2023,3,Wednesday,35.0
SLV,Long,2023-02-15,19.78,22.15,2023-03-31,11.98,Equity / Other,2023,2,Wednesday,44.0
BABA,Long,2023-02-23,86.03,95.53,2023-03-28,11.04,Consumer Cyclical,2023,2,Thursday,33.0
SBNY,Long,2023-03-09,91.0,0.58,2023-03-28,-99.95,Financial Services,2023,3,Thursday,19.0
UCO,Long,2023-03-15,21.27,23.82,2023-03-22,11.99,Equity / Other,2023,3,Wednesday,7.0
GLD,Long,2023-02-17,16.46,18.16,2023-03-17,10.33,Commodities,2023,2,Friday,28.0
GDX,Long,2023-02-24,26.75,30.07,2023-03-17,11.04,Equity / Other,2023,2,Friday,21.0
XOM,Short,2022-10-06,110.58,100.45,2023-03-15,9.16,Energy,2022,10,Thursday,160.0
AAL,Short,2023-01-11,16.07,14.5,2023-03-14,10.83,Industrials,2023,1,Wednesday,62.0
ING,Short,2023-01-13,13.73,12.28,2023-03-13,10.56,Financial Services,2023,1,Friday,59.0
CAT,Short,2022-11-23,249.0,225.25,2023-03-13,10.75,Industrials,2022,11,Wednesday,110.0
TSLA,Short,2023-01-30,197.53,171.47,2023-03-10,13.19,Consumer Cyclical,2023,1,Monday,39.0
VIXY,Long,2023-01-13,9.22,11.15,2023-03-10,20.93,Equity / Other,2023,1,Friday,56.0
SDS,Long,2023-01-11,40.49,45.63,2023-03-10,11.87,Equity / Other,2023,1,Wednesday,58.0
DXD,Long,2022-11-08,42.25,46.96,2023-03-10,11.15,Equity / Other,2022,11,Tuesday,122.0
GRND,Long,2022-11-30,5.9,7.05,2023-03-06,19.49,Technology,2022,11,Wednesday,96.0
BOIL,Long,2023-01-13,6.07,6.52,2023-02-27,7.41,Equity / Other,2023,1,Friday,45.0
NFLX,Short,2023-01-26,368.68,324.68,2023-02-23,11.94,Communication Services,2023,1,Thursday,28.0
AMD,Short,2023-02-01,85.01,78.11,2023-02-17,8.12,Technology,2023,2,Wednesday,16.0
COIN,Short,2023-02-02,75.5,63.3,2023-02-09,16.15,Financial Services,2023,2,Thursday,7.0
AMZN,Long,2022-09-16,105.82,109.35,2023-02-02,3.9,Consumer Cyclical,2022,9,Friday,139.0
IQ,Long,2021-03-25,7.93,7.8,2023-02-02,-1.64,Communication Services,2021,3,Thursday,679.0
TLRY,Long,2022-12-15,3.18,3.52,2023-02-02,10.69,Healthcare,2022,12,Thursday,49.0
SNOW,Long,2022-12-16,139.41,156.85,2023-01-27,12.51,Technology,2022,12,Friday,42.0
TSLA,Long,2022-12-21,120.33,137.33,2023-01-18,14.3,Consumer Cyclical,2022,12,Wednesday,28.0
ZIM,Long,2023-01-05,16.84,18.52,2023-01-18,9.98,Industrials,2023,1,Thursday,13.0
ZM,Long,2022-12-27,65.49,71.2,2023-01-18,8.72,Technology,2022,12,Tuesday,22.0
CRWD,Long,2022-12-27,101.55,107.05,2023-01-18,5.42,Technology,2022,12,Tuesday,22.0
TDOC,Long,2022-12-20,25.82,28.52,2023-01-18,10.46,Healthcare,2022,12,Tuesday,29.0
BOIL,Long,2023-01-10,11.15,12.9,2023-01-12,15.7,Equity / Other,2023,1,Tuesday,2.0
TLT,Long,2022-12-27,100.52,107.35,2023-01-12,6.8,Equity / Other,2022,12,Tuesday,16.0
EWZ,Long,2022-12-19,26.7,30.0,2023-01-12,12.36,Equity / Other,2022,12,Monday,24.0
PYPL,Long,2022-12-12,73.44,80.14,2023-01-12,9.12,Financial Services,2022,12,Monday,31.0
GLD,Long,2022-05-10,164.65,176.65,2023-01-12,7.29,Commodities,2022,5,Tuesday,247.0
RSX,Long,2022-03-01,8.02,0.0,2023-01-12,-100.0,Equity / Other,2022,3,Tuesday,317.0
ARKK,Long,2022-12-27,30.1,33.27,2023-01-10,10.53,Equity / Other,2022,12,Tuesday,14.0
SOFI,Long,2022-11-29,4.47,5.09,2023-01-10,13.87,Financial Services,2022,11,Tuesday,42.0
CRM,Long,2022-12-06,133.2,146.1,2023-01-09,9.68,Technology,2022,12,Tuesday,34.0
BOIL,Long,2023-01-06,11.43,13.36,2023-01-09,16.89,Equity / Other,2023,1,Friday,3.0
WDC,Long,2022-12-16,31.93,35.55,2023-01-06,11.34,Technology,2022,12,Friday,21.0
BX,Long,2022-12-20,73.15,78.85,2023-01-06,7.79,Financial Services,2022,12,Tuesday,17.0
GDX,Long,2022-07-05,26.52,31.42,2023-01-06,18.48,Equity / Other,2022,7,Tuesday,185.0
CVNA,Short,2024-09-16,209.25,204.75,2024-12-30,2.15,Consumer Cyclical,2024,9,Monday,105.0
BITI,Long,2024-12-16,20.98,24.09,2024-12-20,14.82,Equity / Other,2024,12,Monday,4.0
KRE,Short,2024-11-06,66.65,60.35,2024-12-19,9.45,Equity / Other,2024,11,Wednesday,43.0
VXX,Long,2024-12-04,41.68,50.4,2024-12-18,20.92,Leveraged ETF,2024,12,Wednesday,14.0
MVIS,Long,2024-12-18,0.84,1.06,2024-12-18,26.95,Technology,2024,12,Wednesday,0.0
IMMR,Long,2024-12-12,8.8,10.7,2024-12-17,21.6,Technology,2024,12,Thursday,5.0
FCEL,Long,2024-12-10,11.0,13.3,2024-12-11,20.91,Industrials,2024,12,Tuesday,1.0
CAVA,Short,2024-08-23,149.0,127.0,2024-12-10,14.77,Consumer Cyclical,2024,8,Friday,109.0
BITI,Long,2024-11-12,24.12,24.54,2024-11-26,1.74,Equity / Other,2024,11,Tuesday,14.0
SEDG,Long,2024-11-15,10.75,12.07,2024-11-22,12.28,Technology,2024,11,Friday,7.0
WOLF,Long,2024-11-19,6.35,7.5,2024-11-22,18.11,Technology,2024,11,Tuesday,3.0
KOLD,Long,2024-11-21,52.75,58.55,2024-11-22,11.0,Equity / Other,2024,11,Thursday,1.0
MSTR,Short,2024-11-21,541.0,477.0,2024-11-21,11.83,Technology,2024,11,Thursday,0.0
NU,Short,2024-08-20,14.49,13.35,2024-11-19,7.87,Financial Services,2024,8,Tuesday,91.0
LLY,Short,2024-01-09,725.13,720.0,2024-11-18,0.71,Healthcare,2024,1,Tuesday,314.0
ENPH,Long,2024-11-12,59.8,66.03,2024-11-14,10.42,Technology,2024,11,Tuesday,2.0
SSYS,Long,2024-07-12,8.91,10.31,2024-11-13,15.71,Technology,2024,7,Friday,124.0
GDX,Short,2024-04-09,38.2,36.5,2024-11-11,4.5,Equity / Other,2024,4,Tuesday,216.0
TIGR,Long,2024-10-25,6.15,7.41,2024-11-07,20.49,Financial Services,2024,10,Friday,13.0
SEDG,Long,2024-11-06,13.27,15.07,2024-11-07,13.56,Technology,2024,11,Wednesday,1.0
WBD,Long,2024-11-05,8.17,9.3,2024-11-07,13.83,Communication Services,2024,11,Tuesday,2.0
FSLY,Long,2024-11-05,7.3,8.02,2024-11-06,9.86,Technology,2024,11,Tuesday,1.0
SEDG,Long,2024-10-22,16.3,18.8,2024-11-04,15.34,Technology,2024,10,Tuesday,13.0
VST,Short,2024-10-16,135.75,115.0,2024-11-04,15.29,Utilities,2024,10,Wednesday,19.0
MSTR,Short,2024-10-29,265.0,225.0,2024-10-30,15.09,Technology,2024,10,Tuesday,1.0
JKS,Long,2024-10-17,20.2,23.6,2024-10-25,16.83,Technology,2024,10,Thursday,8.0
SOXS,Long,2024-09-25,19.02,20.88,2024-10-15,9.78,Leveraged ETF,2024,9,Wednesday,20.0
KWEB,Short,2024-09-27,36.83,32.63,2024-10-15,11.4,Equity / Other,2024,9,Friday,18.0
WOLF,Long,2024-07-31,12.0,15.3,2024-10-15,27.5,Technology,2024,7,Wednesday,76.0
WOLF,Long,2024-07-31,12.0,12.0,2024-10-11,0.0,Technology,2024,7,Wednesday,72.0
VST,Short,2024-10-03,133.5,116.7,2024-10-11,12.58,Utilities,2024,10,Thursday,8.0
KOLD,Long,2024-09-20,56.5,67.6,2024-10-10,19.65,Equity / Other,2024,9,Friday,20.0
KOLD,Long,2024-09-20,56.5,65.1,2024-10-09,15.22,Equity / Other,2024,9,Friday,19.0
IQ,Long,2024-07-30,2.64,3.12,2024-09-27,18.41,Communication Services,2024,7,Tuesday,59.0
BIDU,Long,2024-07-19,89.35,101.45,2024-09-26,13.54,Communication Services,2024,7,Friday,69.0
BABA,Long,2024-05-23,79.46,95.0,2024-09-24,19.56,Consumer Cyclical,2024,5,Thursday,124.0
SOXS,Long,2024-09-19,20.99,23.4,2024-09-20,11.48,Leveraged ETF,2024,9,Thursday,1.0
CVNA,Short,2024-08-16,152.05,126.45,2024-09-10,16.84,Consumer Cyclical,2024,8,Friday,25.0
JPM,Short,2024-08-26,219.28,201.7,2024-09-10,8.06,Financial Services,2024,8,Monday,15.0
VXX,Long,2024-08-13,46.81,52.5,2024-09-04,12.16,Leveraged ETF,2024,8,Tuesday,22.0
SOXS,Long,2024-08-14,23.07,25.8,2024-09-04,11.84,Leveraged ETF,2024,8,Wednesday,21.0
ANF,Short,2024-08-16,167.0,149.75,2024-08-28,10.32,Consumer Cyclical,2024,8,Friday,12.0
ZM,Long,2024-05-06,59.17,65.77,2024-08-22,11.15,Technology,2024,5,Monday,108.0
INTC,Long,2024-08-02,20.01,21.03,2024-08-15,5.1,Technology,2024,8,Friday,13.0
EWZ,Long,2024-06-03,28.64,30.36,2024-08-15,6.01,Equity / Other,2024,6,Monday,73.0
F,Long,2024-08-05,9.81,10.5,2024-08-15,7.03,Consumer Cyclical,2024,8,Monday,10.0
QCOM,Long,2024-08-01,156.82,169.85,2024-08-14,8.31,Technology,2024,8,Thursday,13.0
MU,Long,2024-07-25,94.32,100.85,2024-08-14,6.92,Technology,2024,7,Thursday,20.0
NKE,Long,2024-07-24,72.23,78.85,2024-08-13,9.17,Consumer Cyclical,2024,7,Wednesday,20.0
BOIL,Long,2024-07-26,9.0,10.06,2024-08-07,11.78,Equity / Other,2024,7,Friday,12.0
CRWD,Long,2024-08-02,208.45,240.45,2024-08-07,15.35,Technology,2024,8,Friday,5.0
ARM,Long,2024-08-05,101.75,117.5,2024-08-06,15.48,Technology,2024,8,Monday,1.0
AVGO,Long,2024-08-05,130.77,144.25,2024-08-05,10.31,Technology,2024,8,Monday,0.0
AMD,Long,2024-08-05,121.7,134.35,2024-08-05,10.39,Technology,2024,8,Monday,0.0
SMCI,Long,2024-08-05,536.0,592.25,2024-08-05,10.49,Technology,2024,8,Monday,0.0
SOXL,Long,2024-08-05,23.85,28.4,2024-08-05,19.08,Leveraged ETF,2024,8,Monday,0.0
CAT,Short,2024-03-15,346.39,307.1,2024-08-05,11.34,Industrials,2024,3,Friday,143.0
AXP,Short,2024-03-21,242.75,222.0,2024-08-05,8.55,Financial Services,2024,3,Thursday,137.0
SQQQ,Long,2023-11-08,15.55,11.73,2024-08-05,-24.56,Leveraged ETF,2023,11,Wednesday,271.0
RCL,Short,2024-04-29,148.9,132.0,2024-08-05,11.35,Consumer Cyclical,2024,4,Monday,98.0
KRE,Short,2024-07-17,56.95,51.65,2024-08-05,9.31,Equity / Other,2024,7,Wednesday,19.0
CVNA,Short,2024-07-29,135.0,123.0,2024-08-05,8.89,Consumer Cyclical,2024,7,Monday,7.0
SDS,Long,2023-11-06,34.41,25.75,2024-08-05,-25.16,Equity / Other,2023,11,Monday,273.0
SPXS,Long,2023-11-20,10.96,9.23,2024-08-05,-15.78,Equity / Other,2023,11,Monday,259.0
SMCI,Short,2024-01-19,516.32,561.5,2024-08-05,-8.75,Technology,2024,1,Friday,199.0
VIXY,Long,2023-11-01,16.89,15.65,2024-08-02,-7.34,Equity / Other,2023,11,Wednesday,275.0
VXX,Long,2024-02-14,53.24,58.77,2024-08-02,10.39,Leveraged ETF,2024,2,Wednesday,170.0
QID,Long,2024-06-11,41.49,44.19,2024-08-02,6.51,Other/ETF,2024,6,Tuesday,52.0
KLAC,Short,2024-05-24,780.72,700.0,2024-08-02,10.34,Technology,2024,5,Friday,70.0
ANF,Short,2024-05-10,158.5,141.0,2024-08-01,11.04,Consumer Cyclical,2024,5,Friday,83.0
TLT,Long,2024-08-01,88.05,95.65,2024-08-01,8.63,Equity / Other,2024,8,Thursday,0.0
AMD,Long,2024-07-25,137.5,151.5,2024-07-31,10.18,Technology,2024,7,Thursday,6.0
BMY,Long,2024-05-24,41.25,48.35,2024-07-26,17.21,Healthcare,2024,5,Friday,63.0
HPE,Short,2024-06-13,21.8,19.54,2024-07-25,10.37,Technology,2024,6,Thursday,42.0
SOXS,Long,2024-06-05,22.1,25.32,2024-07-24,14.57,Leveraged ETF,2024,6,Wednesday,49.0
TSLA,Short,2024-07-02,247.8,221.8,2024-07-24,10.0,Consumer Cyclical,2024,7,Tuesday,22.0
SCO,Long,2024-06-10,15.96,17.16,2024-07-23,7.52,Equity / Other,2024,6,Monday,43.0
BOIL,Long,2024-07-15,10.65,11.82,2024-07-22,10.99,Equity / Other,2024,7,Monday,7.0
CRWD,Short,2023-12-15,337.95,275.0,2024-07-19,18.63,Technology,2023,12,Friday,217.0
DPZ,Short,2024-04-29,535.5,416.2,2024-07-18,22.28,Consumer Cyclical,2024,4,Monday,80.0
META,Short,2024-05-08,505.25,468.75,2024-07-17,7.23,Communication Services,2024,5,Wednesday,70.0
U,Long,2024-06-18,16.3,18.3,2024-07-17,12.27,Technology,2024,6,Tuesday,29.0
WOLF,Long,2024-06-25,21.84,25.24,2024-07-11,15.57,Technology,2024,6,Tuesday,16.0
BIDU,Long,2024-06-17,91.22,100.52,2024-07-10,10.2,Communication Services,2024,6,Monday,23.0
INTC,Long,2024-04-25,31.95,35.2,2024-07-09,10.17,Technology,2024,4,Thursday,75.0
CMG,Short,2024-06-26,65.97,59.3,2024-07-08,10.11,Consumer Cyclical,2024,6,Wednesday,12.0
KOLD,Long,2024-06-10,35.4,40.5,2024-06-10,14.12,Equity / Other,2024,6,Monday,0.0
DELL,Short,2024-05-15,154.0,143.0,2024-05-30,7.14,Technology,2024,5,Wednesday,15.0
CRM,Short,2023-02-01,230.04,213.04,2024-05-30,7.39,Technology,2023,2,Wednesday,484.0
KOLD,Long,2024-05-15,44.2,49.0,2024-05-29,10.86,Equity / Other,2024,5,Wednesday,14.0
SBUX,Long,2024-05-01,73.45,78.05,2024-05-20,6.26,Consumer Cyclical,2024,5,Wednesday,19.0
BA,Long,2024-04-15,169.5,188.2,2024-05-20,11.03,Industrials,2024,4,Monday,35.0
BABA,Long,2023-10-03,80.64,88.35,2024-05-17,9.56,Consumer Cyclical,2023,10,Tuesday,227.0
VFS,Long,2024-04-19,2.6,3.05,2024-05-06,17.31,Consumer Cyclical,2024,4,Friday,17.0
UNG,Long,2024-03-12,15.29,15.75,2024-05-02,3.01,Commodities,2024,3,Tuesday,51.0
BIIB,Long,2024-04-15,197.93,217.43,2024-04-29,9.95,Healthcare,2024,4,Monday,14.0
NIO,Long,2024-04-15,3.91,4.52,2024-04-26,15.6,Consumer Cyclical,2024,4,Monday,11.0
AMD,Long,2024-04-19,148.5,158.25,2024-04-26,6.57,Technology,2024,4,Friday,7.0
META,Short,2023-11-20,418.4,404.5,2024-04-24,3.35,Communication Services,2023,11,Monday,156.0
TSLA,Long,2024-04-22,139.95,156.05,2024-04-23,11.5,Consumer Cyclical,2024,4,Monday,1.0
LULU,Long,2024-04-16,333.5,360.0,2024-04-22,7.95,Consumer Cyclical,2024,4,Tuesday,6.0
QID,Long,2024-02-01,49.85,50.65,2024-04-19,1.67,Other/ETF,2024,2,Thursday,78.0
UBER,Short,2023-11-29,70.53,68.65,2024-04-19,2.67,Technology,2023,11,Wednesday,142.0
AVGO,Short,2023-12-12,1246.66,1222.5,2024-04-19,1.94,Technology,2023,12,Tuesday,129.0
SOXS,Short,2023-11-14,48.0,46.5,2024-04-19,-3.12,Leveraged ETF,2023,11,Tuesday,157.0
COIN,Short,2024-03-04,264.66,208.8,2024-04-16,11.0,Financial Services,2024,3,Monday,43.0
ANF,Short,2024-01-30,110.41,109.65,2024-04-16,0.69,Consumer Cyclical,2024,1,Tuesday,77.0
JPM,Short,2024-04-16,184.73,180.45,2024-12-20,2.32,Financial Services,2024,4,Tuesday,248.0
VLO,Short,2024-04-05,184.0,170.05,2024-04-15,8.2,Energy,2024,4,Friday,10.0
KWEB,Long,2024-02-20,24.85,27.5,2024-03-13,5.0,Equity / Other,2024,2,Tuesday,22.0
NEM,Long,2024-01-17,34.19,34.5,2024-03-08,5.6,Basic Materials,2024,1,Wednesday,51.0
GDX,Long,2023-06-29,28.95,29.7,2024-03-07,1.0,Equity / Other,2023,6,Thursday,252.0
GOLD,Long,2024-02-02,14.69,15.44,2024-03-04,5.11,Financial Services,2024,2,Friday,31.0
UNG,Long,2024-01-18,18.06,17.68,2024-03-04,-2.11,Commodities,2024,1,Thursday,46.0
V,Short,2024-01-18,267.81,279.15,2024-03-04,-4.23,Financial Services,2024,1,Thursday,46.0
SLV,Long,2023-12-08,21.19,21.75,2024-03-04,2.64,Equity / Other,2023,12,Friday,87.0
MCD,Short,2023-11-24,281.98,315.0,2024-03-04,-2.84,Consumer Cyclical,2023,11,Friday,101.0
GLD,Long,2023-06-27,177.47,193.21,2024-03-01,8.87,Commodities,2023,6,Tuesday,248.0
PANW,Short,2024-01-10,336.3,324.3,2024-02-20,3.57,Technology,2024,1,Wednesday,41.0
PANW,Short,2024-01-10,336.3,310.3,2024-02-20,7.73,Technology,2024,1,Wednesday,41.0
KWEB,Long,2024-01-10,23.99,25.92,2024-02-16,8.05,Equity / Other,2024,1,Wednesday,37.0
IWM,Long,2024-01-29,196.97,204.07,2024-02-15,4.13,Index ETF,2024,1,Monday,17.0
VXX,Long,2024-01-18,14.48,15.55,2024-02-13,7.39,Leveraged ETF,2024,1,Thursday,26.0
TRV,Short,2024-01-19,213.86,214.85,2024-02-09,-0.46,Financial Services,2024,1,Friday,21.0
WBA,Long,2024-01-18,21.93,22.24,2024-02-09,1.41,Equity / Other,2024,1,Thursday,22.0
HSY,Long,2023-10-12,191.06,199.25,2024-02-05,4.29,Consumer Defensive,2023,10,Thursday,116.0
SE,Long,2024-01-31,38.45,42.07,2024-02-02,9.41,Consumer Cyclical,2024,1,Wednesday,2.0
VXX,Long,2024-01-18,14.87,15.02,2024-01-31,1.01,Leveraged ETF,2024,1,Thursday,13.0
BA,Long,2024-01-25,199.93,210.15,2024-01-31,5.11,Industrials,2024,1,Thursday,6.0
AMD,Short,2024-01-24,178.07,174.11,2024-01-30,2.22,Technology,2024,1,Wednesday,6.0
BA,Long,2024-01-16,206.2,217.13,2024-01-24,5.3,Industrials,2024,1,Tuesday,8.0
UNG,Long,2024-01-18,20.8,21.15,2024-01-24,1.68,Commodities,2024,1,Thursday,6.0
SMCI,Short,2024-01-19,430.25,418.75,2024-01-22,2.67,Technology,2024,1,Friday,3.0
TBT,Long,2023-12-06,32.77,34.15,2024-01-19,4.21,Equity / Other,2023,12,Wednesday,44.0
UPST,Long,2024-01-16,29.97,32.88,2024-01-19,9.71,Financial Services,2024,1,Tuesday,3.0
BA,Long,2024-01-16,206.2,212.2,2024-01-18,2.19,Industrials,2024,1,Tuesday,2.0
AFRM,Short,2023-12-04,46.12,39.6,2024-01-17,14.14,Financial Services,2023,12,Monday,44.0
VXX,Long,2024-01-09,14.88,16.08,2024-01-17,8.06,Leveraged ETF,2024,1,Tuesday,8.0
BITI,Long,2024-01-11,11.17,12.07,2024-01-11,8.06,Equity / Other,2024,1,Thursday,0.0
BA,Short,2023-11-20,238.15,227.0,2024-01-08,4.68,Industrials,2023,11,Monday,49.0
UNG,Long,2023-11-17,5.01,5.71,2024-01-04,13.97,Commodities,2023,11,Friday,48.0
SQ,Short,2023-12-14,74.75,66.95,2024-01-04,10.43,Equity / Other,2023,12,Thursday,21.0
SOXS,Long,2025-06-02,67.2,49.7,2026-03-30,-26.04,Leveraged ETF,2025,6,Monday,301.0
SDS,Long,2025-05-01,88.2,78.1,2026-03-27,-11.45,Equity / Other,2025,5,Thursday,330.0
QID,Long,2025-04-29,29.05,23.9,2026-03-27,-17.72,Other/ETF,2025,4,Tuesday,332.0
ORCL,Long,2025-11-07,163.97,170.33,2026-03-11,3.88,Technology,2025,11,Friday,124.0
VXX,Long,2025-05-12,43.86,35.7,2026-03-06,-18.6,Leveraged ETF,2025,5,Monday,298.0
JPM,Short,2025-05-15,293.89,284.15,2026-03-06,3.31,Financial Services,2025,5,Thursday,295.0
GS,Short,2025-09-17,872.03,838.5,2026-03-02,3.85,Financial Services,2025,9,Wednesday,166.0
GM,Short,2025-12-10,83.33,78.53,2026-02-23,5.76,Consumer Cyclical,2025,12,Wednesday,75.0
GOOGL,Short,2025-09-11,303.0,298.0,2026-02-17,1.65,Communication Services,2025,9,Thursday,159.0
AXP,Short,2025-08-29,342.45,336.35,2026-02-13,1.78,Financial Services,2025,8,Friday,168.0
SQQQ,Long,2025-11-28,69.0,78.05,,13.12,Leveraged ETF,2025,11,Friday,
AVGO,Short,2025-06-02,309.55,296.55,2026-02-04,4.2,Technology,2025,6,Monday,247.0
HOOD,Short,2025-05-13,88.68,89.88,2026-02-02,-1.35,Financial Services,2025,5,Tuesday,265.0
ZSL,Long,2025-12-23,2.66,2.3,2026-01-30,-13.53,Equity / Other,2025,12,Tuesday,38.0
PLTR,Short,2025-12-05,180.5,151.85,2026-01-29,15.87,Technology,2025,12,Friday,55.0
PFE,Long,2025-10-09,24.14,26.63,2026-01-27,10.31,Healthcare,2025,10,Thursday,110.0
MSTR,Long,2025-11-19,167.69,182.05,2026-01-14,8.56,Technology,2025,11,Wednesday,56.0
FMC,Long,2025-11-04,13.75,15.5,2026-01-12,12.73,Basic Materials,2025,11,Tuesday,69.0
NFLX,Short,2023-11-20,82.0,88.4,2026-01-09,-7.34,Communication Services,2023,11,Monday,781.0
CVNA,Short,2025-12-05,455.0,406.0,2026-01-02,10.77,Consumer Cyclical,2025,12,Friday,28.0
ZSL,Long,2025-12-23,4.85,5.3,2025-12-31,9.28,Equity / Other,2025,12,Tuesday,8.0
ZSL,Long,2025-12-23,5.17,5.42,2025-12-29,4.84,Equity / Other,2025,12,Tuesday,6.0
CAVA,Long,2025-10-23,55.98,58.05,2025-12-22,3.7,Consumer Cyclical,2025,10,Thursday,60.0
AAPL,Short,2025-12-02,283.75,268.25,2025-12-18,5.46,Technology,2025,12,Tuesday,16.0
CMG,Long,2025-09-09,35.63,37.25,2025-12-17,4.55,Consumer Cyclical,2025,9,Tuesday,99.0
ORCL,Long,2025-11-07,211.4,224.6,2025-12-10,6.24,Technology,2025,11,Friday,33.0
RGTI,Long,2025-11-13,23.92,27.7,2025-12-04,15.8,Technology,2025,11,Thursday,21.0
CRCL,Long,2025-11-17,72.0,80.03,2025-11-28,11.15,Financial Services,2025,11,Monday,11.0
OKLO,Long,2025-11-25,82.45,92.45,2025-11-28,12.13,Utilities,2025,11,Tuesday,3.0
OKLO,Long,2025-11-21,82.85,92.25,2025-11-24,11.35,Utilities,2025,11,Friday,3.0
CRWD,Short,2025-11-12,547.0,488.0,2025-11-21,10.79,Technology,2025,11,Wednesday,9.0
SQQQ,Long,2025-09-18,69.15,83.0,2025-11-21,20.03,Leveraged ETF,2025,9,Thursday,64.0
MU,Short,2025-10-01,221.47,208.47,2025-11-20,5.87,Technology,2025,10,Wednesday,50.0
PLTR,Short,2025-08-26,176.54,158.0,2025-11-20,10.05,Technology,2025,8,Tuesday,86.0
MSFT,Short,2025-05-08,511.85,478.65,2025-11-20,6.49,Technology,2025,5,Thursday,196.0
SNDK,Short,2025-09-22,180.48,193.0,2025-11-20,-6.93,Technology,2025,9,Monday,59.0
COST,Short,2024-01-12,877.73,874.5,2025-11-19,0.37,Consumer Defensive,2024,1,Friday,677.0
CLS,Short,2025-10-28,335.05,297.05,2025-11-13,11.34,Technology,2025,10,Tuesday,16.0
SQQQ,Long,2025-09-18,13.83,14.83,2025-11-06,7.23,Leveraged ETF,2025,9,Thursday,49.0
CVNA,Short,2025-04-28,331.33,283.0,2025-11-07,14.59,Consumer Cyclical,2025,4,Monday,193.0
META,Short,2025-05-02,716.45,672.65,2025-10-30,6.11,Communication Services,2025,5,Friday,181.0
ORCL,Short,2025-06-13,294.38,263.0,2025-10-30,10.66,Technology,2025,6,Friday,139.0
DUST,Long,2025-09-03,13.41,12.61,2025-10-27,-5.97,Leveraged ETF,2025,9,Wednesday,54.0
RCL,Short,2025-06-06,332.17,298.5,2025-10-17,10.14,Consumer Cyclical,2025,6,Friday,133.0
OKLO,Short,2025-10-14,182.98,165.5,2025-10-15,9.55,Utilities,2025,10,Tuesday,1.0
ANET,Short,2025-09-11,155.59,137.25,2025-10-14,11.77,Technology,2025,9,Thursday,33.0
SQQQ,Long,2025-09-18,15.34,16.5,2025-10-10,7.56,Leveraged ETF,2025,9,Thursday,22.0
CVNA,Short,2025-04-28,331.33,321.33,2025-10-10,3.0,Consumer Cyclical,2025,4,Monday,165.0
STX,Short,2025-09-18,235.41,215.0,2025-10-10,6.9,Technology,2025,9,Thursday,22.0
STX,Short,2025-09-18,235.41,223.25,2025-10-07,5.12,Technology,2025,9,Thursday,19.0
APP,Short,2025-09-11,624.5,565.0,2025-10-06,7.13,Communication Services,2025,9,Thursday,25.0
PFE,Long,2023-09-28,27.69,27.63,2025-10-03,15.7,Healthcare,2023,9,Thursday,736.0
OKLO,Short,2025-09-19,132.0,117.5,2025-09-25,10.99,Utilities,2025,9,Friday,6.0
OKLO,Short,2025-09-19,132.0,127.5,2025-09-24,3.41,Utilities,2025,9,Friday,5.0
MSFT,Short,2025-05-08,511.85,506.0,2025-09-17,1.14,Technology,2025,5,Thursday,132.0
RCL,Short,2025-06-06,332.17,325.5,2025-09-16,2.01,Consumer Cyclical,2025,6,Friday,102.0
BIIB,Long,2025-03-19,130.59,145.69,2025-09-11,11.56,Healthcare,2025,3,Wednesday,176.0
BIDU,Long,2025-07-16,87.45,97.45,2025-09-03,11.44,Communication Services,2025,7,Wednesday,49.0
ADP,Short,2025-05-19,322.75,296.25,2025-09-03,8.21,Technology,2025,5,Monday,107.0
IBIT,Short,2025-07-10,67.6,62.27,2025-08-26,9.08,Equity / Other,2025,7,Thursday,47.0
PLTR,Short,2025-05-08,158.98,146.3,2025-08-20,7.98,Technology,2025,5,Thursday,104.0
MP,Short,2025-07-16,73.5,67.2,2025-08-19,8.57,Basic Materials,2025,7,Wednesday,34.0
CNC,Long,2025-08-05,26.07,28.25,2025-08-15,8.36,Healthcare,2025,8,Tuesday,10.0
SRPT,Long,2025-08-06,16.08,20.2,2025-08-13,25.62,Healthcare,2025,8,Wednesday,7.0
CRWD,Short,2025-05-28,468.7,428.7,2025-08-07,8.53,Technology,2025,5,Wednesday,71.0
AMD,Short,2025-07-29,180.35,160.65,2025-08-06,10.92,Technology,2025,7,Tuesday,8.0
RBLX,Short,2025-07-16,140.08,127.5,2025-08-01,8.98,Communication Services,2025,7,Wednesday,16.0
COIN,Short,2025-06-25,407.67,347.25,2025-07-31,14.82,Financial Services,2025,6,Wednesday,36.0
SPOT,Short,2025-05-27,693.95,625.0,2025-07-29,9.94,Communication Services,2025,5,Tuesday,63.0
SRPT,Long,2025-06-12,16.22,22.5,2025-07-28,38.72,Healthcare,2025,6,Thursday,46.0
COIN,Short,2025-06-25,407.67,375.95,2025-07-28,7.78,Financial Services,2025,6,Wednesday,33.0
WRD,Long,2025-07-08,8.3,10.01,2025-07-23,20.6,Technology,2025,7,Tuesday,15.0
SRPT,Long,2025-06-12,23.26,25.73,2025-07-16,10.62,Healthcare,2025,6,Thursday,34.0
MU,Short,2025-06-24,127.35,115.97,2025-07-16,8.94,Technology,2025,6,Tuesday,22.0
BIDU,Long,2025-05-22,84.6,94.01,2025-07-15,11.12,Communication Services,2025,5,Thursday,54.0
TNA,Long,2025-07-01,33.41,37.96,2025-07-10,13.62,Leveraged ETF,2025,7,Tuesday,9.0
PGR,Short,2025-04-15,279.5,247.5,2025-07-10,11.45,Financial Services,2025,4,Tuesday,86.0
CRCL,Short,2025-06-20,264.83,202.5,2025-06-25,23.54,Financial Services,2025,6,Friday,5.0
CVNA,Short,2025-04-28,311.39,296.39,2025-06-13,4.82,Consumer Cyclical,2025,4,Monday,46.0
SRPT,Long,2025-05-07,37.06,42.72,2025-06-06,15.27,Healthcare,2025,5,Wednesday,30.0
ENPH,Long,2025-05-22,37.75,42.55,2025-06-03,12.72,Technology,2025,5,Thursday,12.0
SOXS,Long,2025-05-29,11.57,13.57,2025-05-30,17.29,Leveraged ETF,2025,5,Thursday,1.0
SOXS,Long,2025-05-13,11.44,14.05,2025-05-23,22.81,Leveraged ETF,2025,5,Tuesday,10.0
WRD,Long,2025-03-24,9.61,11.0,2025-05-21,14.06,Technology,2025,3,Monday,58.0
BIDU,Long,2025-03-31,85.9,94.9,2025-05-21,10.48,Communication Services,2025,3,Monday,51.0
WRD,Long,2025-03-24,9.61,9.77,2025-05-12,1.67,Technology,2025,3,Monday,49.0
DECK,Long,2025-02-04,137.02,133.02,2025-05-12,-2.92,Consumer Cyclical,2025,2,Tuesday,97.0
TTD,Long,2025-02-20,59.91,135.49,2025-05-08,6.25,Communication Services,2025,2,Thursday,77.0
PLTR,Short,2025-04-28,118.0,106.3,2025-05-07,9.92,Technology,2025,4,Monday,9.0
GOOGL,Long,2025-03-31,146.17,164.67,2025-05-02,12.66,Communication Services,2025,3,Monday,32.0
CRM,Long,2025-04-04,242.5,274.3,2025-05-02,13.11,Technology,2025,4,Friday,28.0
AMZN,Long,2025-03-10,175.7,191.0,2025-05-02,8.71,Consumer Cyclical,2025,3,Monday,53.0
EWZ,Long,2025-04-21,25.15,27.4,2025-04-29,8.95,Equity / Other,2025,4,Monday,8.0
NVO,Long,2025-04-17,57.4,65.2,2025-04-29,13.59,Healthcare,2025,4,Thursday,12.0
AMD,Long,2025-04-16,85.35,96.65,2025-04-25,13.24,Technology,2025,4,Wednesday,9.0
VRT,Long,2025-03-28,69.88,84.35,2025-04-23,20.71,Industrials,2025,3,Friday,26.0
QLD,Long,2025-04-08,68.0,78.7,2025-04-09,15.74,Equity / Other,2025,4,Tuesday,1.0
SOXL,Long,2025-04-03,9.88,10.93,2025-04-09,10.63,Leveraged ETF,2025,4,Thursday,6.0
AVGO,Long,2025-03-27,155.75,177.0,2025-04-09,13.64,Technology,2025,3,Thursday,13.0
TNA,Long,2025-04-04,20.0,23.25,2025-04-09,16.25,Leveraged ETF,2025,4,Friday,5.0
GS,Long,2025-04-07,440.0,495.0,2025-04-09,12.5,Financial Services,2025,4,Monday,2.0
RDDT,Long,2025-04-04,88.0,101.1,2025-04-09,14.88,Communication Services,2025,4,Friday,5.0
UAL,Long,2025-04-03,59.05,66.25,2025-04-09,12.19,Industrials,2025,4,Thursday,6.0
AAPL,Long,2025-04-07,175.0,193.0,2025-04-09,10.29,Technology,2025,4,Monday,2.0
MU,Long,2025-04-03,67.7,75.25,2025-04-09,11.15,Technology,2025,4,Thursday,6.0
WRD,Long,2025-03-24,11.45,11.45,2025-04-09,0.0,Technology,2025,3,Monday,16.0
JPM,Long,2025-04-04,212.0,233.33,2025-04-09,10.06,Financial Services,2025,4,Friday,5.0
AVGO,Long,2025-03-27,155.75,166.0,2025-04-08,6.58,Technology,2025,3,Thursday,12.0
QLD,Long,2025-04-08,68.0,77.0,2025-04-08,13.24,Equity / Other,2025,4,Tuesday,0.0
CEG,Long,2025-04-04,170.67,190.5,2025-04-08,11.62,Utilities,2025,4,Friday,4.0
APP,Long,2025-04-07,201.0,250.0,2025-04-07,24.38,Communication Services,2025,4,Monday,0.0
HOOD,Long,2025-04-07,30.85,36.85,2025-04-07,19.45,Financial Services,2025,4,Monday,0.0
PLTR,Long,2025-04-07,67.95,78.05,2025-04-07,14.86,Technology,2025,4,Monday,0.0
GS,Short,2024-05-10,481.38,494.6,2025-04-04,-2.75,Financial Services,2024,5,Friday,329.0
MSFT,Short,2023-04-03,343.39,362.65,2025-04-04,-5.61,Technology,2023,4,Monday,732.0
TLT,Long,2024-10-29,88.12,94.12,2025-04-04,6.81,Equity / Other,2024,10,Tuesday,157.0
AAPL,Short,2023-01-27,162.92,187.45,2025-04-04,-15.05,Technology,2023,1,Friday,798.0
GDDY,Short,2023-11-29,163.43,163.83,2025-04-04,-0.24,Technology,2023,11,Wednesday,492.0
CVNA,Short,2025-03-24,210.5,186.95,2025-04-03,11.19,Consumer Cyclical,2025,3,Monday,10.0
UAL,Long,2025-04-01,64.85,71.25,2025-04-02,9.87,Industrials,2025,4,Tuesday,1.0
KBH,Short,2023-11-03,57.73,56.25,2025-03-24,2.56,Consumer Cyclical,2023,11,Friday,507.0
CAVA,Long,2025-03-07,80.5,88.25,2025-03-24,9.63,Consumer Cyclical,2025,3,Friday,17.0
TSLA,Long,2025-03-10,229.32,263.08,2025-03-24,14.72,Consumer Cyclical,2025,3,Monday,14.0
CVNA,Long,2025-03-07,174.35,193.35,2025-03-20,10.9,Consumer Cyclical,2025,3,Friday,13.0
CEG,Long,2025-03-06,203.19,220.46,2025-03-20,8.5,Utilities,2025,3,Thursday,14.0
JPM,Long,2025-03-13,224.58,242.02,2025-03-19,8.02,Financial Services,2025,3,Thursday,6.0
WRD,Long,2025-03-04,17.15,19.55,2025-03-17,13.99,Technology,2025,3,Tuesday,13.0
WMT,Short,2024-09-04,84.25,83.95,2025-03-13,0.36,Consumer Defensive,2024,9,Wednesday,190.0
APP,Long,2025-03-10,245.0,280.0,2025-03-12,14.29,Communication Services,2025,3,Monday,2.0
RDDT,Long,2025-03-10,114.85,132.5,2025-03-12,15.37,Communication Services,2025,3,Monday,2.0
BIIB,Long,2024-11-14,142.53,156.75,2025-03-10,9.98,Healthcare,2024,11,Thursday,116.0
UAL,Short,2024-09-26,65.69,68.49,2025-03-10,-4.26,Industrials,2024,9,Thursday,165.0
MA,Short,2025-01-30,572.0,535.5,2025-03-10,6.38,Financial Services,2025,1,Thursday,39.0
CELH,Long,2025-02-28,25.73,29.05,2025-03-10,12.9,Consumer Defensive,2025,2,Friday,10.0
DG,Long,2024-08-29,83.4,84.0,2025-03-10,0.72,Consumer Defensive,2024,8,Thursday,193.0
WOLF,Long,2025-02-26,5.36,6.07,2025-03-07,13.25,Technology,2025,2,Wednesday,9.0
META,Short,2024-09-19,653.0,601.0,2025-03-07,7.86,Communication Services,2024,9,Thursday,169.0
AXP,Short,2024-08-16,291.0,275.6,2025-03-06,5.29,Financial Services,2024,8,Friday,202.0
APP,Short,2024-10-14,217.6,262.6,2025-03-06,-20.6,Communication Services,2024,10,Monday,143.0
QID,Long,2024-08-13,35.25,36.34,2025-03-06,3.08,Other/ETF,2024,8,Tuesday,205.0
SDS,Long,2024-08-14,20.55,21.11,2025-03-06,2.64,Equity / Other,2024,8,Wednesday,204.0
SMCI,Long,2025-03-03,35.0,39.15,2025-03-04,11.86,Technology,2025,3,Monday,1.0
CAT,Short,2024-08-30,371.45,323.0,2025-03-04,13.04,Industrials,2024,8,Friday,186.0
RCL,Short,2024-09-17,224.35,225.0,2025-03-04,-0.29,Consumer Cyclical,2024,9,Tuesday,168.0
PLTR,Short,2024-10-09,70.8,78.8,2025-02-28,-11.29,Technology,2024,10,Wednesday,142.0
NIO,Long,2025-01-16,4.17,5.03,2025-02-27,20.62,Consumer Cyclical,2025,1,Thursday,42.0
OKLO,Long,2025-02-25,30.94,35.5,2025-02-26,14.74,Utilities,2025,2,Tuesday,1.0
JPM,Short,2025-02-06,274.0,256.7,2025-02-25,6.31,Financial Services,2025,2,Thursday,19.0
HOOD,Short,2025-01-21,52.77,48.77,2025-02-24,7.58,Financial Services,2025,1,Tuesday,34.0
RDDT,Short,2025-01-30,216.5,176.0,2025-02-20,18.71,Communication Services,2025,1,Thursday,21.0
CVNA,Short,2025-01-16,252.05,234.95,2025-02-20,6.78,Consumer Cyclical,2025,1,Thursday,35.0
CELH,Long,2024-06-13,33.94,33.5,2025-02-20,-1.3,Consumer Defensive,2024,6,Thursday,252.0
SMCI,Short,2025-02-19,65.5,55.85,2025-02-19,14.73,Technology,2025,2,Wednesday,0.0
WOLF,Long,2025-01-21,5.46,7.12,2025-02-18,30.04,Technology,2025,1,Tuesday,28.0
IQ,Long,2025-01-17,1.92,2.58,2025-02-12,32.81,Communication Services,2025,1,Friday,26.0
TSLA,Short,2024-11-08,397.5,360.5,2025-02-07,9.31,Consumer Cyclical,2024,11,Friday,91.0
BIDU,Long,2024-10-21,83.25,95.03,2025-01-30,14.15,Communication Services,2024,10,Monday,101.0
KWEB,Long,2025-01-08,27.9,32.56,2025-01-30,16.7,Equity / Other,2025,1,Wednesday,22.0
BABA,Long,2025-01-10,80.8,96.65,2025-01-28,19.62,Consumer Cyclical,2025,1,Friday,18.0
ORCL,Short,2024-08-20,158.5,156.5,2025-01-27,1.26,Technology,2024,8,Tuesday,160.0
GEV,Short,2024-04-02,296.5,327.5,2025-01-27,-10.45,Industrials,2024,4,Tuesday,300.0
ANET,Short,2025-01-22,129.25,108.5,2025-01-27,16.05,Technology,2025,1,Wednesday,5.0
CEG,Short,2025-01-23,342.0,304.0,2025-01-27,11.11,Utilities,2025,1,Thursday,4.0
SOXS,Long,2025-01-22,16.85,20.75,2025-01-27,23.15,Leveraged ETF,2025,1,Wednesday,5.0
VXX,Long,2025-01-24,41.73,47.0,2025-01-27,12.63,Leveraged ETF,2025,1,Friday,3.0
MDB,Long,2024-12-19,246.5,261.25,2025-01-24,5.98,Technology,2024,12,Thursday,36.0
WOLF,Long,2024-12-30,6.14,7.16,2025-01-16,16.61,Technology,2024,12,Monday,17.0
IRBT,Long,2025-01-14,8.1,9.5,2025-01-15,17.28,Equity / Other,2025,1,Tuesday,1.0
RGTI,Long,2025-01-13,6.34,7.74,2025-01-14,22.08,Technology,2025,1,Monday,1.0
WBA,Long,2024-04-02,11.77,11.97,2025-01-10,1.7,Equity / Other,2024,4,Tuesday,283.0
PLTR,Short,2024-10-09,65.8,65.5,2025-01-10,0.84,Technology,2024,10,Wednesday,93.0
TMUS,Short,2024-10-24,228.0,210.25,2025-01-10,7.79,Communication Services,2024,10,Thursday,78.0
RGTI,Long,2025-01-08,9.6,10.9,2025-01-08,13.54,Technology,2025,1,Wednesday,0.0
RGTI,Short,2024-12-30,19.35,14.65,2025-01-08,24.29,Technology,2024,12,Monday,9.0
MRNA,Long,2025-01-03,41.83,48.37,2025-01-07,15.64,Healthcare,2025,1,Friday,4.0
SFIX,Long,2024-12-16,3.8,4.52,2025-01-02,18.95,Consumer Cyclical,2024,12,Monday,17.0
SPXU,Long,2026-04-14,45.84,39.23,2026-05-08,-14.26,Equity / Other,2026,4,Tuesday,24.0
SOXL,Short,2026-05-06,164.63,148.83,2026-05-07,9.6,Leveraged ETF,2026,5,Wednesday,1.0
GOOGL,Short,2026-04-14,354.38,394.9,2026-05-06,-10.9,Communication Services,2026,4,Tuesday,22.0
AVGO,Short,2026-04-17,412.78,429.5,2026-05-05,-1.85,Technology,2026,4,Friday,18.0
DELL,Short,2026-04-21,212.87,208.87,2026-05-01,1.88,Technology,2026,4,Tuesday,10.0
SOXL,Short,2026-04-24,126.07,107.97,2026-04-28,14.36,Leveraged ETF,2026,4,Friday,4.0
CIEN,Short,2026-04-02,496.7,461.63,2026-04-28,3.31,Technology,2026,4,Thursday,26.0
NBIS,Short,2026-04-14,165.75,149.63,2026-04-24,9.73,Communication Services,2026,4,Tuesday,10.0
COHR,Short,2026-04-16,351.56,328.13,2026-04-23,3.61,Technology,2026,4,Thursday,7.0
MU,Short,2026-04-14,467.3,439.77,2026-04-20,5.89,Technology,2026,4,Tuesday,6.0
FIG,Long,2026-03-24,19.63,21.3,2026-04-16,5.81,Technology,2026,3,Tuesday,23.0
TTD,Long,2026-03-17,21.44,23.1,2026-04-16,3.66,Communication Services,2026,3,Tuesday,30.0
CRM,Long,2026-04-09,168.95,182.85,2026-04-16,8.23,Technology,2026,4,Thursday,7.0
TEAM,Long,2026-04-09,58.73,63.53,2026-04-15,8.17,Technology,2026,4,Thursday,6.0
ASAN,Long,2026-04-09,5.65,6.0,2026-04-15,6.19,Technology,2026,4,Thursday,6.0
BABA,Long,2026-03-03,125.7,132.15,2026-04-14,3.18,Consumer Cyclical,2026,3,Tuesday,42.0
DUOL,Long,2026-04-09,87.95,95.53,2026-04-14,8.62,Technology,2026,4,Thursday,5.0
SMR,Long,2026-03-06,10.18,11.24,2026-04-14,2.1,Industrials,2026,3,Friday,39.0
ORCL,Long,2026-03-26,140.12,150.03,2026-04-13,5.07,Technology,2026,3,Thursday,18.0
CRWD,Long,2026-04-10,367.37,395.53,2026-04-13,7.67,Technology,2026,4,Friday,3.0
ADBE,Long,2026-04-06,236.69,237.73,2026-04-13,0.44,Technology,2026,4,Monday,7.0
IONQ,Long,2026-03-11,28.82,30.86,2026-04-08,4.38,Technology,2026,3,Wednesday,28.0
VLO,Short,2026-03-11,246.06,232.3,2026-04-08,2.23,Energy,2026,3,Wednesday,28.0
NVO,Long,2026-03-30,35.33,38.13,2026-04-08,7.93,Healthcare,2026,3,Monday,9.0
MSFT,Long,2026-03-26,367.87,385.0,2026-04-08,3.64,Technology,2026,3,Thursday,13.0
WHR,Long,2026-03-19,53.6,58.07,2026-04-08,8.34,Consumer Cyclical,2026,3,Thursday,20.0
SOXS,Long,2026-04-01,35.87,40.35,2026-04-02,12.49,Leveraged ETF,2026,4,Wednesday,1.0
RGTI,Long,2026-04-02,12.87,13.97,2026-04-02,8.55,Technology,2026,4,Thursday,0.0
RBLX,Long,2026-03-10,54.16,58.85,2026-04-01,4.27,Communication Services,2026,3,Tuesday,22.0
TEAM,Long,2026-03-27,64.9,70.23,2026-04-01,8.21,Technology,2026,3,Friday,5.0
SCO,Long,2026-03-26,7.83,8.56,2026-04-01,7.96,Equity / Other,2026,3,Thursday,6.0
RGTI,Long,2026-03-30,12.75,13.7,2026-03-31,7.45,Technology,2026,3,Monday,1.0
ASAN,Long,2026-03-20,6.12,6.52,2026-03-31,5.07,Technology,2026,3,Friday,11.0
CIEN,Short,2026-03-10,392.99,391.87,2026-03-26,-0.59,Technology,2026,3,Tuesday,16.0
SCO,Long,2026-03-13,7.8,8.8,2026-03-23,8.53,Equity / Other,2026,3,Friday,10.0
NEM,Long,2026-03-23,88.81,95.73,2026-03-23,7.79,Basic Materials,2026,3,Monday,0.0
WRD,Long,2026-03-10,6.5,7.22,2026-03-23,11.08,Technology,2026,3,Tuesday,13.0
UAL,Long,2026-03-12,86.17,94.5,2026-03-17,9.67,Industrials,2026,3,Thursday,5.0
IBIT,Long,2026-03-06,38.54,41.95,2026-03-13,8.85,Equity / Other,2026,3,Friday,7.0
FMC,Long,2026-03-03,13.33,14.81,2026-03-12,11.1,Basic Materials,2026,3,Tuesday,9.0
VLO,Short,2026-03-03,225.83,215.5,2026-03-10,4.57,Energy,2026,3,Tuesday,7.0
UAL,Long,2026-03-06,89.74,96.03,2026-03-10,7.01,Industrials,2026,3,Friday,4.0
SCO,Long,2026-03-05,10.22,10.63,2026-03-09,2.4,Equity / Other,2026,3,Thursday,4.0
FDX,Short,2026-02-27,389.37,362.8,2026-03-06,6.82,Industrials,2026,2,Friday,7.0
MSFT,Long,2026-03-02,388.95,409.83,2026-03-04,5.37,Technology,2026,3,Monday,2.0
GDX,Short,2026-02-25,114.64,105.73,2026-03-03,7.77,Equity / Other,2026,2,Wednesday,6.0
TSM,Short,2026-02-24,380.55,349.43,2026-03-03,8.18,Technology,2026,2,Tuesday,7.0
SLV,Short,2026-02-27,83.85,74.5,2026-03-03,11.15,Equity / Other,2026,2,Friday,4.0
SQQQ,Long,2026-02-25,67.57,75.6,2026-03-03,11.88,Leveraged ETF,2026,2,Wednesday,6.0
STX,Short,2026-01-20,364.16,359.34,2026-03-03,1.32,Technology,2026,1,Tuesday,42.0
DUOL,Long,2026-02-04,96.79,101.13,2026-02-27,2.32,Technology,2026,2,Wednesday,23.0
SOXL,Short,2026-02-18,69.55,65.83,2026-02-26,5.35,Leveraged ETF,2026,2,Wednesday,8.0
MSFT,Long,2026-02-17,392.19,405.55,2026-02-26,2.27,Technology,2026,2,Tuesday,9.0
ASAN,Long,2026-02-23,6.81,7.32,2026-02-26,7.49,Technology,2026,2,Monday,3.0
RGTI,Long,2026-02-02,15.98,17.73,2026-02-25,7.09,Technology,2026,2,Monday,23.0
IBIT,Long,2026-02-19,36.83,38.97,2026-02-25,4.37,Equity / Other,2026,2,Thursday,6.0
WDAY,Long,2026-02-23,122.67,130.23,2026-02-25,3.24,Technology,2026,2,Monday,2.0
INTU,Long,2026-02-23,355.73,384.23,2026-02-24,8.01,Technology,2026,2,Monday,1.0
RBLX,Long,2026-02-23,59.77,64.37,2026-02-24,7.7,Communication Services,2026,2,Monday,1.0
PYPL,Long,2026-01-21,45.46,44.75,2026-02-23,-1.56,Financial Services,2026,1,Wednesday,33.0
FIG,Long,2026-01-15,22.86,24.61,2026-02-18,2.68,Technology,2026,1,Thursday,34.0
SOXL,Short,2026-02-11,68.9,60.4,2026-02-17,12.34,Leveraged ETF,2026,2,Wednesday,6.0
SDOW,Long,2026-02-10,27.8,29.83,2026-02-17,7.3,Other/ETF,2026,2,Tuesday,7.0
RDDT,Long,2026-02-12,127.87,141.75,2026-02-13,10.85,Communication Services,2026,2,Thursday,1.0
DAL,Short,2026-02-09,75.1,67.95,2026-02-12,9.52,Industrials,2026,2,Monday,3.0
CPNG,Long,2026-02-05,16.82,18.29,2026-02-09,8.74,Consumer Cyclical,2026,2,Thursday,4.0
MSTR,Long,2026-02-04,112.78,121.07,2026-02-06,4.15,Technology,2026,2,Wednesday,2.0
IBIT,Long,2026-02-05,36.77,38.72,2026-02-06,3.43,Equity / Other,2026,2,Thursday,1.0
RBLX,Long,2026-02-06,60.67,66.07,2026-02-06,8.9,Communication Services,2026,2,Friday,0.0
RBLX,Long,2026-01-22,67.75,75.25,2026-02-05,6.42,Communication Services,2026,1,Thursday,14.0
AMAT,Short,2026-01-05,317.7,303.93,2026-02-04,4.34,Technology,2026,1,Monday,30.0
BE,Short,2026-02-03,171.55,162.35,2026-02-03,5.36,Industrials,2026,2,Tuesday,0.0
SLV,Long,2026-01-30,75.99,78.55,2026-02-03,3.37,Equity / Other,2026,1,Friday,4.0
KOLD,Long,2026-01-23,17.04,18.22,2026-02-02,4.96,Equity / Other,2026,1,Friday,10.0
GLL,Long,2026-01-29,16.51,18.75,2026-01-30,13.57,Commodities,2026,1,Thursday,1.0
NEM,Short,2026-01-23,127.06,117.47,2026-01-30,7.54,Basic Materials,2026,1,Friday,7.0
SOXL,Short,2026-01-29,70.03,64.26,2026-01-30,8.24,Leveraged ETF,2026,1,Thursday,1.0
ASTS,Short,2026-01-30,129.07,115.85,2026-01-30,10.24,Technology,2026,1,Friday,0.0
GLL,Long,2026-01-28,16.29,17.15,2026-01-29,4.33,Commodities,2026,1,Wednesday,1.0
SOXL,Short,2026-01-28,70.15,65.77,2026-01-29,6.24,Leveraged ETF,2026,1,Wednesday,1.0
BE,Short,2026-01-28,165.33,156.15,2026-01-29,5.55,Industrials,2026,1,Wednesday,1.0
CVNA,Short,2026-01-07,469.85,416.93,2026-01-28,9.86,Consumer Cyclical,2026,1,Wednesday,21.0
ASML,Short,2026-01-27,1494.53,1418.97,2026-01-28,3.48,Technology,2026,1,Tuesday,1.0
